  0
SECTION
  2
HEADER
  9
$ACADVER
  1
AC1032
  9
$ACADMAINTVER
 90
4
  9
$DWGCODEPAGE
  3
ANSI_1252
  9
$LASTSAVEDBY
  1
ezdxf
  9
$REQUIREDVERSIONS
160
0
  9
$INSBASE
 10
0.0
 20
0.0
 30
0.0
  9
$EXTMIN
 10
1e+20
 20
1e+20
 30
1e+20
  9
$EXTMAX
 10
-1e+20
 20
-1e+20
 30
-1e+20
  9
$LIMMIN
 10
0.0
 20
0.0
  9
$LIMMAX
 10
420.0
 20
297.0
  9
$ORTHOMODE
 70
0
  9
$REGENMODE
 70
1
  9
$FILLMODE
 70
1
  9
$QTEXTMODE
 70
0
  9
$MIRRTEXT
 70
1
  9
$LTSCALE
 40
1.0
  9
$ATTMODE
 70
1
  9
$TEXTSIZE
 40
2.5
  9
$TRACEWID
 40
1.0
  9
$TEXTSTYLE
  7
OpenSans
  9
$CLAYER
  8
0
  9
$CELTYPE
  6
ByLayer
  9
$CECOLOR
 62
256
  9
$CELTSCALE
 40
1.0
  9
$DISPSILH
 70
0
  9
$DIMSCALE
 40
1.0
  9
$DIMASZ
 40
0.175
  9
$DIMEXO
 40
0.125
  9
$DIMDLI
 40
3.75
  9
$DIMRND
 40
0.0
  9
$DIMDLE
 40
0.0
  9
$DIMEXE
 40
0.375
  9
$DIMTP
 40
0.0
  9
$DIMTM
 40
0.0
  9
$DIMTXT
 40
0.25
  9
$DIMCEN
 40
2.5
  9
$DIMTSZ
 40
0.0
  9
$DIMTOL
 70
0
  9
$DIMLIM
 70
0
  9
$DIMTIH
 70
0
  9
$DIMTOH
 70
0
  9
$DIMSE1
 70
0
  9
$DIMSE2
 70
0
  9
$DIMTAD
 70
1
  9
$DIMZIN
 70
12
  9
$DIMBLK
  1
ARCHTICK
  9
$DIMASO
 70
1
  9
$DIMSHO
 70
1
  9
$DIMPOST
  1

  9
$DIMAPOST
  1

  9
$DIMALT
 70
0
  9
$DIMALTD
 70
3
  9
$DIMALTF
 40
0.03937007874
  9
$DIMLFAC
 40
100.0
  9
$DIMTOFL
 70
1
  9
$DIMTVP
 40
0.0
  9
$DIMTIX
 70
0
  9
$DIMSOXD
 70
0
  9
$DIMSAH
 70
0
  9
$DIMBLK1
  1

  9
$DIMBLK2
  1

  9
$DIMSTYLE
  2
EZDXF
  9
$DIMCLRD
 70
0
  9
$DIMCLRE
 70
0
  9
$DIMCLRT
 70
0
  9
$DIMTFAC
 40
0.5
  9
$DIMGAP
 40
0.1
  9
$DIMJUST
 70
0
  9
$DIMSD1
 70
0
  9
$DIMSD2
 70
0
  9
$DIMTOLJ
 70
0
  9
$DIMTZIN
 70
8
  9
$DIMALTZ
 70
0
  9
$DIMALTTZ
 70
0
  9
$DIMUPT
 70
1
  9
$DIMDEC
 70
2
  9
$DIMTDEC
 70
2
  9
$DIMALTU
 70
2
  9
$DIMALTTD
 70
3
  9
$DIMTXSTY
  7
OpenSansCondensed-Light
  9
$DIMAUNIT
 70
0
  9
$DIMADEC
 70
2
  9
$DIMALTRND
 40
0.0
  9
$DIMAZIN
 70
3
  9
$DIMDSEP
 70
46
  9
$DIMATFIT
 70
3
  9
$DIMFRAC
 70
0
  9
$DIMLDRBLK
  1

  9
$DIMLUNIT
 70
2
  9
$DIMLWD
 70
-2
  9
$DIMLWE
 70
-2
  9
$DIMTMOVE
 70
2
  9
$DIMFXL
 40
1.0
  9
$DIMFXLON
 70
0
  9
$DIMJOGANG
 40
0.785398163397
  9
$DIMTFILL
 70
0
  9
$DIMTFILLCLR
 70
0
  9
$DIMARCSYM
 70
0
  9
$DIMLTYPE
  6

  9
$DIMLTEX1
  6

  9
$DIMLTEX2
  6

  9
$DIMTXTDIRECTION
 70
0
  9
$LUNITS
 70
2
  9
$LUPREC
 70
4
  9
$SKETCHINC
 40
1.0
  9
$FILLETRAD
 40
10.0
  9
$AUNITS
 70
0
  9
$AUPREC
 70
2
  9
$MENU
  1
.
  9
$ELEVATION
 40
0.0
  9
$PELEVATION
 40
0.0
  9
$THICKNESS
 40
0.0
  9
$LIMCHECK
 70
0
  9
$CHAMFERA
 40
0.0
  9
$CHAMFERB
 40
0.0
  9
$CHAMFERC
 40
0.0
  9
$CHAMFERD
 40
0.0
  9
$SKPOLY
 70
0
  9
$TDCREATE
 40
2461279.672627315
  9
$TDUCREATE
 40
2458532.153996898
  9
$TDUPDATE
 40
2461279.672627315
  9
$TDUUPDATE
 40
2458532.1544311
  9
$TDINDWG
 40
0.0
  9
$TDUSRTIMER
 40
0.0
  9
$USRTIMER
 70
1
  9
$ANGBASE
 50
0.0
  9
$ANGDIR
 70
0
  9
$PDMODE
 70
0
  9
$PDSIZE
 40
0.0
  9
$PLINEWID
 40
0.0
  9
$SPLFRAME
 70
0
  9
$SPLINETYPE
 70
6
  9
$SPLINESEGS
 70
8
  9
$HANDSEED
  5
4DA
  9
$SURFTAB1
 70
6
  9
$SURFTAB2
 70
6
  9
$SURFTYPE
 70
6
  9
$SURFU
 70
6
  9
$SURFV
 70
6
  9
$UCSBASE
  2

  9
$UCSNAME
  2

  9
$UCSORG
 10
0.0
 20
0.0
 30
0.0
  9
$UCSXDIR
 10
1.0
 20
0.0
 30
0.0
  9
$UCSYDIR
 10
0.0
 20
1.0
 30
0.0
  9
$UCSORTHOREF
  2

  9
$UCSORTHOVIEW
 70
0
  9
$UCSORGTOP
 10
0.0
 20
0.0
 30
0.0
  9
$UCSORGBOTTOM
 10
0.0
 20
0.0
 30
0.0
  9
$UCSORGLEFT
 10
0.0
 20
0.0
 30
0.0
  9
$UCSORGRIGHT
 10
0.0
 20
0.0
 30
0.0
  9
$UCSORGFRONT
 10
0.0
 20
0.0
 30
0.0
  9
$UCSORGBACK
 10
0.0
 20
0.0
 30
0.0
  9
$PUCSBASE
  2

  9
$PUCSNAME
  2

  9
$PUCSORG
 10
0.0
 20
0.0
 30
0.0
  9
$PUCSXDIR
 10
1.0
 20
0.0
 30
0.0
  9
$PUCSYDIR
 10
0.0
 20
1.0
 30
0.0
  9
$PUCSORTHOREF
  2

  9
$PUCSORTHOVIEW
 70
0
  9
$PUCSORGTOP
 10
0.0
 20
0.0
 30
0.0
  9
$PUCSORGBOTTOM
 10
0.0
 20
0.0
 30
0.0
  9
$PUCSORGLEFT
 10
0.0
 20
0.0
 30
0.0
  9
$PUCSORGRIGHT
 10
0.0
 20
0.0
 30
0.0
  9
$PUCSORGFRONT
 10
0.0
 20
0.0
 30
0.0
  9
$PUCSORGBACK
 10
0.0
 20
0.0
 30
0.0
  9
$USERI1
 70
0
  9
$USERI2
 70
0
  9
$USERI3
 70
0
  9
$USERI4
 70
0
  9
$USERI5
 70
0
  9
$USERR1
 40
0.0
  9
$USERR2
 40
0.0
  9
$USERR3
 40
0.0
  9
$USERR4
 40
0.0
  9
$USERR5
 40
0.0
  9
$WORLDVIEW
 70
1
  9
$SHADEDGE
 70
3
  9
$SHADEDIF
 70
70
  9
$TILEMODE
 70
1
  9
$MAXACTVP
 70
64
  9
$PINSBASE
 10
0.0
 20
0.0
 30
0.0
  9
$PLIMCHECK
 70
0
  9
$PEXTMIN
 10
1e+20
 20
1e+20
 30
1e+20
  9
$PEXTMAX
 10
-1e+20
 20
-1e+20
 30
-1e+20
  9
$PLIMMIN
 10
0.0
 20
0.0
  9
$PLIMMAX
 10
420.0
 20
297.0
  9
$UNITMODE
 70
0
  9
$VISRETAIN
 70
1
  9
$PLINEGEN
 70
0
  9
$PSLTSCALE
 70
1
  9
$TREEDEPTH
 70
3020
  9
$CMLSTYLE
  2
Standard
  9
$CMLJUST
 70
0
  9
$CMLSCALE
 40
20.0
  9
$PROXYGRAPHICS
 70
1
  9
$MEASUREMENT
 70
0
  9
$CELWEIGHT
370
-1
  9
$ENDCAPS
280
0
  9
$JOINSTYLE
280
0
  9
$LWDISPLAY
290
0
  9
$INSUNITS
 70
1
  9
$HYPERLINKBASE
  1

  9
$STYLESHEET
  1

  9
$XEDIT
290
1
  9
$CEPSNTYPE
380
0
  9
$PSTYLEMODE
290
1
  9
$FINGERPRINTGUID
  2
{F8B0FD07-61A4-42CE-8A6E-EBBD794BCC82}
  9
$VERSIONGUID
  2
{AEA9A8E8-65B7-4C77-BF08-8622E3D8E79B}
  9
$EXTNAMES
290
1
  9
$PSVPSCALE
 40
0.0
  9
$OLESTARTUP
290
0
  9
$SORTENTS
280
127
  9
$INDEXCTL
280
0
  9
$HIDETEXT
280
1
  9
$XCLIPFRAME
280
1
  9
$HALOGAP
280
0
  9
$OBSCOLOR
 70
257
  9
$OBSLTYPE
280
0
  9
$INTERSECTIONDISPLAY
280
0
  9
$INTERSECTIONCOLOR
 70
257
  9
$DIMASSOC
280
2
  9
$PROJECTNAME
  1

  9
$CAMERADISPLAY
290
0
  9
$LENSLENGTH
 40
50.0
  9
$CAMERAHEIGHT
 40
0.0
  9
$STEPSPERSEC
 40
24.0
  9
$STEPSIZE
 40
100.0
  9
$3DDWFPREC
 40
2.0
  9
$PSOLWIDTH
 40
0.005
  9
$PSOLHEIGHT
 40
0.08
  9
$LOFTANG1
 40
1.570796326795
  9
$LOFTANG2
 40
1.570796326795
  9
$LOFTMAG1
 40
0.0
  9
$LOFTMAG2
 40
0.0
  9
$LOFTPARAM
 70
7
  9
$LOFTNORMALS
280
1
  9
$LATITUDE
 40
37.795
  9
$LONGITUDE
 40
-122.394
  9
$NORTHDIRECTION
 40
0.0
  9
$TIMEZONE
 70
-8000
  9
$LIGHTGLYPHDISPLAY
280
1
  9
$TILEMODELIGHTSYNCH
280
1
  9
$CMATERIAL
347
20
  9
$SOLIDHIST
280
0
  9
$SHOWHIST
280
1
  9
$DWFFRAME
280
2
  9
$DGNFRAME
280
2
  9
$REALWORLDSCALE
290
1
  9
$INTERFERECOLOR
 62
256
  9
$CSHADOW
280
0
  9
$SHADOWPLANELOCATION
 40
0.0
  0
ENDSEC
  0
SECTION
  2
CLASSES
  0
CLASS
  1
ACDBDICTIONARYWDFLT
  2
AcDbDictionaryWithDefault
  3
ObjectDBX Classes
 90
0
 91
0
280
0
281
0
  0
CLASS
  1
SUN
  2
AcDbSun
  3
SCENEOE
 90
1153
 91
0
280
0
281
0
  0
CLASS
  1
VISUALSTYLE
  2
AcDbVisualStyle
  3
ObjectDBX Classes
 90
4095
 91
0
280
0
281
0
  0
CLASS
  1
MATERIAL
  2
AcDbMaterial
  3
ObjectDBX Classes
 90
1153
 91
0
280
0
281
0
  0
CLASS
  1
SCALE
  2
AcDbScale
  3
ObjectDBX Classes
 90
1153
 91
0
280
0
281
0
  0
CLASS
  1
TABLESTYLE
  2
AcDbTableStyle
  3
ObjectDBX Classes
 90
4095
 91
0
280
0
281
0
  0
CLASS
  1
MLEADERSTYLE
  2
AcDbMLeaderStyle
  3
ACDB_MLEADERSTYLE_CLASS
 90
4095
 91
0
280
0
281
0
  0
CLASS
  1
DICTIONARYVAR
  2
AcDbDictionaryVar
  3
ObjectDBX Classes
 90
0
 91
0
280
0
281
0
  0
CLASS
  1
CELLSTYLEMAP
  2
AcDbCellStyleMap
  3
ObjectDBX Classes
 90
1152
 91
0
280
0
281
0
  0
CLASS
  1
MENTALRAYRENDERSETTINGS
  2
AcDbMentalRayRenderSettings
  3
SCENEOE
 90
1024
 91
0
280
0
281
0
  0
CLASS
  1
ACDBDETAILVIEWSTYLE
  2
AcDbDetailViewStyle
  3
ObjectDBX Classes
 90
1025
 91
0
280
0
281
0
  0
CLASS
  1
ACDBSECTIONVIEWSTYLE
  2
AcDbSectionViewStyle
  3
ObjectDBX Classes
 90
1025
 91
0
280
0
281
0
  0
CLASS
  1
RASTERVARIABLES
  2
AcDbRasterVariables
  3
ISM
 90
0
 91
0
280
0
281
0
  0
CLASS
  1
LAYOUT
  2
AcDbLayout
  3
ObjectDBX Classes
 90
0
 91
0
280
0
281
0
  0
CLASS
  1
ACDBPLACEHOLDER
  2
AcDbPlaceHolder
  3
ObjectDBX Classes
 90
0
 91
0
280
0
281
0
  0
ENDSEC
  0
SECTION
  2
TABLES
  0
TABLE
  2
VPORT
  5
8
330
0
100
AcDbSymbolTable
 70
1
  0
VPORT
  5
23
330
8
100
AcDbSymbolTableRecord
100
AcDbViewportTableRecord
  2
*Active
 70
0
 10
0.0
 20
0.0
 11
1.0
 21
1.0
 12
0.0
 22
0.0
 13
0.0
 23
0.0
 14
0.5
 24
0.5
 15
0.5
 25
0.5
 16
0.0
 26
0.0
 36
1.0
 17
0.0
 27
0.0
 37
0.0
 40
1000.0
 41
1.34
 42
50.0
 43
0.0
 44
0.0
 50
0.0
 51
0.0
 71
0
 72
1000
 73
1
 74
3
 75
0
 76
0
 77
0
 78
0
281
0
 65
0
146
0.0
  0
ENDTAB
  0
TABLE
  2
LTYPE
  5
2
330
0
100
AcDbSymbolTable
 70
21
  0
LTYPE
  5
24
330
2
100
AcDbSymbolTableRecord
100
AcDbLinetypeTableRecord
  2
ByBlock
 70
0
  3

 72
65
 73
0
 40
0.0
  0
LTYPE
  5
25
330
2
100
AcDbSymbolTableRecord
100
AcDbLinetypeTableRecord
  2
ByLayer
 70
0
  3

 72
65
 73
0
 40
0.0
  0
LTYPE
  5
26
330
2
100
AcDbSymbolTableRecord
100
AcDbLinetypeTableRecord
  2
Continuous
 70
0
  3

 72
65
 73
0
 40
0.0
  0
LTYPE
  5
2F
330
2
100
AcDbSymbolTableRecord
100
AcDbLinetypeTableRecord
  2
CENTER
 70
0
  3
Center ____ _ ____ _ ____ _ ____ _ ____ _ ____
 72
65
 73
4
 40
5.08
 49
3.175
 74
0
 49
-0.635
 74
0
 49
0.635
 74
0
 49
-0.635
 74
0
  0
LTYPE
  5
30
330
2
100
AcDbSymbolTableRecord
100
AcDbLinetypeTableRecord
  2
CENTERX2
 70
0
  3
Center (2x) ________  __  ________  __  ________
 72
65
 73
4
 40
8.89
 49
6.35
 74
0
 49
-0.635
 74
0
 49
1.27
 74
0
 49
-0.635
 74
0
  0
LTYPE
  5
31
330
2
100
AcDbSymbolTableRecord
100
AcDbLinetypeTableRecord
  2
CENTER2
 70
0
  3
Center (.5x) ____ _ ____ _ ____ _ ____ _ ____
 72
65
 73
4
 40
2.54
 49
1.587
 74
0
 49
-0.318
 74
0
 49
0.318
 74
0
 49
-0.318
 74
0
  0
LTYPE
  5
32
330
2
100
AcDbSymbolTableRecord
100
AcDbLinetypeTableRecord
  2
DASHED
 70
0
  3
Dashed __ __ __ __ __ __ __ __ __ __ __ __ __ _
 72
65
 73
2
 40
1.524
 49
1.27
 74
0
 49
-0.254
 74
0
  0
LTYPE
  5
33
330
2
100
AcDbSymbolTableRecord
100
AcDbLinetypeTableRecord
  2
DASHEDX2
 70
0
  3
Dashed (2x) ____  ____  ____  ____  ____  ____
 72
65
 73
2
 40
3.048
 49
2.54
 74
0
 49
-0.508
 74
0
  0
LTYPE
  5
34
330
2
100
AcDbSymbolTableRecord
100
AcDbLinetypeTableRecord
  2
DASHED2
 70
0
  3
Dashed (.5x) _ _ _ _ _ _ _ _ _ _ _ _ _ _
 72
65
 73
2
 40
0.762
 49
0.635
 74
0
 49
-0.127
 74
0
  0
LTYPE
  5
35
330
2
100
AcDbSymbolTableRecord
100
AcDbLinetypeTableRecord
  2
PHANTOM
 70
0
  3
Phantom ______  __  __  ______  __  __  ______
 72
65
 73
6
 40
6.35
 49
3.175
 74
0
 49
-0.635
 74
0
 49
0.635
 74
0
 49
-0.635
 74
0
 49
0.635
 74
0
 49
-0.635
 74
0
  0
LTYPE
  5
36
330
2
100
AcDbSymbolTableRecord
100
AcDbLinetypeTableRecord
  2
PHANTOMX2
 70
0
  3
Phantom (2x)____________    ____    ____    ____________
 72
65
 73
6
 40
10.795
 49
6.35
 74
0
 49
-0.635
 74
0
 49
1.27
 74
0
 49
-0.635
 74
0
 49
1.27
 74
0
 49
-0.635
 74
0
  0
LTYPE
  5
37
330
2
100
AcDbSymbolTableRecord
100
AcDbLinetypeTableRecord
  2
PHANTOM2
 70
0
  3
Phantom (.5x) ___ _ _ ___ _ _ ___ _ _ ___ _ _ ___
 72
65
 73
6
 40
3.175
 49
1.587
 74
0
 49
-0.318
 74
0
 49
0.318
 74
0
 49
-0.318
 74
0
 49
0.318
 74
0
 49
-0.318
 74
0
  0
LTYPE
  5
38
330
2
100
AcDbSymbolTableRecord
100
AcDbLinetypeTableRecord
  2
DASHDOT
 70
0
  3
Dash dot __ . __ . __ . __ . __ . __ . __ . __
 72
65
 73
4
 40
3.556
 49
2.54
 74
0
 49
-0.508
 74
0
 49
0.0
 74
0
 49
-0.508
 74
0
  0
LTYPE
  5
39
330
2
100
AcDbSymbolTableRecord
100
AcDbLinetypeTableRecord
  2
DASHDOTX2
 70
0
  3
Dash dot (2x) ____  .  ____  .  ____  .  ____
 72
65
 73
4
 40
6.096
 49
5.08
 74
0
 49
-0.508
 74
0
 49
0.0
 74
0
 49
-0.508
 74
0
  0
LTYPE
  5
3A
330
2
100
AcDbSymbolTableRecord
100
AcDbLinetypeTableRecord
  2
DASHDOT2
 70
0
  3
Dash dot (.5x) _ . _ . _ . _ . _ . _ . _ . _
 72
65
 73
4
 40
1.778
 49
1.27
 74
0
 49
-0.254
 74
0
 49
0.0
 74
0
 49
-0.254
 74
0
  0
LTYPE
  5
3B
330
2
100
AcDbSymbolTableRecord
100
AcDbLinetypeTableRecord
  2
DOT
 70
0
  3
Dot .  .  .  .  .  .  .  .  .  .  .  .  .  .  .  .
 72
65
 73
2
 40
0.508
 49
0.0
 74
0
 49
-0.508
 74
0
  0
LTYPE
  5
3C
330
2
100
AcDbSymbolTableRecord
100
AcDbLinetypeTableRecord
  2
DOTX2
 70
0
  3
Dot (2x) .    .    .    .    .    .    .    . 
 72
65
 73
2
 40
1.016
 49
0.0
 74
0
 49
-1.016
 74
0
  0
LTYPE
  5
3D
330
2
100
AcDbSymbolTableRecord
100
AcDbLinetypeTableRecord
  2
DOT2
 70
0
  3
Dot (.5) . . . . . . . . . . . . . . . . . . . 
 72
65
 73
2
 40
0.254
 49
0.0
 74
0
 49
-0.254
 74
0
  0
LTYPE
  5
3E
330
2
100
AcDbSymbolTableRecord
100
AcDbLinetypeTableRecord
  2
DIVIDE
 70
0
  3
Divide __ . . __ . . __ . . __ . . __ . . __
 72
65
 73
6
 40
4.064
 49
2.54
 74
0
 49
-0.508
 74
0
 49
0.0
 74
0
 49
-0.508
 74
0
 49
0.0
 74
0
 49
-0.508
 74
0
  0
LTYPE
  5
3F
330
2
100
AcDbSymbolTableRecord
100
AcDbLinetypeTableRecord
  2
DIVIDEX2
 70
0
  3
Divide (2x) ____  . .  ____  . .  ____  . .  ____
 72
65
 73
6
 40
6.604
 49
5.08
 74
0
 49
-0.508
 74
0
 49
0.0
 74
0
 49
-0.508
 74
0
 49
0.0
 74
0
 49
-0.508
 74
0
  0
LTYPE
  5
40
330
2
100
AcDbSymbolTableRecord
100
AcDbLinetypeTableRecord
  2
DIVIDE2
 70
0
  3
Divide(.5x) _ . _ . _ . _ . _ . _ . _ . _
 72
65
 73
6
 40
2.032
 49
1.27
 74
0
 49
-0.254
 74
0
 49
0.0
 74
0
 49
-0.254
 74
0
 49
0.0
 74
0
 49
-0.254
 74
0
  0
ENDTAB
  0
TABLE
  2
LAYER
  5
1
330
0
100
AcDbSymbolTable
 70
21
  0
LAYER
  5
27
330
1
100
AcDbSymbolTableRecord
100
AcDbLayerTableRecord
  2
0
 70
0
 62
7
  6
Continuous
370
-3
390
13
347
21
  0
LAYER
  5
28
330
1
100
AcDbSymbolTableRecord
100
AcDbLayerTableRecord
  2
Defpoints
 70
0
 62
7
  6
Continuous
290
0
370
-3
390
13
347
21
  0
LAYER
  5
8A
330
1
100
AcDbSymbolTableRecord
100
AcDbLayerTableRecord
  2
A-WALL
 70
0
 62
7
  6
Continuous
370
-3
390
13
347
21
  0
LAYER
  5
8B
330
1
100
AcDbSymbolTableRecord
100
AcDbLayerTableRecord
  2
A-WALL-PATT
 70
0
 62
9
  6
Continuous
370
-3
390
13
347
21
  0
LAYER
  5
8C
330
1
100
AcDbSymbolTableRecord
100
AcDbLayerTableRecord
  2
A-COLUMN
 70
0
 62
1
  6
Continuous
370
-3
390
13
347
21
  0
LAYER
  5
8D
330
1
100
AcDbSymbolTableRecord
100
AcDbLayerTableRecord
  2
A-DOOR
 70
0
 62
2
  6
Continuous
370
-3
390
13
347
21
  0
LAYER
  5
8E
330
1
100
AcDbSymbolTableRecord
100
AcDbLayerTableRecord
  2
A-WINDOW
 70
0
 62
4
  6
Continuous
370
-3
390
13
347
21
  0
LAYER
  5
8F
330
1
100
AcDbSymbolTableRecord
100
AcDbLayerTableRecord
  2
A-JALI
 70
0
 62
6
  6
Continuous
370
-3
390
13
347
21
  0
LAYER
  5
90
330
1
100
AcDbSymbolTableRecord
100
AcDbLayerTableRecord
  2
A-BAY
 70
0
 62
3
  6
Continuous
370
-3
390
13
347
21
  0
LAYER
  5
91
330
1
100
AcDbSymbolTableRecord
100
AcDbLayerTableRecord
  2
A-FURN
 70
0
 62
1
  6
Continuous
370
-3
390
13
347
21
  0
LAYER
  5
92
330
1
100
AcDbSymbolTableRecord
100
AcDbLayerTableRecord
  2
A-DIM
 70
0
 62
4
  6
Continuous
370
-3
390
13
347
21
  0
LAYER
  5
93
330
1
100
AcDbSymbolTableRecord
100
AcDbLayerTableRecord
  2
A-TEXT
 70
0
 62
7
  6
Continuous
370
-3
390
13
347
21
  0
LAYER
  5
94
330
1
100
AcDbSymbolTableRecord
100
AcDbLayerTableRecord
  2
A-TEXT-TTL
 70
0
 62
7
  6
Continuous
370
-3
390
13
347
21
  0
LAYER
  5
95
330
1
100
AcDbSymbolTableRecord
100
AcDbLayerTableRecord
  2
A-GRID
 70
0
 62
6
  6
Continuous
370
-3
390
13
347
21
  0
LAYER
  5
96
330
1
100
AcDbSymbolTableRecord
100
AcDbLayerTableRecord
  2
A-HATCH
 70
0
 62
8
  6
Continuous
370
-3
390
13
347
21
  0
LAYER
  5
97
330
1
100
AcDbSymbolTableRecord
100
AcDbLayerTableRecord
  2
A-SITE
 70
0
 62
2
  6
Continuous
370
-3
390
13
347
21
  0
LAYER
  5
98
330
1
100
AcDbSymbolTableRecord
100
AcDbLayerTableRecord
  2
A-ROOF
 70
0
 62
5
  6
Continuous
370
-3
390
13
347
21
  0
LAYER
  5
99
330
1
100
AcDbSymbolTableRecord
100
AcDbLayerTableRecord
  2
A-SECT-CUT
 70
0
 62
1
  6
Continuous
370
-3
390
13
347
21
  0
LAYER
  5
9A
330
1
100
AcDbSymbolTableRecord
100
AcDbLayerTableRecord
  2
A-TTLB
 70
0
 62
7
  6
Continuous
370
-3
390
13
347
21
  0
LAYER
  5
9B
330
1
100
AcDbSymbolTableRecord
100
AcDbLayerTableRecord
  2
A-LOCKER
 70
0
 62
3
  6
Continuous
370
-3
390
13
347
21
  0
LAYER
  5
9C
330
1
100
AcDbSymbolTableRecord
100
AcDbLayerTableRecord
  2
A-ACC
 70
0
 62
5
  6
Continuous
370
-3
390
13
347
21
  0
ENDTAB
  0
TABLE
  2
STYLE
  5
5
330
0
100
AcDbSymbolTable
 70
28
  0
STYLE
  5
29
330
5
100
AcDbSymbolTableRecord
100
AcDbTextStyleTableRecord
  2
Standard
 70
0
 40
0.0
 41
1.0
 50
0.0
 71
0
 42
2.5
  3
txt
  4

  0
STYLE
  5
41
330
5
100
AcDbSymbolTableRecord
100
AcDbTextStyleTableRecord
  2
OpenSans-Light
 70
0
 40
0.0
 41
1.0
 50
0.0
 71
0
 42
2.5
  3
OpenSans-Light.ttf
  4

  0
STYLE
  5
42
330
5
100
AcDbSymbolTableRecord
100
AcDbTextStyleTableRecord
  2
OpenSans-Light-Italic
 70
0
 40
0.0
 41
1.0
 50
0.0
 71
0
 42
2.5
  3
OpenSans-LightItalic.ttf
  4

  0
STYLE
  5
43
330
5
100
AcDbSymbolTableRecord
100
AcDbTextStyleTableRecord
  2
OpenSans
 70
0
 40
0.0
 41
1.0
 50
0.0
 71
0
 42
2.5
  3
OpenSans-Regular.ttf
  4

  0
STYLE
  5
44
330
5
100
AcDbSymbolTableRecord
100
AcDbTextStyleTableRecord
  2
OpenSans-Italic
 70
0
 40
0.0
 41
1.0
 50
0.0
 71
0
 42
2.5
  3
OpenSans-Italic.ttf
  4

  0
STYLE
  5
45
330
5
100
AcDbSymbolTableRecord
100
AcDbTextStyleTableRecord
  2
OpenSans-SemiBold
 70
0
 40
0.0
 41
1.0
 50
0.0
 71
0
 42
2.5
  3
OpenSans-SemiBold.ttf
  4

  0
STYLE
  5
46
330
5
100
AcDbSymbolTableRecord
100
AcDbTextStyleTableRecord
  2
OpenSans-SemiBoldItalic
 70
0
 40
0.0
 41
1.0
 50
0.0
 71
0
 42
2.5
  3
OpenSans-SemiBoldItalic.ttf
  4

  0
STYLE
  5
47
330
5
100
AcDbSymbolTableRecord
100
AcDbTextStyleTableRecord
  2
OpenSans-Bold
 70
0
 40
0.0
 41
1.0
 50
0.0
 71
0
 42
2.5
  3
OpenSans-Bold.ttf
  4

  0
STYLE
  5
48
330
5
100
AcDbSymbolTableRecord
100
AcDbTextStyleTableRecord
  2
OpenSans-BoldItalic
 70
0
 40
0.0
 41
1.0
 50
0.0
 71
0
 42
2.5
  3
OpenSans-BoldItalic.ttf
  4

  0
STYLE
  5
49
330
5
100
AcDbSymbolTableRecord
100
AcDbTextStyleTableRecord
  2
OpenSans-ExtraBold
 70
0
 40
0.0
 41
1.0
 50
0.0
 71
0
 42
2.5
  3
OpenSans-ExtraBold.ttf
  4

  0
STYLE
  5
4A
330
5
100
AcDbSymbolTableRecord
100
AcDbTextStyleTableRecord
  2
OpenSans-ExtraBoldItalic
 70
0
 40
0.0
 41
1.0
 50
0.0
 71
0
 42
2.5
  3
OpenSans-ExtraBoldItalic.ttf
  4

  0
STYLE
  5
4B
330
5
100
AcDbSymbolTableRecord
100
AcDbTextStyleTableRecord
  2
OpenSansCondensed-Bold
 70
0
 40
0.0
 41
1.0
 50
0.0
 71
0
 42
2.5
  3
OpenSansCondensed-Bold.ttf
  4

  0
STYLE
  5
4C
330
5
100
AcDbSymbolTableRecord
100
AcDbTextStyleTableRecord
  2
OpenSansCondensed-Light
 70
0
 40
0.0
 41
1.0
 50
0.0
 71
0
 42
2.5
  3
OpenSansCondensed-Light.ttf
  4

  0
STYLE
  5
4D
330
5
100
AcDbSymbolTableRecord
100
AcDbTextStyleTableRecord
  2
OpenSansCondensed-Italic
 70
0
 40
0.0
 41
1.0
 50
0.0
 71
0
 42
2.5
  3
OpenSansCondensed-LightItalic.ttf
  4

  0
STYLE
  5
4E
330
5
100
AcDbSymbolTableRecord
100
AcDbTextStyleTableRecord
  2
LiberationSans
 70
0
 40
0.0
 41
1.0
 50
0.0
 71
0
 42
2.5
  3
LiberationSans-Regular.ttf
  4

  0
STYLE
  5
4F
330
5
100
AcDbSymbolTableRecord
100
AcDbTextStyleTableRecord
  2
LiberationSans-Bold
 70
0
 40
0.0
 41
1.0
 50
0.0
 71
0
 42
2.5
  3
LiberationSans-Bold.ttf
  4

  0
STYLE
  5
50
330
5
100
AcDbSymbolTableRecord
100
AcDbTextStyleTableRecord
  2
LiberationSans-BoldItalic
 70
0
 40
0.0
 41
1.0
 50
0.0
 71
0
 42
2.5
  3
LiberationSans-BoldItalic.ttf
  4

  0
STYLE
  5
51
330
5
100
AcDbSymbolTableRecord
100
AcDbTextStyleTableRecord
  2
LiberationSans-Italic
 70
0
 40
0.0
 41
1.0
 50
0.0
 71
0
 42
2.5
  3
LiberationSans-Italic.ttf
  4

  0
STYLE
  5
52
330
5
100
AcDbSymbolTableRecord
100
AcDbTextStyleTableRecord
  2
LiberationSerif
 70
0
 40
0.0
 41
1.0
 50
0.0
 71
0
 42
2.5
  3
LiberationSerif-Regular.ttf
  4

  0
STYLE
  5
53
330
5
100
AcDbSymbolTableRecord
100
AcDbTextStyleTableRecord
  2
LiberationSerif-Bold
 70
0
 40
0.0
 41
1.0
 50
0.0
 71
0
 42
2.5
  3
LiberationSerif-Bold.ttf
  4

  0
STYLE
  5
54
330
5
100
AcDbSymbolTableRecord
100
AcDbTextStyleTableRecord
  2
LiberationSerif-BoldItalic
 70
0
 40
0.0
 41
1.0
 50
0.0
 71
0
 42
2.5
  3
LiberationSerif-BoldItalic.ttf
  4

  0
STYLE
  5
55
330
5
100
AcDbSymbolTableRecord
100
AcDbTextStyleTableRecord
  2
LiberationSerif-Italic
 70
0
 40
0.0
 41
1.0
 50
0.0
 71
0
 42
2.5
  3
LiberationSerif-Italic.ttf
  4

  0
STYLE
  5
56
330
5
100
AcDbSymbolTableRecord
100
AcDbTextStyleTableRecord
  2
LiberationMono
 70
0
 40
0.0
 41
1.0
 50
0.0
 71
0
 42
2.5
  3
LiberationMono-Regular.ttf
  4

  0
STYLE
  5
57
330
5
100
AcDbSymbolTableRecord
100
AcDbTextStyleTableRecord
  2
LiberationMono-Bold
 70
0
 40
0.0
 41
1.0
 50
0.0
 71
0
 42
2.5
  3
LiberationMono-Bold.ttf
  4

  0
STYLE
  5
58
330
5
100
AcDbSymbolTableRecord
100
AcDbTextStyleTableRecord
  2
LiberationMono-BoldItalic
 70
0
 40
0.0
 41
1.0
 50
0.0
 71
0
 42
2.5
  3
LiberationMono-BoldItalic.ttf
  4

  0
STYLE
  5
59
330
5
100
AcDbSymbolTableRecord
100
AcDbTextStyleTableRecord
  2
LiberationMono-Italic
 70
0
 40
0.0
 41
1.0
 50
0.0
 71
0
 42
2.5
  3
LiberationMono-Italic.ttf
  4

  0
STYLE
  5
9D
330
5
100
AcDbSymbolTableRecord
100
AcDbTextStyleTableRecord
  2
ARCH-STYLE
 70
0
 40
0.0
 41
1.0
 50
0.0
 71
0
 42
2.5
  3
ARCHITXT.TTF
  4

  0
STYLE
  5
9E
330
5
100
AcDbSymbolTableRecord
100
AcDbTextStyleTableRecord
  2
SIMPLEX
 70
0
 40
0.0
 41
1.0
 50
0.0
 71
0
 42
2.5
  3
simplex.shx
  4

  0
ENDTAB
  0
TABLE
  2
VIEW
  5
7
330
0
100
AcDbSymbolTable
 70
0
  0
ENDTAB
  0
TABLE
  2
UCS
  5
6
330
0
100
AcDbSymbolTable
 70
0
  0
ENDTAB
  0
TABLE
  2
APPID
  5
3
330
0
100
AcDbSymbolTable
 70
3
  0
APPID
  5
2A
330
3
100
AcDbSymbolTableRecord
100
AcDbRegAppTableRecord
  2
ACAD
 70
0
  0
APPID
  5
4D7
330
3
100
AcDbSymbolTableRecord
100
AcDbRegAppTableRecord
  2
HATCHBACKGROUNDCOLOR
 70
0
  0
APPID
  5
4D8
330
3
100
AcDbSymbolTableRecord
100
AcDbRegAppTableRecord
  2
EZDXF
 70
0
  0
ENDTAB
  0
TABLE
  2
DIMSTYLE
  5
4
330
0
100
AcDbSymbolTable
 70
12
100
AcDbDimStyleTable
  0
DIMSTYLE
105
2B
330
4
100
AcDbSymbolTableRecord
100
AcDbDimStyleTableRecord
  2
Standard
 70
0
 40
1.0
 41
2.5
 42
0.625
 43
3.75
 44
1.25
 45
0.0
 46
0.0
 47
0.0
 48
0.0
 49
2.5
140
2.5
141
2.5
142
0.0
143
0.03937007874
144
1.0
145
0.0
146
1.0
147
0.625
148
0.0
 69
0
 70
0
 71
0
 72
0
 73
0
 74
0
 75
0
 76
0
 77
1
 78
8
 79
3
170
0
171
3
172
1
173
0
174
0
175
0
176
0
177
0
178
0
179
2
271
2
272
2
273
2
274
3
275
0
276
0
277
2
278
44
279
0
280
0
281
0
282
0
283
0
284
8
285
0
286
0
288
0
289
3
290
0
371
-2
372
-2
  0
DIMSTYLE
105
73
330
4
100
AcDbSymbolTableRecord
100
AcDbDimStyleTableRecord
  2
EZDXF
 70
0
 40
1.0
 41
0.175
 42
0.125
 43
3.75
 44
0.375
 45
0.0
 46
0.0
 47
0.0
 48
0.0
 49
2.5
140
0.25
141
2.5
142
0.0
143
0.03937007874
144
100.0
145
0.0
146
0.5
147
0.1
148
0.0
 69
0
 70
0
 71
0
 72
0
 73
0
 74
0
 75
0
 76
0
 77
1
 78
12
 79
3
170
0
171
3
172
1
173
0
174
0
175
0
176
0
177
0
178
0
179
2
271
2
272
2
273
2
274
3
275
0
276
0
277
2
278
46
279
2
280
0
281
0
282
0
283
0
284
8
285
0
286
0
288
1
289
3
290
0
340
4C
342
74
371
-2
372
-2
  0
DIMSTYLE
105
7C
330
4
100
AcDbSymbolTableRecord
100
AcDbDimStyleTableRecord
  2
EZ_M_100_H25_CM
 70
0
 40
1.0
 41
0.25
 42
0.125
 43
3.75
 44
0.375
 45
0.0
 46
0.0
 47
0.0
 48
0.0
 49
2.5
140
0.25
141
2.5
142
0.125
143
0.03937007874
144
100.0
145
0.0
146
0.5
147
0.1
148
0.0
 69
0
 70
0
 71
0
 72
0
 73
0
 74
0
 75
0
 76
0
 77
1
 78
12
 79
3
170
0
171
3
172
1
173
0
174
0
175
0
176
0
177
0
178
0
179
2
271
2
272
2
273
2
274
3
275
0
276
0
277
2
278
46
279
2
280
0
281
0
282
0
283
0
284
8
285
0
286
0
288
1
289
3
290
0
340
4C
371
-2
372
-2
  0
DIMSTYLE
105
7D
330
4
100
AcDbSymbolTableRecord
100
AcDbDimStyleTableRecord
  2
EZ_M_50_H25_CM
 70
0
 40
1.0
 41
0.125
 42
0.0625
 43
3.75
 44
0.1875
 45
0.0
 46
0.0
 47
0.0
 48
0.0
 49
2.5
140
0.125
141
2.5
142
0.0625
143
0.03937007874
144
100.0
145
0.0
146
0.5
147
0.05
148
0.0
 69
0
 70
0
 71
0
 72
0
 73
0
 74
0
 75
0
 76
0
 77
1
 78
12
 79
3
170
0
171
3
172
1
173
0
174
0
175
0
176
0
177
0
178
0
179
2
271
2
272
2
273
2
274
3
275
0
276
0
277
2
278
46
279
2
280
0
281
0
282
0
283
0
284
8
285
0
286
0
288
1
289
3
290
0
340
4C
371
-2
372
-2
  0
DIMSTYLE
105
7E
330
4
100
AcDbSymbolTableRecord
100
AcDbDimStyleTableRecord
  2
EZ_M_25_H25_CM
 70
0
 40
1.0
 41
0.0625
 42
0.03125
 43
3.75
 44
0.09375
 45
0.0
 46
0.0
 47
0.0
 48
0.0
 49
2.5
140
0.0625
141
2.5
142
0.03125
143
0.03937007874
144
100.0
145
0.0
146
0.5
147
0.025
148
0.0
 69
0
 70
0
 71
0
 72
0
 73
0
 74
0
 75
0
 76
0
 77
1
 78
12
 79
3
170
0
171
3
172
1
173
0
174
0
175
0
176
0
177
0
178
0
179
2
271
2
272
2
273
2
274
3
275
0
276
0
277
2
278
46
279
2
280
0
281
0
282
0
283
0
284
8
285
0
286
0
288
1
289
3
290
0
340
4C
371
-2
372
-2
  0
DIMSTYLE
105
7F
330
4
100
AcDbSymbolTableRecord
100
AcDbDimStyleTableRecord
  2
EZ_M_20_H25_CM
 70
0
 40
1.0
 41
0.05
 42
0.025
 43
3.75
 44
0.07500000000000001
 45
0.0
 46
0.0
 47
0.0
 48
0.0
 49
2.5
140
0.05
141
2.5
142
0.025
143
0.03937007874
144
100.0
145
0.0
146
0.5
147
0.020000000000000004
148
0.0
 69
0
 70
0
 71
0
 72
0
 73
0
 74
0
 75
0
 76
0
 77
1
 78
12
 79
3
170
0
171
3
172
1
173
0
174
0
175
0
176
0
177
0
178
0
179
2
271
2
272
2
273
2
274
3
275
0
276
0
277
2
278
46
279
2
280
0
281
0
282
0
283
0
284
8
285
0
286
0
288
1
289
3
290
0
340
4C
371
-2
372
-2
  0
DIMSTYLE
105
80
330
4
100
AcDbSymbolTableRecord
100
AcDbDimStyleTableRecord
  2
EZ_M_10_H25_CM
 70
0
 40
1.0
 41
0.025
 42
0.0125
 43
3.75
 44
0.037500000000000006
 45
0.0
 46
0.0
 47
0.0
 48
0.0
 49
2.5
140
0.025
141
2.5
142
0.0125
143
0.03937007874
144
100.0
145
0.0
146
0.5
147
0.010000000000000002
148
0.0
 69
0
 70
0
 71
0
 72
0
 73
0
 74
0
 75
0
 76
0
 77
1
 78
12
 79
3
170
0
171
3
172
1
173
0
174
0
175
0
176
0
177
0
178
0
179
2
271
2
272
2
273
2
274
3
275
0
276
0
277
2
278
46
279
2
280
0
281
0
282
0
283
0
284
8
285
0
286
0
288
1
289
3
290
0
340
4C
371
-2
372
-2
  0
DIMSTYLE
105
81
330
4
100
AcDbSymbolTableRecord
100
AcDbDimStyleTableRecord
  2
EZ_M_5_H25_CM
 70
0
 40
1.0
 41
0.0125
 42
0.00625
 43
3.75
 44
0.018750000000000003
 45
0.0
 46
0.0
 47
0.0
 48
0.0
 49
2.5
140
0.0125
141
2.5
142
0.00625
143
0.03937007874
144
100.0
145
0.0
146
0.5
147
0.005000000000000001
148
0.0
 69
0
 70
0
 71
0
 72
0
 73
0
 74
0
 75
0
 76
0
 77
1
 78
12
 79
3
170
0
171
3
172
1
173
0
174
0
175
0
176
0
177
0
178
0
179
2
271
2
272
2
273
2
274
3
275
0
276
0
277
2
278
46
279
2
280
0
281
0
282
0
283
0
284
8
285
0
286
0
288
1
289
3
290
0
340
4C
371
-2
372
-2
  0
DIMSTYLE
105
82
330
4
100
AcDbSymbolTableRecord
100
AcDbDimStyleTableRecord
  2
EZ_M_1_H25_CM
 70
0
 40
1.0
 41
0.0025
 42
0.00125
 43
3.75
 44
0.00375
 45
0.0
 46
0.0
 47
0.0
 48
0.0
 49
2.5
140
0.0025
141
2.5
142
0.00125
143
0.03937007874
144
100.0
145
0.0
146
0.5
147
0.001
148
0.0
 69
0
 70
0
 71
0
 72
0
 73
0
 74
0
 75
0
 76
0
 77
1
 78
12
 79
3
170
0
171
3
172
1
173
0
174
0
175
0
176
0
177
0
178
0
179
2
271
2
272
2
273
2
274
3
275
0
276
0
277
2
278
46
279
2
280
0
281
0
282
0
283
0
284
8
285
0
286
0
288
1
289
3
290
0
340
4C
371
-2
372
-2
  0
DIMSTYLE
105
83
330
4
100
AcDbSymbolTableRecord
100
AcDbDimStyleTableRecord
  2
EZ_RADIUS
 70
0
 40
1.0
 41
0.25
 42
0.125
 43
3.75
 44
0.375
 45
0.0
 46
0.0
 47
0.0
 48
0.0
 49
2.5
140
0.25
141
0.0
142
0.0
143
0.03937007874
144
100.0
145
0.0
146
0.5
147
0.1
148
0.0
 69
0
 70
0
 71
0
 72
0
 73
0
 74
0
 75
0
 76
0
 77
1
 78
12
 79
3
170
0
171
3
172
0
173
0
174
0
175
0
176
0
177
0
178
0
179
2
271
2
272
2
273
2
274
3
275
0
276
0
277
2
278
46
279
1
280
0
281
0
282
0
283
0
284
8
285
0
286
0
288
1
289
3
290
0
340
4C
342
84
371
-2
372
-2
  0
DIMSTYLE
105
88
330
4
100
AcDbSymbolTableRecord
100
AcDbDimStyleTableRecord
  2
EZ_RADIUS_INSIDE
 70
0
 40
1.0
 41
0.25
 42
0.125
 43
3.75
 44
0.375
 45
0.0
 46
0.0
 47
0.0
 48
0.0
 49
2.5
140
0.25
141
0.0
142
0.0
143
0.03937007874
144
100.0
145
0.0
146
0.5
147
0.1
148
0.0
 69
0
 70
0
 71
0
 72
0
 73
0
 74
0
 75
0
 76
0
 77
0
 78
12
 79
3
170
0
171
3
172
0
173
0
174
1
175
0
176
0
177
0
178
0
179
2
271
2
272
2
273
2
274
3
275
0
276
0
277
2
278
46
279
0
280
0
281
0
282
0
283
0
284
8
285
0
286
0
288
1
289
0
290
0
340
4C
342
84
371
-2
372
-2
  0
DIMSTYLE
105
89
330
4
100
AcDbSymbolTableRecord
100
AcDbDimStyleTableRecord
  2
EZ_CURVED
 70
0
 40
1.0
 41
0.25
 42
0.125
 43
3.75
 44
0.375
 45
0.0
 46
0.0
 47
0.0
 48
0.0
 49
2.5
140
0.25
141
2.5
142
0.0
143
0.03937007874
144
100.0
145
0.0
146
0.5
147
0.1
148
0.0
 69
0
 70
0
 71
0
 72
0
 73
0
 74
0
 75
0
 76
0
 77
1
 78
12
 79
2
 90
2
170
0
171
3
172
1
173
0
174
0
175
0
176
0
177
0
178
0
179
2
271
2
272
2
273
2
274
3
275
0
276
0
277
2
278
46
279
2
280
0
281
0
282
0
283
0
284
8
285
0
286
0
288
1
289
3
290
0
340
4C
371
-2
372
-2
  0
ENDTAB
  0
TABLE
  2
BLOCK_RECORD
  5
9
330
0
100
AcDbSymbolTable
 70
5
  0
BLOCK_RECORD
  5
17
330
9
100
AcDbSymbolTableRecord
100
AcDbBlockTableRecord
  2
*Model_Space
340
1A
 70
0
280
1
281
0
  0
BLOCK_RECORD
  5
1B
330
9
100
AcDbSymbolTableRecord
100
AcDbBlockTableRecord
  2
*Paper_Space
340
1E
 70
0
280
1
281
0
  0
BLOCK_RECORD
  5
74
330
9
100
AcDbSymbolTableRecord
100
AcDbBlockTableRecord
  2
_ARCHTICK
340
0
 70
0
280
1
281
0
  0
BLOCK_RECORD
  5
78
330
9
100
AcDbSymbolTableRecord
100
AcDbBlockTableRecord
  2
_CLOSEDFILLED
340
0
 70
0
280
1
281
0
  0
BLOCK_RECORD
  5
84
330
9
100
AcDbSymbolTableRecord
100
AcDbBlockTableRecord
  2
_CLOSEDBLANK
340
0
 70
0
280
1
281
0
  0
ENDTAB
  0
ENDSEC
  0
SECTION
  2
BLOCKS
  0
BLOCK
  5
18
330
17
100
AcDbEntity
  8
0
100
AcDbBlockBegin
  2
*Model_Space
 70
0
 10
0.0
 20
0.0
 30
0.0
  3
*Model_Space
  1

  0
ENDBLK
  5
19
330
17
100
AcDbEntity
  8
0
100
AcDbBlockEnd
  0
BLOCK
  5
1C
330
1B
100
AcDbEntity
  8
0
100
AcDbBlockBegin
  2
*Paper_Space
 70
0
 10
0.0
 20
0.0
 30
0.0
  3
*Paper_Space
  1

  0
ENDBLK
  5
1D
330
1B
100
AcDbEntity
  8
0
100
AcDbBlockEnd
  0
BLOCK
  5
75
330
74
100
AcDbEntity
  8
0
100
AcDbBlockBegin
  2
_ARCHTICK
 70
0
 10
0.0
 20
0.0
 30
0.0
  3
_ARCHTICK
  1

  0
LWPOLYLINE
  5
77
330
74
100
AcDbEntity
  8
0
  6
BYBLOCK
 62
0
100
AcDbPolyline
 90
2
 70
0
 43
0.15
 10
-0.5
 20
-0.5
 10
0.5
 20
0.5
  0
ENDBLK
  5
76
330
74
100
AcDbEntity
  8
0
100
AcDbBlockEnd
  0
BLOCK
  5
79
330
78
100
AcDbEntity
  8
0
100
AcDbBlockBegin
  2
_CLOSEDFILLED
 70
0
 10
0.0
 20
0.0
 30
0.0
  3
_CLOSEDFILLED
  1

  0
SOLID
  5
7B
330
78
100
AcDbEntity
  8
0
  6
BYBLOCK
 62
0
100
AcDbTrace
 10
-1.0
 20
0.16439898372402537
 30
0.0
 11
0.0
 21
0.0
 31
0.0
 12
-1.0
 22
-0.16439898372402537
 32
0.0
 13
-1.0
 23
-0.16439898372402537
 33
0.0
  0
ENDBLK
  5
7A
330
78
100
AcDbEntity
  8
0
100
AcDbBlockEnd
  0
BLOCK
  5
85
330
84
100
AcDbEntity
  8
0
100
AcDbBlockBegin
  2
_CLOSEDBLANK
 70
0
 10
0.0
 20
0.0
 30
0.0
  3
_CLOSEDBLANK
  1

  0
LWPOLYLINE
  5
87
330
84
100
AcDbEntity
  8
0
  6
BYBLOCK
 62
0
100
AcDbPolyline
 90
3
 70
1
 10
-1.0
 20
0.16439898372402537
 10
0.0
 20
0.0
 10
-1.0
 20
-0.16439898372402537
  0
ENDBLK
  5
86
330
84
100
AcDbEntity
  8
0
100
AcDbBlockEnd
  0
ENDSEC
  0
SECTION
  2
ENTITIES
  0
LINE
  5
9F
330
17
100
AcDbEntity
  8
A-WALL
370
50
100
AcDbLine
 10
336.0
 20
132.0
 30
0.0
 11
1416.0
 21
132.0
 31
0.0
  0
LINE
  5
A0
330
17
100
AcDbEntity
  8
A-WALL
370
50
100
AcDbLine
 10
1416.0
 20
132.0
 30
0.0
 11
1416.0
 21
1020.0
 31
0.0
  0
LINE
  5
A1
330
17
100
AcDbEntity
  8
A-WALL
370
50
100
AcDbLine
 10
1416.0
 20
1020.0
 30
0.0
 11
336.0
 21
1020.0
 31
0.0
  0
LINE
  5
A2
330
17
100
AcDbEntity
  8
A-WALL
370
50
100
AcDbLine
 10
336.0
 20
1020.0
 30
0.0
 11
336.0
 21
132.0
 31
0.0
  0
HATCH
  5
A3
330
17
100
AcDbEntity
  8
A-HATCH
 62
7
100
AcDbHatch
 10
0.0
 20
0.0
 30
0.0
210
0.0
220
0.0
230
1.0
  2
ANSI31
 70
0
 71
0
 91
1
 92
3
 72
0
 73
1
 93
4
 10
336.0
 20
132.0
 10
1416.0
 20
132.0
 10
1416.0
 20
1020.0
 10
336.0
 20
1020.0
 97
0
 75
1
 76
1
 52
0.0
 41
1.0
 77
0
 78
1
 53
45.0
 43
0.0
 44
0.0
 45
-0.0883883476
 46
0.0883883476
 79
0
 98
0
  0
HATCH
  5
A4
330
17
100
AcDbEntity
  8
A-HATCH
 62
7
100
AcDbHatch
 10
0.0
 20
0.0
 30
0.0
210
0.0
220
0.0
230
1.0
  2
SOLID
 70
0
 71
0
 91
1
 92
3
 72
0
 73
1
 93
4
 10
345.0
 20
141.0
 10
1407.0
 20
141.0
 10
1407.0
 20
1011.0
 10
345.0
 20
1011.0
 97
0
 75
1
 76
1
 52
0.0
 41
1.0
 77
0
 78
1
 53
45.0
 43
0.0
 44
0.0
 45
-0.0034798562
 46
0.0034798562
 79
0
 98
0
  0
LINE
  5
A5
330
17
100
AcDbEntity
  8
A-BAY
370
40
100
AcDbLine
 10
732.0
 20
432.0
 30
0.0
 11
1020.0
 21
432.0
 31
0.0
  0
LINE
  5
A6
330
17
100
AcDbEntity
  8
A-BAY
370
40
100
AcDbLine
 10
1020.0
 20
432.0
 30
0.0
 11
1020.0
 21
720.0
 31
0.0
  0
LINE
  5
A7
330
17
100
AcDbEntity
  8
A-BAY
370
40
100
AcDbLine
 10
1020.0
 20
720.0
 30
0.0
 11
732.0
 21
720.0
 31
0.0
  0
LINE
  5
A8
330
17
100
AcDbEntity
  8
A-BAY
370
40
100
AcDbLine
 10
732.0
 20
720.0
 30
0.0
 11
732.0
 21
432.0
 31
0.0
  0
HATCH
  5
A9
330
17
100
AcDbEntity
  8
A-HATCH
 62
7
100
AcDbHatch
 10
0.0
 20
0.0
 30
0.0
210
0.0
220
0.0
230
1.0
  2
SOLID
 70
0
 71
0
 91
1
 92
3
 72
0
 73
1
 93
4
 10
732.0
 20
432.0
 10
1020.0
 20
432.0
 10
1020.0
 20
720.0
 10
732.0
 20
720.0
 97
0
 75
1
 76
1
 52
0.0
 41
1.0
 77
0
 78
1
 53
45.0
 43
0.0
 44
0.0
 45
-0.0034798562
 46
0.0034798562
 79
0
 98
0
  0
CIRCLE
  5
AA
330
17
100
AcDbEntity
  8
A-ROOF
370
30
100
AcDbCircle
 10
876.0
 20
576.0
 30
0.0
 40
66.0
  0
CIRCLE
  5
AB
330
17
100
AcDbEntity
  8
A-ROOF
370
20
100
AcDbCircle
 10
876.0
 20
576.0
 30
0.0
 40
30.0
  0
TEXT
  5
AC
330
17
100
AcDbEntity
  8
A-TEXT-TTL
100
AcDbText
 10
876.0
 20
588.15
 30
0.0
 40
9.0
  1
24'x24' OPEN-TO-SKY COURTYARD
  7
SIMPLEX
 72
1
 11
876.0
 21
588.15
 31
0.0
100
AcDbText
 73
2
  0
TEXT
  5
AD
330
17
100
AcDbEntity
  8
A-TEXT-TTL
100
AcDbText
 10
876.0
 20
576.0
 30
0.0
 40
9.0
  1
STEPWELL FOUNTAIN + 4 TREES + 6 BENCHES
  7
SIMPLEX
 72
1
 11
876.0
 21
576.0
 31
0.0
100
AcDbText
 73
2
  0
TEXT
  5
AE
330
17
100
AcDbEntity
  8
A-TEXT-TTL
100
AcDbText
 10
876.0
 20
563.85
 30
0.0
 40
9.0
  1
(DOUBLE HEIGHT 23' CLEAR VOID)
  7
SIMPLEX
 72
1
 11
876.0
 21
563.85
 31
0.0
100
AcDbText
 73
2
  0
LINE
  5
AF
330
17
100
AcDbEntity
  8
A-WALL
370
25
100
AcDbLine
 10
672.0
 20
372.0
 30
0.0
 11
1080.0
 21
372.0
 31
0.0
  0
LINE
  5
B0
330
17
100
AcDbEntity
  8
A-WALL
370
25
100
AcDbLine
 10
1080.0
 20
372.0
 30
0.0
 11
1080.0
 21
780.0
 31
0.0
  0
LINE
  5
B1
330
17
100
AcDbEntity
  8
A-WALL
370
25
100
AcDbLine
 10
1080.0
 20
780.0
 30
0.0
 11
672.0
 21
780.0
 31
0.0
  0
LINE
  5
B2
330
17
100
AcDbEntity
  8
A-WALL
370
25
100
AcDbLine
 10
672.0
 20
780.0
 30
0.0
 11
672.0
 21
372.0
 31
0.0
  0
TEXT
  5
B3
330
17
100
AcDbEntity
  8
A-TEXT-TTL
100
AcDbText
 10
876.0
 20
402.0
 30
0.0
 40
6.0
  1
6 ft RING CORRIDOR
  7
SIMPLEX
 72
1
 11
876.0
 21
402.0
 31
0.0
100
AcDbText
 73
2
  0
LINE
  5
B4
330
17
100
AcDbEntity
  8
A-WALL
370
30
100
AcDbLine
 10
384.0
 20
888.0
 30
0.0
 11
480.0
 21
888.0
 31
0.0
  0
LINE
  5
B5
330
17
100
AcDbEntity
  8
A-WALL
370
30
100
AcDbLine
 10
480.0
 20
888.0
 30
0.0
 11
480.0
 21
1002.0
 31
0.0
  0
LINE
  5
B6
330
17
100
AcDbEntity
  8
A-WALL
370
30
100
AcDbLine
 10
480.0
 20
1002.0
 30
0.0
 11
384.0
 21
1002.0
 31
0.0
  0
LINE
  5
B7
330
17
100
AcDbEntity
  8
A-WALL
370
30
100
AcDbLine
 10
384.0
 20
1002.0
 30
0.0
 11
384.0
 21
888.0
 31
0.0
  0
LINE
  5
B8
330
17
100
AcDbEntity
  8
A-DOOR
370
30
100
AcDbLine
 10
384.0
 20
888.0
 30
0.0
 11
420.0
 21
888.0
 31
0.0
  0
LINE
  5
B9
330
17
100
AcDbEntity
  8
A-FURN
370
20
100
AcDbLine
 10
402.0
 20
936.0
 30
0.0
 11
462.0
 21
936.0
 31
0.0
  0
LINE
  5
BA
330
17
100
AcDbEntity
  8
A-FURN
370
20
100
AcDbLine
 10
462.0
 20
936.0
 30
0.0
 11
462.0
 21
963.6
 31
0.0
  0
LINE
  5
BB
330
17
100
AcDbEntity
  8
A-FURN
370
20
100
AcDbLine
 10
462.0
 20
963.6
 30
0.0
 11
402.0
 21
963.6
 31
0.0
  0
LINE
  5
BC
330
17
100
AcDbEntity
  8
A-FURN
370
20
100
AcDbLine
 10
402.0
 20
963.6
 30
0.0
 11
402.0
 21
936.0
 31
0.0
  0
TEXT
  5
BD
330
17
100
AcDbEntity
  8
A-FURN
100
AcDbText
 10
432.0
 20
951.3187499999999
 30
0.0
 40
2.25
  1
CABIN N1
  7
SIMPLEX
 72
1
 11
432.0
 21
951.3187499999999
 31
0.0
100
AcDbText
 73
2
  0
TEXT
  5
BE
330
17
100
AcDbEntity
  8
A-FURN
100
AcDbText
 10
432.0
 20
948.2812499999999
 30
0.0
 40
2.25
  1
DESK 5'x2.5'
  7
SIMPLEX
 72
1
 11
432.0
 21
948.2812499999999
 31
0.0
100
AcDbText
 73
2
  0
CIRCLE
  5
BF
330
17
100
AcDbEntity
  8
A-FURN
370
20
100
AcDbCircle
 10
432.0
 20
978.0
 30
0.0
 40
5.76
  0
TEXT
  5
C0
330
17
100
AcDbEntity
  8
A-FURN
100
AcDbText
 10
432.0
 20
978.0
 30
0.0
 40
3.0
  1
ADVOCATE
  7
SIMPLEX
 72
1
 11
432.0
 21
978.0
 31
0.0
100
AcDbText
 73
2
  0
CIRCLE
  5
C1
330
17
100
AcDbEntity
  8
A-FURN
370
15
100
AcDbCircle
 10
408.0
 20
921.6
 30
0.0
 40
4.199999999999999
  0
TEXT
  5
C2
330
17
100
AcDbEntity
  8
A-FURN
100
AcDbText
 10
408.0
 20
921.6
 30
0.0
 40
1.5
  1
CLIENT
  7
SIMPLEX
 72
1
 11
408.0
 21
921.6
 31
0.0
100
AcDbText
 73
2
  0
CIRCLE
  5
C3
330
17
100
AcDbEntity
  8
A-FURN
370
15
100
AcDbCircle
 10
432.0
 20
921.6
 30
0.0
 40
4.199999999999999
  0
TEXT
  5
C4
330
17
100
AcDbEntity
  8
A-FURN
100
AcDbText
 10
432.0
 20
921.6
 30
0.0
 40
1.5
  1
CLIENT
  7
SIMPLEX
 72
1
 11
432.0
 21
921.6
 31
0.0
100
AcDbText
 73
2
  0
CIRCLE
  5
C5
330
17
100
AcDbEntity
  8
A-FURN
370
15
100
AcDbCircle
 10
456.0
 20
921.6
 30
0.0
 40
4.199999999999999
  0
TEXT
  5
C6
330
17
100
AcDbEntity
  8
A-FURN
100
AcDbText
 10
456.0
 20
921.6
 30
0.0
 40
1.5
  1
CLIENT
  7
SIMPLEX
 72
1
 11
456.0
 21
921.6
 31
0.0
100
AcDbText
 73
2
  0
LINE
  5
C7
330
17
100
AcDbEntity
  8
A-FURN
100
AcDbLine
 10
465.6
 20
909.6
 30
0.0
 11
477.6
 21
909.6
 31
0.0
  0
LINE
  5
C8
330
17
100
AcDbEntity
  8
A-FURN
100
AcDbLine
 10
477.6
 20
909.6
 30
0.0
 11
477.6
 21
984.0
 31
0.0
  0
LINE
  5
C9
330
17
100
AcDbEntity
  8
A-FURN
100
AcDbLine
 10
477.6
 20
984.0
 30
0.0
 11
465.6
 21
984.0
 31
0.0
  0
LINE
  5
CA
330
17
100
AcDbEntity
  8
A-FURN
100
AcDbLine
 10
465.6
 20
984.0
 30
0.0
 11
465.6
 21
909.6
 31
0.0
  0
TEXT
  5
CB
330
17
100
AcDbEntity
  8
A-FURN
100
AcDbText
 10
471.6
 20
945.0
 30
0.0
 40
2.25
  1
BOOKS / FILES
 50
90.0
  7
SIMPLEX
 72
1
 11
471.6
 21
945.0
 31
0.0
100
AcDbText
 73
2
  0
LINE
  5
CC
330
17
100
AcDbEntity
  8
A-WALL
370
30
100
AcDbLine
 10
486.0
 20
888.0
 30
0.0
 11
582.0
 21
888.0
 31
0.0
  0
LINE
  5
CD
330
17
100
AcDbEntity
  8
A-WALL
370
30
100
AcDbLine
 10
582.0
 20
888.0
 30
0.0
 11
582.0
 21
1002.0
 31
0.0
  0
LINE
  5
CE
330
17
100
AcDbEntity
  8
A-WALL
370
30
100
AcDbLine
 10
582.0
 20
1002.0
 30
0.0
 11
486.0
 21
1002.0
 31
0.0
  0
LINE
  5
CF
330
17
100
AcDbEntity
  8
A-WALL
370
30
100
AcDbLine
 10
486.0
 20
1002.0
 30
0.0
 11
486.0
 21
888.0
 31
0.0
  0
LINE
  5
D0
330
17
100
AcDbEntity
  8
A-DOOR
370
30
100
AcDbLine
 10
486.0
 20
888.0
 30
0.0
 11
522.0
 21
888.0
 31
0.0
  0
LINE
  5
D1
330
17
100
AcDbEntity
  8
A-FURN
370
20
100
AcDbLine
 10
504.0
 20
936.0
 30
0.0
 11
564.0
 21
936.0
 31
0.0
  0
LINE
  5
D2
330
17
100
AcDbEntity
  8
A-FURN
370
20
100
AcDbLine
 10
564.0
 20
936.0
 30
0.0
 11
564.0
 21
963.6
 31
0.0
  0
LINE
  5
D3
330
17
100
AcDbEntity
  8
A-FURN
370
20
100
AcDbLine
 10
564.0
 20
963.6
 30
0.0
 11
504.0
 21
963.6
 31
0.0
  0
LINE
  5
D4
330
17
100
AcDbEntity
  8
A-FURN
370
20
100
AcDbLine
 10
504.0
 20
963.6
 30
0.0
 11
504.0
 21
936.0
 31
0.0
  0
TEXT
  5
D5
330
17
100
AcDbEntity
  8
A-FURN
100
AcDbText
 10
534.0
 20
951.3187499999999
 30
0.0
 40
2.25
  1
CABIN N2
  7
SIMPLEX
 72
1
 11
534.0
 21
951.3187499999999
 31
0.0
100
AcDbText
 73
2
  0
TEXT
  5
D6
330
17
100
AcDbEntity
  8
A-FURN
100
AcDbText
 10
534.0
 20
948.2812499999999
 30
0.0
 40
2.25
  1
DESK 5'x2.5'
  7
SIMPLEX
 72
1
 11
534.0
 21
948.2812499999999
 31
0.0
100
AcDbText
 73
2
  0
CIRCLE
  5
D7
330
17
100
AcDbEntity
  8
A-FURN
370
20
100
AcDbCircle
 10
534.0
 20
978.0
 30
0.0
 40
5.76
  0
TEXT
  5
D8
330
17
100
AcDbEntity
  8
A-FURN
100
AcDbText
 10
534.0
 20
978.0
 30
0.0
 40
3.0
  1
ADVOCATE
  7
SIMPLEX
 72
1
 11
534.0
 21
978.0
 31
0.0
100
AcDbText
 73
2
  0
CIRCLE
  5
D9
330
17
100
AcDbEntity
  8
A-FURN
370
15
100
AcDbCircle
 10
510.0
 20
921.6
 30
0.0
 40
4.199999999999999
  0
TEXT
  5
DA
330
17
100
AcDbEntity
  8
A-FURN
100
AcDbText
 10
510.0
 20
921.6
 30
0.0
 40
1.5
  1
CLIENT
  7
SIMPLEX
 72
1
 11
510.0
 21
921.6
 31
0.0
100
AcDbText
 73
2
  0
CIRCLE
  5
DB
330
17
100
AcDbEntity
  8
A-FURN
370
15
100
AcDbCircle
 10
534.0
 20
921.6
 30
0.0
 40
4.199999999999999
  0
TEXT
  5
DC
330
17
100
AcDbEntity
  8
A-FURN
100
AcDbText
 10
534.0
 20
921.6
 30
0.0
 40
1.5
  1
CLIENT
  7
SIMPLEX
 72
1
 11
534.0
 21
921.6
 31
0.0
100
AcDbText
 73
2
  0
CIRCLE
  5
DD
330
17
100
AcDbEntity
  8
A-FURN
370
15
100
AcDbCircle
 10
558.0
 20
921.6
 30
0.0
 40
4.199999999999999
  0
TEXT
  5
DE
330
17
100
AcDbEntity
  8
A-FURN
100
AcDbText
 10
558.0
 20
921.6
 30
0.0
 40
1.5
  1
CLIENT
  7
SIMPLEX
 72
1
 11
558.0
 21
921.6
 31
0.0
100
AcDbText
 73
2
  0
LINE
  5
DF
330
17
100
AcDbEntity
  8
A-FURN
100
AcDbLine
 10
567.6
 20
909.6
 30
0.0
 11
579.6
 21
909.6
 31
0.0
  0
LINE
  5
E0
330
17
100
AcDbEntity
  8
A-FURN
100
AcDbLine
 10
579.6
 20
909.6
 30
0.0
 11
579.6
 21
984.0
 31
0.0
  0
LINE
  5
E1
330
17
100
AcDbEntity
  8
A-FURN
100
AcDbLine
 10
579.6
 20
984.0
 30
0.0
 11
567.6
 21
984.0
 31
0.0
  0
LINE
  5
E2
330
17
100
AcDbEntity
  8
A-FURN
100
AcDbLine
 10
567.6
 20
984.0
 30
0.0
 11
567.6
 21
909.6
 31
0.0
  0
TEXT
  5
E3
330
17
100
AcDbEntity
  8
A-FURN
100
AcDbText
 10
573.6
 20
945.0
 30
0.0
 40
2.25
  1
BOOKS / FILES
 50
90.0
  7
SIMPLEX
 72
1
 11
573.6
 21
945.0
 31
0.0
100
AcDbText
 73
2
  0
LINE
  5
E4
330
17
100
AcDbEntity
  8
A-WALL
370
30
100
AcDbLine
 10
588.0
 20
888.0
 30
0.0
 11
684.0
 21
888.0
 31
0.0
  0
LINE
  5
E5
330
17
100
AcDbEntity
  8
A-WALL
370
30
100
AcDbLine
 10
684.0
 20
888.0
 30
0.0
 11
684.0
 21
1002.0
 31
0.0
  0
LINE
  5
E6
330
17
100
AcDbEntity
  8
A-WALL
370
30
100
AcDbLine
 10
684.0
 20
1002.0
 30
0.0
 11
588.0
 21
1002.0
 31
0.0
  0
LINE
  5
E7
330
17
100
AcDbEntity
  8
A-WALL
370
30
100
AcDbLine
 10
588.0
 20
1002.0
 30
0.0
 11
588.0
 21
888.0
 31
0.0
  0
LINE
  5
E8
330
17
100
AcDbEntity
  8
A-DOOR
370
30
100
AcDbLine
 10
588.0
 20
888.0
 30
0.0
 11
624.0
 21
888.0
 31
0.0
  0
LINE
  5
E9
330
17
100
AcDbEntity
  8
A-FURN
370
20
100
AcDbLine
 10
606.0
 20
936.0
 30
0.0
 11
666.0
 21
936.0
 31
0.0
  0
LINE
  5
EA
330
17
100
AcDbEntity
  8
A-FURN
370
20
100
AcDbLine
 10
666.0
 20
936.0
 30
0.0
 11
666.0
 21
963.6
 31
0.0
  0
LINE
  5
EB
330
17
100
AcDbEntity
  8
A-FURN
370
20
100
AcDbLine
 10
666.0
 20
963.6
 30
0.0
 11
606.0
 21
963.6
 31
0.0
  0
LINE
  5
EC
330
17
100
AcDbEntity
  8
A-FURN
370
20
100
AcDbLine
 10
606.0
 20
963.6
 30
0.0
 11
606.0
 21
936.0
 31
0.0
  0
TEXT
  5
ED
330
17
100
AcDbEntity
  8
A-FURN
100
AcDbText
 10
636.0
 20
951.3187499999999
 30
0.0
 40
2.25
  1
CABIN N3
  7
SIMPLEX
 72
1
 11
636.0
 21
951.3187499999999
 31
0.0
100
AcDbText
 73
2
  0
TEXT
  5
EE
330
17
100
AcDbEntity
  8
A-FURN
100
AcDbText
 10
636.0
 20
948.2812499999999
 30
0.0
 40
2.25
  1
DESK 5'x2.5'
  7
SIMPLEX
 72
1
 11
636.0
 21
948.2812499999999
 31
0.0
100
AcDbText
 73
2
  0
CIRCLE
  5
EF
330
17
100
AcDbEntity
  8
A-FURN
370
20
100
AcDbCircle
 10
636.0
 20
978.0
 30
0.0
 40
5.76
  0
TEXT
  5
F0
330
17
100
AcDbEntity
  8
A-FURN
100
AcDbText
 10
636.0
 20
978.0
 30
0.0
 40
3.0
  1
ADVOCATE
  7
SIMPLEX
 72
1
 11
636.0
 21
978.0
 31
0.0
100
AcDbText
 73
2
  0
CIRCLE
  5
F1
330
17
100
AcDbEntity
  8
A-FURN
370
15
100
AcDbCircle
 10
612.0
 20
921.6
 30
0.0
 40
4.199999999999999
  0
TEXT
  5
F2
330
17
100
AcDbEntity
  8
A-FURN
100
AcDbText
 10
612.0
 20
921.6
 30
0.0
 40
1.5
  1
CLIENT
  7
SIMPLEX
 72
1
 11
612.0
 21
921.6
 31
0.0
100
AcDbText
 73
2
  0
CIRCLE
  5
F3
330
17
100
AcDbEntity
  8
A-FURN
370
15
100
AcDbCircle
 10
636.0
 20
921.6
 30
0.0
 40
4.199999999999999
  0
TEXT
  5
F4
330
17
100
AcDbEntity
  8
A-FURN
100
AcDbText
 10
636.0
 20
921.6
 30
0.0
 40
1.5
  1
CLIENT
  7
SIMPLEX
 72
1
 11
636.0
 21
921.6
 31
0.0
100
AcDbText
 73
2
  0
CIRCLE
  5
F5
330
17
100
AcDbEntity
  8
A-FURN
370
15
100
AcDbCircle
 10
660.0
 20
921.6
 30
0.0
 40
4.199999999999999
  0
TEXT
  5
F6
330
17
100
AcDbEntity
  8
A-FURN
100
AcDbText
 10
660.0
 20
921.6
 30
0.0
 40
1.5
  1
CLIENT
  7
SIMPLEX
 72
1
 11
660.0
 21
921.6
 31
0.0
100
AcDbText
 73
2
  0
LINE
  5
F7
330
17
100
AcDbEntity
  8
A-FURN
100
AcDbLine
 10
669.6
 20
909.6
 30
0.0
 11
681.6
 21
909.6
 31
0.0
  0
LINE
  5
F8
330
17
100
AcDbEntity
  8
A-FURN
100
AcDbLine
 10
681.6
 20
909.6
 30
0.0
 11
681.6
 21
984.0
 31
0.0
  0
LINE
  5
F9
330
17
100
AcDbEntity
  8
A-FURN
100
AcDbLine
 10
681.6
 20
984.0
 30
0.0
 11
669.6
 21
984.0
 31
0.0
  0
LINE
  5
FA
330
17
100
AcDbEntity
  8
A-FURN
100
AcDbLine
 10
669.6
 20
984.0
 30
0.0
 11
669.6
 21
909.6
 31
0.0
  0
TEXT
  5
FB
330
17
100
AcDbEntity
  8
A-FURN
100
AcDbText
 10
675.6
 20
945.0
 30
0.0
 40
2.25
  1
BOOKS / FILES
 50
90.0
  7
SIMPLEX
 72
1
 11
675.6
 21
945.0
 31
0.0
100
AcDbText
 73
2
  0
LINE
  5
FC
330
17
100
AcDbEntity
  8
A-WALL
370
30
100
AcDbLine
 10
690.0
 20
888.0
 30
0.0
 11
786.0
 21
888.0
 31
0.0
  0
LINE
  5
FD
330
17
100
AcDbEntity
  8
A-WALL
370
30
100
AcDbLine
 10
786.0
 20
888.0
 30
0.0
 11
786.0
 21
1002.0
 31
0.0
  0
LINE
  5
FE
330
17
100
AcDbEntity
  8
A-WALL
370
30
100
AcDbLine
 10
786.0
 20
1002.0
 30
0.0
 11
690.0
 21
1002.0
 31
0.0
  0
LINE
  5
FF
330
17
100
AcDbEntity
  8
A-WALL
370
30
100
AcDbLine
 10
690.0
 20
1002.0
 30
0.0
 11
690.0
 21
888.0
 31
0.0
  0
LINE
  5
100
330
17
100
AcDbEntity
  8
A-DOOR
370
30
100
AcDbLine
 10
690.0
 20
888.0
 30
0.0
 11
726.0
 21
888.0
 31
0.0
  0
LINE
  5
101
330
17
100
AcDbEntity
  8
A-FURN
370
20
100
AcDbLine
 10
708.0
 20
936.0
 30
0.0
 11
768.0
 21
936.0
 31
0.0
  0
LINE
  5
102
330
17
100
AcDbEntity
  8
A-FURN
370
20
100
AcDbLine
 10
768.0
 20
936.0
 30
0.0
 11
768.0
 21
963.6
 31
0.0
  0
LINE
  5
103
330
17
100
AcDbEntity
  8
A-FURN
370
20
100
AcDbLine
 10
768.0
 20
963.6
 30
0.0
 11
708.0
 21
963.6
 31
0.0
  0
LINE
  5
104
330
17
100
AcDbEntity
  8
A-FURN
370
20
100
AcDbLine
 10
708.0
 20
963.6
 30
0.0
 11
708.0
 21
936.0
 31
0.0
  0
TEXT
  5
105
330
17
100
AcDbEntity
  8
A-FURN
100
AcDbText
 10
738.0
 20
951.3187499999999
 30
0.0
 40
2.25
  1
CABIN N4
  7
SIMPLEX
 72
1
 11
738.0
 21
951.3187499999999
 31
0.0
100
AcDbText
 73
2
  0
TEXT
  5
106
330
17
100
AcDbEntity
  8
A-FURN
100
AcDbText
 10
738.0
 20
948.2812499999999
 30
0.0
 40
2.25
  1
DESK 5'x2.5'
  7
SIMPLEX
 72
1
 11
738.0
 21
948.2812499999999
 31
0.0
100
AcDbText
 73
2
  0
CIRCLE
  5
107
330
17
100
AcDbEntity
  8
A-FURN
370
20
100
AcDbCircle
 10
738.0
 20
978.0
 30
0.0
 40
5.76
  0
TEXT
  5
108
330
17
100
AcDbEntity
  8
A-FURN
100
AcDbText
 10
738.0
 20
978.0
 30
0.0
 40
3.0
  1
ADVOCATE
  7
SIMPLEX
 72
1
 11
738.0
 21
978.0
 31
0.0
100
AcDbText
 73
2
  0
CIRCLE
  5
109
330
17
100
AcDbEntity
  8
A-FURN
370
15
100
AcDbCircle
 10
714.0
 20
921.6
 30
0.0
 40
4.199999999999999
  0
TEXT
  5
10A
330
17
100
AcDbEntity
  8
A-FURN
100
AcDbText
 10
714.0
 20
921.6
 30
0.0
 40
1.5
  1
CLIENT
  7
SIMPLEX
 72
1
 11
714.0
 21
921.6
 31
0.0
100
AcDbText
 73
2
  0
CIRCLE
  5
10B
330
17
100
AcDbEntity
  8
A-FURN
370
15
100
AcDbCircle
 10
738.0
 20
921.6
 30
0.0
 40
4.199999999999999
  0
TEXT
  5
10C
330
17
100
AcDbEntity
  8
A-FURN
100
AcDbText
 10
738.0
 20
921.6
 30
0.0
 40
1.5
  1
CLIENT
  7
SIMPLEX
 72
1
 11
738.0
 21
921.6
 31
0.0
100
AcDbText
 73
2
  0
CIRCLE
  5
10D
330
17
100
AcDbEntity
  8
A-FURN
370
15
100
AcDbCircle
 10
762.0
 20
921.6
 30
0.0
 40
4.199999999999999
  0
TEXT
  5
10E
330
17
100
AcDbEntity
  8
A-FURN
100
AcDbText
 10
762.0
 20
921.6
 30
0.0
 40
1.5
  1
CLIENT
  7
SIMPLEX
 72
1
 11
762.0
 21
921.6
 31
0.0
100
AcDbText
 73
2
  0
LINE
  5
10F
330
17
100
AcDbEntity
  8
A-FURN
100
AcDbLine
 10
771.6
 20
909.6
 30
0.0
 11
783.6
 21
909.6
 31
0.0
  0
LINE
  5
110
330
17
100
AcDbEntity
  8
A-FURN
100
AcDbLine
 10
783.6
 20
909.6
 30
0.0
 11
783.6
 21
984.0
 31
0.0
  0
LINE
  5
111
330
17
100
AcDbEntity
  8
A-FURN
100
AcDbLine
 10
783.6
 20
984.0
 30
0.0
 11
771.6
 21
984.0
 31
0.0
  0
LINE
  5
112
330
17
100
AcDbEntity
  8
A-FURN
100
AcDbLine
 10
771.6
 20
984.0
 30
0.0
 11
771.6
 21
909.6
 31
0.0
  0
TEXT
  5
113
330
17
100
AcDbEntity
  8
A-FURN
100
AcDbText
 10
777.6
 20
945.0
 30
0.0
 40
2.25
  1
BOOKS / FILES
 50
90.0
  7
SIMPLEX
 72
1
 11
777.6
 21
945.0
 31
0.0
100
AcDbText
 73
2
  0
LINE
  5
114
330
17
100
AcDbEntity
  8
A-WALL
370
30
100
AcDbLine
 10
792.0
 20
888.0
 30
0.0
 11
888.0
 21
888.0
 31
0.0
  0
LINE
  5
115
330
17
100
AcDbEntity
  8
A-WALL
370
30
100
AcDbLine
 10
888.0
 20
888.0
 30
0.0
 11
888.0
 21
1002.0
 31
0.0
  0
LINE
  5
116
330
17
100
AcDbEntity
  8
A-WALL
370
30
100
AcDbLine
 10
888.0
 20
1002.0
 30
0.0
 11
792.0
 21
1002.0
 31
0.0
  0
LINE
  5
117
330
17
100
AcDbEntity
  8
A-WALL
370
30
100
AcDbLine
 10
792.0
 20
1002.0
 30
0.0
 11
792.0
 21
888.0
 31
0.0
  0
LINE
  5
118
330
17
100
AcDbEntity
  8
A-DOOR
370
30
100
AcDbLine
 10
792.0
 20
888.0
 30
0.0
 11
828.0
 21
888.0
 31
0.0
  0
LINE
  5
119
330
17
100
AcDbEntity
  8
A-FURN
370
20
100
AcDbLine
 10
810.0
 20
936.0
 30
0.0
 11
870.0
 21
936.0
 31
0.0
  0
LINE
  5
11A
330
17
100
AcDbEntity
  8
A-FURN
370
20
100
AcDbLine
 10
870.0
 20
936.0
 30
0.0
 11
870.0
 21
963.6
 31
0.0
  0
LINE
  5
11B
330
17
100
AcDbEntity
  8
A-FURN
370
20
100
AcDbLine
 10
870.0
 20
963.6
 30
0.0
 11
810.0
 21
963.6
 31
0.0
  0
LINE
  5
11C
330
17
100
AcDbEntity
  8
A-FURN
370
20
100
AcDbLine
 10
810.0
 20
963.6
 30
0.0
 11
810.0
 21
936.0
 31
0.0
  0
TEXT
  5
11D
330
17
100
AcDbEntity
  8
A-FURN
100
AcDbText
 10
840.0
 20
951.3187499999999
 30
0.0
 40
2.25
  1
CABIN N5
  7
SIMPLEX
 72
1
 11
840.0
 21
951.3187499999999
 31
0.0
100
AcDbText
 73
2
  0
TEXT
  5
11E
330
17
100
AcDbEntity
  8
A-FURN
100
AcDbText
 10
840.0
 20
948.2812499999999
 30
0.0
 40
2.25
  1
DESK 5'x2.5'
  7
SIMPLEX
 72
1
 11
840.0
 21
948.2812499999999
 31
0.0
100
AcDbText
 73
2
  0
CIRCLE
  5
11F
330
17
100
AcDbEntity
  8
A-FURN
370
20
100
AcDbCircle
 10
840.0
 20
978.0
 30
0.0
 40
5.76
  0
TEXT
  5
120
330
17
100
AcDbEntity
  8
A-FURN
100
AcDbText
 10
840.0
 20
978.0
 30
0.0
 40
3.0
  1
ADVOCATE
  7
SIMPLEX
 72
1
 11
840.0
 21
978.0
 31
0.0
100
AcDbText
 73
2
  0
CIRCLE
  5
121
330
17
100
AcDbEntity
  8
A-FURN
370
15
100
AcDbCircle
 10
816.0
 20
921.6
 30
0.0
 40
4.199999999999999
  0
TEXT
  5
122
330
17
100
AcDbEntity
  8
A-FURN
100
AcDbText
 10
816.0
 20
921.6
 30
0.0
 40
1.5
  1
CLIENT
  7
SIMPLEX
 72
1
 11
816.0
 21
921.6
 31
0.0
100
AcDbText
 73
2
  0
CIRCLE
  5
123
330
17
100
AcDbEntity
  8
A-FURN
370
15
100
AcDbCircle
 10
840.0
 20
921.6
 30
0.0
 40
4.199999999999999
  0
TEXT
  5
124
330
17
100
AcDbEntity
  8
A-FURN
100
AcDbText
 10
840.0
 20
921.6
 30
0.0
 40
1.5
  1
CLIENT
  7
SIMPLEX
 72
1
 11
840.0
 21
921.6
 31
0.0
100
AcDbText
 73
2
  0
CIRCLE
  5
125
330
17
100
AcDbEntity
  8
A-FURN
370
15
100
AcDbCircle
 10
864.0
 20
921.6
 30
0.0
 40
4.199999999999999
  0
TEXT
  5
126
330
17
100
AcDbEntity
  8
A-FURN
100
AcDbText
 10
864.0
 20
921.6
 30
0.0
 40
1.5
  1
CLIENT
  7
SIMPLEX
 72
1
 11
864.0
 21
921.6
 31
0.0
100
AcDbText
 73
2
  0
LINE
  5
127
330
17
100
AcDbEntity
  8
A-FURN
100
AcDbLine
 10
873.6
 20
909.6
 30
0.0
 11
885.6
 21
909.6
 31
0.0
  0
LINE
  5
128
330
17
100
AcDbEntity
  8
A-FURN
100
AcDbLine
 10
885.6
 20
909.6
 30
0.0
 11
885.6
 21
984.0
 31
0.0
  0
LINE
  5
129
330
17
100
AcDbEntity
  8
A-FURN
100
AcDbLine
 10
885.6
 20
984.0
 30
0.0
 11
873.6
 21
984.0
 31
0.0
  0
LINE
  5
12A
330
17
100
AcDbEntity
  8
A-FURN
100
AcDbLine
 10
873.6
 20
984.0
 30
0.0
 11
873.6
 21
909.6
 31
0.0
  0
TEXT
  5
12B
330
17
100
AcDbEntity
  8
A-FURN
100
AcDbText
 10
879.6
 20
945.0
 30
0.0
 40
2.25
  1
BOOKS / FILES
 50
90.0
  7
SIMPLEX
 72
1
 11
879.6
 21
945.0
 31
0.0
100
AcDbText
 73
2
  0
LINE
  5
12C
330
17
100
AcDbEntity
  8
A-WALL
370
30
100
AcDbLine
 10
894.0
 20
888.0
 30
0.0
 11
990.0
 21
888.0
 31
0.0
  0
LINE
  5
12D
330
17
100
AcDbEntity
  8
A-WALL
370
30
100
AcDbLine
 10
990.0
 20
888.0
 30
0.0
 11
990.0
 21
1002.0
 31
0.0
  0
LINE
  5
12E
330
17
100
AcDbEntity
  8
A-WALL
370
30
100
AcDbLine
 10
990.0
 20
1002.0
 30
0.0
 11
894.0
 21
1002.0
 31
0.0
  0
LINE
  5
12F
330
17
100
AcDbEntity
  8
A-WALL
370
30
100
AcDbLine
 10
894.0
 20
1002.0
 30
0.0
 11
894.0
 21
888.0
 31
0.0
  0
LINE
  5
130
330
17
100
AcDbEntity
  8
A-DOOR
370
30
100
AcDbLine
 10
894.0
 20
888.0
 30
0.0
 11
930.0
 21
888.0
 31
0.0
  0
LINE
  5
131
330
17
100
AcDbEntity
  8
A-FURN
370
20
100
AcDbLine
 10
912.0
 20
936.0
 30
0.0
 11
972.0
 21
936.0
 31
0.0
  0
LINE
  5
132
330
17
100
AcDbEntity
  8
A-FURN
370
20
100
AcDbLine
 10
972.0
 20
936.0
 30
0.0
 11
972.0
 21
963.6
 31
0.0
  0
LINE
  5
133
330
17
100
AcDbEntity
  8
A-FURN
370
20
100
AcDbLine
 10
972.0
 20
963.6
 30
0.0
 11
912.0
 21
963.6
 31
0.0
  0
LINE
  5
134
330
17
100
AcDbEntity
  8
A-FURN
370
20
100
AcDbLine
 10
912.0
 20
963.6
 30
0.0
 11
912.0
 21
936.0
 31
0.0
  0
TEXT
  5
135
330
17
100
AcDbEntity
  8
A-FURN
100
AcDbText
 10
942.0
 20
951.3187499999999
 30
0.0
 40
2.25
  1
CABIN N6
  7
SIMPLEX
 72
1
 11
942.0
 21
951.3187499999999
 31
0.0
100
AcDbText
 73
2
  0
TEXT
  5
136
330
17
100
AcDbEntity
  8
A-FURN
100
AcDbText
 10
942.0
 20
948.2812499999999
 30
0.0
 40
2.25
  1
DESK 5'x2.5'
  7
SIMPLEX
 72
1
 11
942.0
 21
948.2812499999999
 31
0.0
100
AcDbText
 73
2
  0
CIRCLE
  5
137
330
17
100
AcDbEntity
  8
A-FURN
370
20
100
AcDbCircle
 10
942.0
 20
978.0
 30
0.0
 40
5.76
  0
TEXT
  5
138
330
17
100
AcDbEntity
  8
A-FURN
100
AcDbText
 10
942.0
 20
978.0
 30
0.0
 40
3.0
  1
ADVOCATE
  7
SIMPLEX
 72
1
 11
942.0
 21
978.0
 31
0.0
100
AcDbText
 73
2
  0
CIRCLE
  5
139
330
17
100
AcDbEntity
  8
A-FURN
370
15
100
AcDbCircle
 10
918.0
 20
921.6
 30
0.0
 40
4.199999999999999
  0
TEXT
  5
13A
330
17
100
AcDbEntity
  8
A-FURN
100
AcDbText
 10
918.0
 20
921.6
 30
0.0
 40
1.5
  1
CLIENT
  7
SIMPLEX
 72
1
 11
918.0
 21
921.6
 31
0.0
100
AcDbText
 73
2
  0
CIRCLE
  5
13B
330
17
100
AcDbEntity
  8
A-FURN
370
15
100
AcDbCircle
 10
942.0
 20
921.6
 30
0.0
 40
4.199999999999999
  0
TEXT
  5
13C
330
17
100
AcDbEntity
  8
A-FURN
100
AcDbText
 10
942.0
 20
921.6
 30
0.0
 40
1.5
  1
CLIENT
  7
SIMPLEX
 72
1
 11
942.0
 21
921.6
 31
0.0
100
AcDbText
 73
2
  0
CIRCLE
  5
13D
330
17
100
AcDbEntity
  8
A-FURN
370
15
100
AcDbCircle
 10
966.0
 20
921.6
 30
0.0
 40
4.199999999999999
  0
TEXT
  5
13E
330
17
100
AcDbEntity
  8
A-FURN
100
AcDbText
 10
966.0
 20
921.6
 30
0.0
 40
1.5
  1
CLIENT
  7
SIMPLEX
 72
1
 11
966.0
 21
921.6
 31
0.0
100
AcDbText
 73
2
  0
LINE
  5
13F
330
17
100
AcDbEntity
  8
A-FURN
100
AcDbLine
 10
975.6
 20
909.6
 30
0.0
 11
987.6
 21
909.6
 31
0.0
  0
LINE
  5
140
330
17
100
AcDbEntity
  8
A-FURN
100
AcDbLine
 10
987.6
 20
909.6
 30
0.0
 11
987.6
 21
984.0
 31
0.0
  0
LINE
  5
141
330
17
100
AcDbEntity
  8
A-FURN
100
AcDbLine
 10
987.6
 20
984.0
 30
0.0
 11
975.6
 21
984.0
 31
0.0
  0
LINE
  5
142
330
17
100
AcDbEntity
  8
A-FURN
100
AcDbLine
 10
975.6
 20
984.0
 30
0.0
 11
975.6
 21
909.6
 31
0.0
  0
TEXT
  5
143
330
17
100
AcDbEntity
  8
A-FURN
100
AcDbText
 10
981.6
 20
945.0
 30
0.0
 40
2.25
  1
BOOKS / FILES
 50
90.0
  7
SIMPLEX
 72
1
 11
981.6
 21
945.0
 31
0.0
100
AcDbText
 73
2
  0
LINE
  5
144
330
17
100
AcDbEntity
  8
A-WALL
370
30
100
AcDbLine
 10
996.0
 20
888.0
 30
0.0
 11
1092.0
 21
888.0
 31
0.0
  0
LINE
  5
145
330
17
100
AcDbEntity
  8
A-WALL
370
30
100
AcDbLine
 10
1092.0
 20
888.0
 30
0.0
 11
1092.0
 21
1002.0
 31
0.0
  0
LINE
  5
146
330
17
100
AcDbEntity
  8
A-WALL
370
30
100
AcDbLine
 10
1092.0
 20
1002.0
 30
0.0
 11
996.0
 21
1002.0
 31
0.0
  0
LINE
  5
147
330
17
100
AcDbEntity
  8
A-WALL
370
30
100
AcDbLine
 10
996.0
 20
1002.0
 30
0.0
 11
996.0
 21
888.0
 31
0.0
  0
LINE
  5
148
330
17
100
AcDbEntity
  8
A-DOOR
370
30
100
AcDbLine
 10
996.0
 20
888.0
 30
0.0
 11
1032.0
 21
888.0
 31
0.0
  0
LINE
  5
149
330
17
100
AcDbEntity
  8
A-FURN
370
20
100
AcDbLine
 10
1014.0
 20
936.0
 30
0.0
 11
1074.0
 21
936.0
 31
0.0
  0
LINE
  5
14A
330
17
100
AcDbEntity
  8
A-FURN
370
20
100
AcDbLine
 10
1074.0
 20
936.0
 30
0.0
 11
1074.0
 21
963.6
 31
0.0
  0
LINE
  5
14B
330
17
100
AcDbEntity
  8
A-FURN
370
20
100
AcDbLine
 10
1074.0
 20
963.6
 30
0.0
 11
1014.0
 21
963.6
 31
0.0
  0
LINE
  5
14C
330
17
100
AcDbEntity
  8
A-FURN
370
20
100
AcDbLine
 10
1014.0
 20
963.6
 30
0.0
 11
1014.0
 21
936.0
 31
0.0
  0
TEXT
  5
14D
330
17
100
AcDbEntity
  8
A-FURN
100
AcDbText
 10
1044.0
 20
951.3187499999999
 30
0.0
 40
2.25
  1
CABIN N7
  7
SIMPLEX
 72
1
 11
1044.0
 21
951.3187499999999
 31
0.0
100
AcDbText
 73
2
  0
TEXT
  5
14E
330
17
100
AcDbEntity
  8
A-FURN
100
AcDbText
 10
1044.0
 20
948.2812499999999
 30
0.0
 40
2.25
  1
DESK 5'x2.5'
  7
SIMPLEX
 72
1
 11
1044.0
 21
948.2812499999999
 31
0.0
100
AcDbText
 73
2
  0
CIRCLE
  5
14F
330
17
100
AcDbEntity
  8
A-FURN
370
20
100
AcDbCircle
 10
1044.0
 20
978.0
 30
0.0
 40
5.76
  0
TEXT
  5
150
330
17
100
AcDbEntity
  8
A-FURN
100
AcDbText
 10
1044.0
 20
978.0
 30
0.0
 40
3.0
  1
ADVOCATE
  7
SIMPLEX
 72
1
 11
1044.0
 21
978.0
 31
0.0
100
AcDbText
 73
2
  0
CIRCLE
  5
151
330
17
100
AcDbEntity
  8
A-FURN
370
15
100
AcDbCircle
 10
1020.0
 20
921.6
 30
0.0
 40
4.199999999999999
  0
TEXT
  5
152
330
17
100
AcDbEntity
  8
A-FURN
100
AcDbText
 10
1020.0
 20
921.6
 30
0.0
 40
1.5
  1
CLIENT
  7
SIMPLEX
 72
1
 11
1020.0
 21
921.6
 31
0.0
100
AcDbText
 73
2
  0
CIRCLE
  5
153
330
17
100
AcDbEntity
  8
A-FURN
370
15
100
AcDbCircle
 10
1044.0
 20
921.6
 30
0.0
 40
4.199999999999999
  0
TEXT
  5
154
330
17
100
AcDbEntity
  8
A-FURN
100
AcDbText
 10
1044.0
 20
921.6
 30
0.0
 40
1.5
  1
CLIENT
  7
SIMPLEX
 72
1
 11
1044.0
 21
921.6
 31
0.0
100
AcDbText
 73
2
  0
CIRCLE
  5
155
330
17
100
AcDbEntity
  8
A-FURN
370
15
100
AcDbCircle
 10
1068.0
 20
921.6
 30
0.0
 40
4.199999999999999
  0
TEXT
  5
156
330
17
100
AcDbEntity
  8
A-FURN
100
AcDbText
 10
1068.0
 20
921.6
 30
0.0
 40
1.5
  1
CLIENT
  7
SIMPLEX
 72
1
 11
1068.0
 21
921.6
 31
0.0
100
AcDbText
 73
2
  0
LINE
  5
157
330
17
100
AcDbEntity
  8
A-FURN
100
AcDbLine
 10
1077.6
 20
909.6
 30
0.0
 11
1089.6
 21
909.6
 31
0.0
  0
LINE
  5
158
330
17
100
AcDbEntity
  8
A-FURN
100
AcDbLine
 10
1089.6
 20
909.6
 30
0.0
 11
1089.6
 21
984.0
 31
0.0
  0
LINE
  5
159
330
17
100
AcDbEntity
  8
A-FURN
100
AcDbLine
 10
1089.6
 20
984.0
 30
0.0
 11
1077.6
 21
984.0
 31
0.0
  0
LINE
  5
15A
330
17
100
AcDbEntity
  8
A-FURN
100
AcDbLine
 10
1077.6
 20
984.0
 30
0.0
 11
1077.6
 21
909.6
 31
0.0
  0
TEXT
  5
15B
330
17
100
AcDbEntity
  8
A-FURN
100
AcDbText
 10
1083.6
 20
945.0
 30
0.0
 40
2.25
  1
BOOKS / FILES
 50
90.0
  7
SIMPLEX
 72
1
 11
1083.6
 21
945.0
 31
0.0
100
AcDbText
 73
2
  0
LINE
  5
15C
330
17
100
AcDbEntity
  8
A-WALL
370
30
100
AcDbLine
 10
1098.0
 20
888.0
 30
0.0
 11
1194.0
 21
888.0
 31
0.0
  0
LINE
  5
15D
330
17
100
AcDbEntity
  8
A-WALL
370
30
100
AcDbLine
 10
1194.0
 20
888.0
 30
0.0
 11
1194.0
 21
1002.0
 31
0.0
  0
LINE
  5
15E
330
17
100
AcDbEntity
  8
A-WALL
370
30
100
AcDbLine
 10
1194.0
 20
1002.0
 30
0.0
 11
1098.0
 21
1002.0
 31
0.0
  0
LINE
  5
15F
330
17
100
AcDbEntity
  8
A-WALL
370
30
100
AcDbLine
 10
1098.0
 20
1002.0
 30
0.0
 11
1098.0
 21
888.0
 31
0.0
  0
LINE
  5
160
330
17
100
AcDbEntity
  8
A-DOOR
370
30
100
AcDbLine
 10
1098.0
 20
888.0
 30
0.0
 11
1134.0
 21
888.0
 31
0.0
  0
LINE
  5
161
330
17
100
AcDbEntity
  8
A-FURN
370
20
100
AcDbLine
 10
1116.0
 20
936.0
 30
0.0
 11
1176.0
 21
936.0
 31
0.0
  0
LINE
  5
162
330
17
100
AcDbEntity
  8
A-FURN
370
20
100
AcDbLine
 10
1176.0
 20
936.0
 30
0.0
 11
1176.0
 21
963.6
 31
0.0
  0
LINE
  5
163
330
17
100
AcDbEntity
  8
A-FURN
370
20
100
AcDbLine
 10
1176.0
 20
963.6
 30
0.0
 11
1116.0
 21
963.6
 31
0.0
  0
LINE
  5
164
330
17
100
AcDbEntity
  8
A-FURN
370
20
100
AcDbLine
 10
1116.0
 20
963.6
 30
0.0
 11
1116.0
 21
936.0
 31
0.0
  0
TEXT
  5
165
330
17
100
AcDbEntity
  8
A-FURN
100
AcDbText
 10
1146.0
 20
951.3187499999999
 30
0.0
 40
2.25
  1
CABIN N8
  7
SIMPLEX
 72
1
 11
1146.0
 21
951.3187499999999
 31
0.0
100
AcDbText
 73
2
  0
TEXT
  5
166
330
17
100
AcDbEntity
  8
A-FURN
100
AcDbText
 10
1146.0
 20
948.2812499999999
 30
0.0
 40
2.25
  1
DESK 5'x2.5'
  7
SIMPLEX
 72
1
 11
1146.0
 21
948.2812499999999
 31
0.0
100
AcDbText
 73
2
  0
CIRCLE
  5
167
330
17
100
AcDbEntity
  8
A-FURN
370
20
100
AcDbCircle
 10
1146.0
 20
978.0
 30
0.0
 40
5.76
  0
TEXT
  5
168
330
17
100
AcDbEntity
  8
A-FURN
100
AcDbText
 10
1146.0
 20
978.0
 30
0.0
 40
3.0
  1
ADVOCATE
  7
SIMPLEX
 72
1
 11
1146.0
 21
978.0
 31
0.0
100
AcDbText
 73
2
  0
CIRCLE
  5
169
330
17
100
AcDbEntity
  8
A-FURN
370
15
100
AcDbCircle
 10
1122.0
 20
921.6
 30
0.0
 40
4.199999999999999
  0
TEXT
  5
16A
330
17
100
AcDbEntity
  8
A-FURN
100
AcDbText
 10
1122.0
 20
921.6
 30
0.0
 40
1.5
  1
CLIENT
  7
SIMPLEX
 72
1
 11
1122.0
 21
921.6
 31
0.0
100
AcDbText
 73
2
  0
CIRCLE
  5
16B
330
17
100
AcDbEntity
  8
A-FURN
370
15
100
AcDbCircle
 10
1146.0
 20
921.6
 30
0.0
 40
4.199999999999999
  0
TEXT
  5
16C
330
17
100
AcDbEntity
  8
A-FURN
100
AcDbText
 10
1146.0
 20
921.6
 30
0.0
 40
1.5
  1
CLIENT
  7
SIMPLEX
 72
1
 11
1146.0
 21
921.6
 31
0.0
100
AcDbText
 73
2
  0
CIRCLE
  5
16D
330
17
100
AcDbEntity
  8
A-FURN
370
15
100
AcDbCircle
 10
1170.0
 20
921.6
 30
0.0
 40
4.199999999999999
  0
TEXT
  5
16E
330
17
100
AcDbEntity
  8
A-FURN
100
AcDbText
 10
1170.0
 20
921.6
 30
0.0
 40
1.5
  1
CLIENT
  7
SIMPLEX
 72
1
 11
1170.0
 21
921.6
 31
0.0
100
AcDbText
 73
2
  0
LINE
  5
16F
330
17
100
AcDbEntity
  8
A-FURN
100
AcDbLine
 10
1179.6
 20
909.6
 30
0.0
 11
1191.6
 21
909.6
 31
0.0
  0
LINE
  5
170
330
17
100
AcDbEntity
  8
A-FURN
100
AcDbLine
 10
1191.6
 20
909.6
 30
0.0
 11
1191.6
 21
984.0
 31
0.0
  0
LINE
  5
171
330
17
100
AcDbEntity
  8
A-FURN
100
AcDbLine
 10
1191.6
 20
984.0
 30
0.0
 11
1179.6
 21
984.0
 31
0.0
  0
LINE
  5
172
330
17
100
AcDbEntity
  8
A-FURN
100
AcDbLine
 10
1179.6
 20
984.0
 30
0.0
 11
1179.6
 21
909.6
 31
0.0
  0
TEXT
  5
173
330
17
100
AcDbEntity
  8
A-FURN
100
AcDbText
 10
1185.6
 20
945.0
 30
0.0
 40
2.25
  1
BOOKS / FILES
 50
90.0
  7
SIMPLEX
 72
1
 11
1185.6
 21
945.0
 31
0.0
100
AcDbText
 73
2
  0
LINE
  5
174
330
17
100
AcDbEntity
  8
A-WALL
370
40
100
AcDbLine
 10
1200.0
 20
888.0
 30
0.0
 11
1392.0
 21
888.0
 31
0.0
  0
LINE
  5
175
330
17
100
AcDbEntity
  8
A-WALL
370
40
100
AcDbLine
 10
1392.0
 20
888.0
 30
0.0
 11
1392.0
 21
996.0
 31
0.0
  0
LINE
  5
176
330
17
100
AcDbEntity
  8
A-WALL
370
40
100
AcDbLine
 10
1392.0
 20
996.0
 30
0.0
 11
1200.0
 21
996.0
 31
0.0
  0
LINE
  5
177
330
17
100
AcDbEntity
  8
A-WALL
370
40
100
AcDbLine
 10
1200.0
 20
996.0
 30
0.0
 11
1200.0
 21
888.0
 31
0.0
  0
TEXT
  5
178
330
17
100
AcDbEntity
  8
A-TEXT-TTL
100
AcDbText
 10
1296.0
 20
946.05
 30
0.0
 40
6.0
  1
2x LIFTS (13P MRL)
  7
SIMPLEX
 72
1
 11
1296.0
 21
946.05
 31
0.0
100
AcDbText
 73
2
  0
TEXT
  5
179
330
17
100
AcDbEntity
  8
A-TEXT-TTL
100
AcDbText
 10
1296.0
 20
937.9499999999999
 30
0.0
 40
6.0
  1
+ 2x STAIRS (5' WIDE)
  7
SIMPLEX
 72
1
 11
1296.0
 21
937.9499999999999
 31
0.0
100
AcDbText
 73
2
  0
LINE
  5
17A
330
17
100
AcDbEntity
  8
A-JALI
370
20
100
AcDbLine
 10
372.0
 20
297.6
 30
0.0
 11
438.0
 21
297.6
 31
0.0
  0
LINE
  5
17B
330
17
100
AcDbEntity
  8
A-JALI
370
20
100
AcDbLine
 10
372.0
 20
252.0
 30
0.0
 11
372.0
 21
297.6
 31
0.0
  0
LINE
  5
17C
330
17
100
AcDbEntity
  8
A-BAY
370
15
100
AcDbLine
 10
438.0
 20
252.0
 30
0.0
 11
438.0
 21
297.6
 31
0.0
  0
LINE
  5
17D
330
17
100
AcDbEntity
  8
A-BAY
370
15
100
AcDbLine
 10
372.0
 20
252.0
 30
0.0
 11
438.0
 21
252.0
 31
0.0
  0
LINE
  5
17E
330
17
100
AcDbEntity
  8
A-FURN
370
20
100
AcDbLine
 10
381.0
 20
267.0
 30
0.0
 11
429.0
 21
267.0
 31
0.0
  0
LINE
  5
17F
330
17
100
AcDbEntity
  8
A-FURN
370
20
100
AcDbLine
 10
429.0
 20
267.0
 30
0.0
 11
429.0
 21
282.6
 31
0.0
  0
LINE
  5
180
330
17
100
AcDbEntity
  8
A-FURN
370
20
100
AcDbLine
 10
429.0
 20
282.6
 30
0.0
 11
381.0
 21
282.6
 31
0.0
  0
LINE
  5
181
330
17
100
AcDbEntity
  8
A-FURN
370
20
100
AcDbLine
 10
381.0
 20
282.6
 30
0.0
 11
381.0
 21
267.0
 31
0.0
  0
TEXT
  5
182
330
17
100
AcDbEntity
  8
A-BAY
100
AcDbText
 10
405.0
 20
274.8
 30
0.0
 40
3.0
  1
BAY W1
  7
SIMPLEX
 72
1
 11
405.0
 21
274.8
 31
0.0
100
AcDbText
 73
2
  0
CIRCLE
  5
183
330
17
100
AcDbEntity
  8
A-FURN
370
18
100
AcDbCircle
 10
405.0
 20
289.8
 30
0.0
 40
4.199999999999999
  0
TEXT
  5
184
330
17
100
AcDbEntity
  8
A-FURN
100
AcDbText
 10
405.0
 20
289.8
 30
0.0
 40
1.5
  1
ADV
  7
SIMPLEX
 72
1
 11
405.0
 21
289.8
 31
0.0
100
AcDbText
 73
2
  0
CIRCLE
  5
185
330
17
100
AcDbEntity
  8
A-FURN
370
15
100
AcDbCircle
 10
390.48
 20
259.8
 30
0.0
 40
3.3600000000000003
  0
CIRCLE
  5
186
330
17
100
AcDbEntity
  8
A-FURN
370
15
100
AcDbCircle
 10
419.52
 20
259.8
 30
0.0
 40
3.3600000000000003
  0
TEXT
  5
187
330
17
100
AcDbEntity
  8
A-FURN
100
AcDbText
 10
390.48
 20
259.8
 30
0.0
 40
1.125
  1
LIT
  7
SIMPLEX
 72
1
 11
390.48
 21
259.8
 31
0.0
100
AcDbText
 73
2
  0
TEXT
  5
188
330
17
100
AcDbEntity
  8
A-FURN
100
AcDbText
 10
419.52
 20
259.8
 30
0.0
 40
1.125
  1
LIT
  7
SIMPLEX
 72
1
 11
419.52
 21
259.8
 31
0.0
100
AcDbText
 73
2
  0
LINE
  5
189
330
17
100
AcDbEntity
  8
A-JALI
370
20
100
AcDbLine
 10
372.0
 20
345.6
 30
0.0
 11
438.0
 21
345.6
 31
0.0
  0
LINE
  5
18A
330
17
100
AcDbEntity
  8
A-JALI
370
20
100
AcDbLine
 10
372.0
 20
300.0
 30
0.0
 11
372.0
 21
345.6
 31
0.0
  0
LINE
  5
18B
330
17
100
AcDbEntity
  8
A-BAY
370
15
100
AcDbLine
 10
438.0
 20
300.0
 30
0.0
 11
438.0
 21
345.6
 31
0.0
  0
LINE
  5
18C
330
17
100
AcDbEntity
  8
A-BAY
370
15
100
AcDbLine
 10
372.0
 20
300.0
 30
0.0
 11
438.0
 21
300.0
 31
0.0
  0
LINE
  5
18D
330
17
100
AcDbEntity
  8
A-FURN
370
20
100
AcDbLine
 10
381.0
 20
315.0
 30
0.0
 11
429.0
 21
315.0
 31
0.0
  0
LINE
  5
18E
330
17
100
AcDbEntity
  8
A-FURN
370
20
100
AcDbLine
 10
429.0
 20
315.0
 30
0.0
 11
429.0
 21
330.6
 31
0.0
  0
LINE
  5
18F
330
17
100
AcDbEntity
  8
A-FURN
370
20
100
AcDbLine
 10
429.0
 20
330.6
 30
0.0
 11
381.0
 21
330.6
 31
0.0
  0
LINE
  5
190
330
17
100
AcDbEntity
  8
A-FURN
370
20
100
AcDbLine
 10
381.0
 20
330.6
 30
0.0
 11
381.0
 21
315.0
 31
0.0
  0
TEXT
  5
191
330
17
100
AcDbEntity
  8
A-BAY
100
AcDbText
 10
405.0
 20
322.8
 30
0.0
 40
3.0
  1
BAY W2
  7
SIMPLEX
 72
1
 11
405.0
 21
322.8
 31
0.0
100
AcDbText
 73
2
  0
CIRCLE
  5
192
330
17
100
AcDbEntity
  8
A-FURN
370
18
100
AcDbCircle
 10
405.0
 20
337.8
 30
0.0
 40
4.199999999999999
  0
TEXT
  5
193
330
17
100
AcDbEntity
  8
A-FURN
100
AcDbText
 10
405.0
 20
337.8
 30
0.0
 40
1.5
  1
ADV
  7
SIMPLEX
 72
1
 11
405.0
 21
337.8
 31
0.0
100
AcDbText
 73
2
  0
CIRCLE
  5
194
330
17
100
AcDbEntity
  8
A-FURN
370
15
100
AcDbCircle
 10
390.48
 20
307.8
 30
0.0
 40
3.3600000000000003
  0
CIRCLE
  5
195
330
17
100
AcDbEntity
  8
A-FURN
370
15
100
AcDbCircle
 10
419.52
 20
307.8
 30
0.0
 40
3.3600000000000003
  0
TEXT
  5
196
330
17
100
AcDbEntity
  8
A-FURN
100
AcDbText
 10
390.48
 20
307.8
 30
0.0
 40
1.125
  1
LIT
  7
SIMPLEX
 72
1
 11
390.48
 21
307.8
 31
0.0
100
AcDbText
 73
2
  0
TEXT
  5
197
330
17
100
AcDbEntity
  8
A-FURN
100
AcDbText
 10
419.52
 20
307.8
 30
0.0
 40
1.125
  1
LIT
  7
SIMPLEX
 72
1
 11
419.52
 21
307.8
 31
0.0
100
AcDbText
 73
2
  0
LINE
  5
198
330
17
100
AcDbEntity
  8
A-JALI
370
20
100
AcDbLine
 10
372.0
 20
393.6
 30
0.0
 11
438.0
 21
393.6
 31
0.0
  0
LINE
  5
199
330
17
100
AcDbEntity
  8
A-JALI
370
20
100
AcDbLine
 10
372.0
 20
348.0
 30
0.0
 11
372.0
 21
393.6
 31
0.0
  0
LINE
  5
19A
330
17
100
AcDbEntity
  8
A-BAY
370
15
100
AcDbLine
 10
438.0
 20
348.0
 30
0.0
 11
438.0
 21
393.6
 31
0.0
  0
LINE
  5
19B
330
17
100
AcDbEntity
  8
A-BAY
370
15
100
AcDbLine
 10
372.0
 20
348.0
 30
0.0
 11
438.0
 21
348.0
 31
0.0
  0
LINE
  5
19C
330
17
100
AcDbEntity
  8
A-FURN
370
20
100
AcDbLine
 10
381.0
 20
363.0
 30
0.0
 11
429.0
 21
363.0
 31
0.0
  0
LINE
  5
19D
330
17
100
AcDbEntity
  8
A-FURN
370
20
100
AcDbLine
 10
429.0
 20
363.0
 30
0.0
 11
429.0
 21
378.6
 31
0.0
  0
LINE
  5
19E
330
17
100
AcDbEntity
  8
A-FURN
370
20
100
AcDbLine
 10
429.0
 20
378.6
 30
0.0
 11
381.0
 21
378.6
 31
0.0
  0
LINE
  5
19F
330
17
100
AcDbEntity
  8
A-FURN
370
20
100
AcDbLine
 10
381.0
 20
378.6
 30
0.0
 11
381.0
 21
363.0
 31
0.0
  0
TEXT
  5
1A0
330
17
100
AcDbEntity
  8
A-BAY
100
AcDbText
 10
405.0
 20
370.8
 30
0.0
 40
3.0
  1
BAY W3
  7
SIMPLEX
 72
1
 11
405.0
 21
370.8
 31
0.0
100
AcDbText
 73
2
  0
CIRCLE
  5
1A1
330
17
100
AcDbEntity
  8
A-FURN
370
18
100
AcDbCircle
 10
405.0
 20
385.8
 30
0.0
 40
4.199999999999999
  0
TEXT
  5
1A2
330
17
100
AcDbEntity
  8
A-FURN
100
AcDbText
 10
405.0
 20
385.8
 30
0.0
 40
1.5
  1
ADV
  7
SIMPLEX
 72
1
 11
405.0
 21
385.8
 31
0.0
100
AcDbText
 73
2
  0
CIRCLE
  5
1A3
330
17
100
AcDbEntity
  8
A-FURN
370
15
100
AcDbCircle
 10
390.48
 20
355.8
 30
0.0
 40
3.3600000000000003
  0
CIRCLE
  5
1A4
330
17
100
AcDbEntity
  8
A-FURN
370
15
100
AcDbCircle
 10
419.52
 20
355.8
 30
0.0
 40
3.3600000000000003
  0
TEXT
  5
1A5
330
17
100
AcDbEntity
  8
A-FURN
100
AcDbText
 10
390.48
 20
355.8
 30
0.0
 40
1.125
  1
LIT
  7
SIMPLEX
 72
1
 11
390.48
 21
355.8
 31
0.0
100
AcDbText
 73
2
  0
TEXT
  5
1A6
330
17
100
AcDbEntity
  8
A-FURN
100
AcDbText
 10
419.52
 20
355.8
 30
0.0
 40
1.125
  1
LIT
  7
SIMPLEX
 72
1
 11
419.52
 21
355.8
 31
0.0
100
AcDbText
 73
2
  0
LINE
  5
1A7
330
17
100
AcDbEntity
  8
A-JALI
370
20
100
AcDbLine
 10
372.0
 20
441.6
 30
0.0
 11
438.0
 21
441.6
 31
0.0
  0
LINE
  5
1A8
330
17
100
AcDbEntity
  8
A-JALI
370
20
100
AcDbLine
 10
372.0
 20
396.0
 30
0.0
 11
372.0
 21
441.6
 31
0.0
  0
LINE
  5
1A9
330
17
100
AcDbEntity
  8
A-BAY
370
15
100
AcDbLine
 10
438.0
 20
396.0
 30
0.0
 11
438.0
 21
441.6
 31
0.0
  0
LINE
  5
1AA
330
17
100
AcDbEntity
  8
A-BAY
370
15
100
AcDbLine
 10
372.0
 20
396.0
 30
0.0
 11
438.0
 21
396.0
 31
0.0
  0
LINE
  5
1AB
330
17
100
AcDbEntity
  8
A-FURN
370
20
100
AcDbLine
 10
381.0
 20
411.0
 30
0.0
 11
429.0
 21
411.0
 31
0.0
  0
LINE
  5
1AC
330
17
100
AcDbEntity
  8
A-FURN
370
20
100
AcDbLine
 10
429.0
 20
411.0
 30
0.0
 11
429.0
 21
426.6
 31
0.0
  0
LINE
  5
1AD
330
17
100
AcDbEntity
  8
A-FURN
370
20
100
AcDbLine
 10
429.0
 20
426.6
 30
0.0
 11
381.0
 21
426.6
 31
0.0
  0
LINE
  5
1AE
330
17
100
AcDbEntity
  8
A-FURN
370
20
100
AcDbLine
 10
381.0
 20
426.6
 30
0.0
 11
381.0
 21
411.0
 31
0.0
  0
TEXT
  5
1AF
330
17
100
AcDbEntity
  8
A-BAY
100
AcDbText
 10
405.0
 20
418.8
 30
0.0
 40
3.0
  1
BAY W4
  7
SIMPLEX
 72
1
 11
405.0
 21
418.8
 31
0.0
100
AcDbText
 73
2
  0
CIRCLE
  5
1B0
330
17
100
AcDbEntity
  8
A-FURN
370
18
100
AcDbCircle
 10
405.0
 20
433.8
 30
0.0
 40
4.199999999999999
  0
TEXT
  5
1B1
330
17
100
AcDbEntity
  8
A-FURN
100
AcDbText
 10
405.0
 20
433.8
 30
0.0
 40
1.5
  1
ADV
  7
SIMPLEX
 72
1
 11
405.0
 21
433.8
 31
0.0
100
AcDbText
 73
2
  0
CIRCLE
  5
1B2
330
17
100
AcDbEntity
  8
A-FURN
370
15
100
AcDbCircle
 10
390.48
 20
403.8
 30
0.0
 40
3.3600000000000003
  0
CIRCLE
  5
1B3
330
17
100
AcDbEntity
  8
A-FURN
370
15
100
AcDbCircle
 10
419.52
 20
403.8
 30
0.0
 40
3.3600000000000003
  0
TEXT
  5
1B4
330
17
100
AcDbEntity
  8
A-FURN
100
AcDbText
 10
390.48
 20
403.8
 30
0.0
 40
1.125
  1
LIT
  7
SIMPLEX
 72
1
 11
390.48
 21
403.8
 31
0.0
100
AcDbText
 73
2
  0
TEXT
  5
1B5
330
17
100
AcDbEntity
  8
A-FURN
100
AcDbText
 10
419.52
 20
403.8
 30
0.0
 40
1.125
  1
LIT
  7
SIMPLEX
 72
1
 11
419.52
 21
403.8
 31
0.0
100
AcDbText
 73
2
  0
LINE
  5
1B6
330
17
100
AcDbEntity
  8
A-JALI
370
20
100
AcDbLine
 10
372.0
 20
489.6
 30
0.0
 11
438.0
 21
489.6
 31
0.0
  0
LINE
  5
1B7
330
17
100
AcDbEntity
  8
A-JALI
370
20
100
AcDbLine
 10
372.0
 20
444.0
 30
0.0
 11
372.0
 21
489.6
 31
0.0
  0
LINE
  5
1B8
330
17
100
AcDbEntity
  8
A-BAY
370
15
100
AcDbLine
 10
438.0
 20
444.0
 30
0.0
 11
438.0
 21
489.6
 31
0.0
  0
LINE
  5
1B9
330
17
100
AcDbEntity
  8
A-BAY
370
15
100
AcDbLine
 10
372.0
 20
444.0
 30
0.0
 11
438.0
 21
444.0
 31
0.0
  0
LINE
  5
1BA
330
17
100
AcDbEntity
  8
A-FURN
370
20
100
AcDbLine
 10
381.0
 20
459.0
 30
0.0
 11
429.0
 21
459.0
 31
0.0
  0
LINE
  5
1BB
330
17
100
AcDbEntity
  8
A-FURN
370
20
100
AcDbLine
 10
429.0
 20
459.0
 30
0.0
 11
429.0
 21
474.6
 31
0.0
  0
LINE
  5
1BC
330
17
100
AcDbEntity
  8
A-FURN
370
20
100
AcDbLine
 10
429.0
 20
474.6
 30
0.0
 11
381.0
 21
474.6
 31
0.0
  0
LINE
  5
1BD
330
17
100
AcDbEntity
  8
A-FURN
370
20
100
AcDbLine
 10
381.0
 20
474.6
 30
0.0
 11
381.0
 21
459.0
 31
0.0
  0
TEXT
  5
1BE
330
17
100
AcDbEntity
  8
A-BAY
100
AcDbText
 10
405.0
 20
466.8
 30
0.0
 40
3.0
  1
BAY W5
  7
SIMPLEX
 72
1
 11
405.0
 21
466.8
 31
0.0
100
AcDbText
 73
2
  0
CIRCLE
  5
1BF
330
17
100
AcDbEntity
  8
A-FURN
370
18
100
AcDbCircle
 10
405.0
 20
481.8
 30
0.0
 40
4.199999999999999
  0
TEXT
  5
1C0
330
17
100
AcDbEntity
  8
A-FURN
100
AcDbText
 10
405.0
 20
481.8
 30
0.0
 40
1.5
  1
ADV
  7
SIMPLEX
 72
1
 11
405.0
 21
481.8
 31
0.0
100
AcDbText
 73
2
  0
CIRCLE
  5
1C1
330
17
100
AcDbEntity
  8
A-FURN
370
15
100
AcDbCircle
 10
390.48
 20
451.8
 30
0.0
 40
3.3600000000000003
  0
CIRCLE
  5
1C2
330
17
100
AcDbEntity
  8
A-FURN
370
15
100
AcDbCircle
 10
419.52
 20
451.8
 30
0.0
 40
3.3600000000000003
  0
TEXT
  5
1C3
330
17
100
AcDbEntity
  8
A-FURN
100
AcDbText
 10
390.48
 20
451.8
 30
0.0
 40
1.125
  1
LIT
  7
SIMPLEX
 72
1
 11
390.48
 21
451.8
 31
0.0
100
AcDbText
 73
2
  0
TEXT
  5
1C4
330
17
100
AcDbEntity
  8
A-FURN
100
AcDbText
 10
419.52
 20
451.8
 30
0.0
 40
1.125
  1
LIT
  7
SIMPLEX
 72
1
 11
419.52
 21
451.8
 31
0.0
100
AcDbText
 73
2
  0
LINE
  5
1C5
330
17
100
AcDbEntity
  8
A-JALI
370
20
100
AcDbLine
 10
372.0
 20
537.6
 30
0.0
 11
438.0
 21
537.6
 31
0.0
  0
LINE
  5
1C6
330
17
100
AcDbEntity
  8
A-JALI
370
20
100
AcDbLine
 10
372.0
 20
492.0
 30
0.0
 11
372.0
 21
537.6
 31
0.0
  0
LINE
  5
1C7
330
17
100
AcDbEntity
  8
A-BAY
370
15
100
AcDbLine
 10
438.0
 20
492.0
 30
0.0
 11
438.0
 21
537.6
 31
0.0
  0
LINE
  5
1C8
330
17
100
AcDbEntity
  8
A-BAY
370
15
100
AcDbLine
 10
372.0
 20
492.0
 30
0.0
 11
438.0
 21
492.0
 31
0.0
  0
LINE
  5
1C9
330
17
100
AcDbEntity
  8
A-FURN
370
20
100
AcDbLine
 10
381.0
 20
507.0
 30
0.0
 11
429.0
 21
507.0
 31
0.0
  0
LINE
  5
1CA
330
17
100
AcDbEntity
  8
A-FURN
370
20
100
AcDbLine
 10
429.0
 20
507.0
 30
0.0
 11
429.0
 21
522.6
 31
0.0
  0
LINE
  5
1CB
330
17
100
AcDbEntity
  8
A-FURN
370
20
100
AcDbLine
 10
429.0
 20
522.6
 30
0.0
 11
381.0
 21
522.6
 31
0.0
  0
LINE
  5
1CC
330
17
100
AcDbEntity
  8
A-FURN
370
20
100
AcDbLine
 10
381.0
 20
522.6
 30
0.0
 11
381.0
 21
507.0
 31
0.0
  0
TEXT
  5
1CD
330
17
100
AcDbEntity
  8
A-BAY
100
AcDbText
 10
405.0
 20
514.8
 30
0.0
 40
3.0
  1
BAY W6
  7
SIMPLEX
 72
1
 11
405.0
 21
514.8
 31
0.0
100
AcDbText
 73
2
  0
CIRCLE
  5
1CE
330
17
100
AcDbEntity
  8
A-FURN
370
18
100
AcDbCircle
 10
405.0
 20
529.8000000000001
 30
0.0
 40
4.199999999999999
  0
TEXT
  5
1CF
330
17
100
AcDbEntity
  8
A-FURN
100
AcDbText
 10
405.0
 20
529.8000000000001
 30
0.0
 40
1.5
  1
ADV
  7
SIMPLEX
 72
1
 11
405.0
 21
529.8000000000001
 31
0.0
100
AcDbText
 73
2
  0
CIRCLE
  5
1D0
330
17
100
AcDbEntity
  8
A-FURN
370
15
100
AcDbCircle
 10
390.48
 20
499.8
 30
0.0
 40
3.3600000000000003
  0
CIRCLE
  5
1D1
330
17
100
AcDbEntity
  8
A-FURN
370
15
100
AcDbCircle
 10
419.52
 20
499.8
 30
0.0
 40
3.3600000000000003
  0
TEXT
  5
1D2
330
17
100
AcDbEntity
  8
A-FURN
100
AcDbText
 10
390.48
 20
499.8
 30
0.0
 40
1.125
  1
LIT
  7
SIMPLEX
 72
1
 11
390.48
 21
499.8
 31
0.0
100
AcDbText
 73
2
  0
TEXT
  5
1D3
330
17
100
AcDbEntity
  8
A-FURN
100
AcDbText
 10
419.52
 20
499.8
 30
0.0
 40
1.125
  1
LIT
  7
SIMPLEX
 72
1
 11
419.52
 21
499.8
 31
0.0
100
AcDbText
 73
2
  0
LINE
  5
1D4
330
17
100
AcDbEntity
  8
A-JALI
370
20
100
AcDbLine
 10
372.0
 20
585.6
 30
0.0
 11
438.0
 21
585.6
 31
0.0
  0
LINE
  5
1D5
330
17
100
AcDbEntity
  8
A-JALI
370
20
100
AcDbLine
 10
372.0
 20
540.0
 30
0.0
 11
372.0
 21
585.6
 31
0.0
  0
LINE
  5
1D6
330
17
100
AcDbEntity
  8
A-BAY
370
15
100
AcDbLine
 10
438.0
 20
540.0
 30
0.0
 11
438.0
 21
585.6
 31
0.0
  0
LINE
  5
1D7
330
17
100
AcDbEntity
  8
A-BAY
370
15
100
AcDbLine
 10
372.0
 20
540.0
 30
0.0
 11
438.0
 21
540.0
 31
0.0
  0
LINE
  5
1D8
330
17
100
AcDbEntity
  8
A-FURN
370
20
100
AcDbLine
 10
381.0
 20
555.0
 30
0.0
 11
429.0
 21
555.0
 31
0.0
  0
LINE
  5
1D9
330
17
100
AcDbEntity
  8
A-FURN
370
20
100
AcDbLine
 10
429.0
 20
555.0
 30
0.0
 11
429.0
 21
570.6
 31
0.0
  0
LINE
  5
1DA
330
17
100
AcDbEntity
  8
A-FURN
370
20
100
AcDbLine
 10
429.0
 20
570.6
 30
0.0
 11
381.0
 21
570.6
 31
0.0
  0
LINE
  5
1DB
330
17
100
AcDbEntity
  8
A-FURN
370
20
100
AcDbLine
 10
381.0
 20
570.6
 30
0.0
 11
381.0
 21
555.0
 31
0.0
  0
TEXT
  5
1DC
330
17
100
AcDbEntity
  8
A-BAY
100
AcDbText
 10
405.0
 20
562.8
 30
0.0
 40
3.0
  1
BAY W7
  7
SIMPLEX
 72
1
 11
405.0
 21
562.8
 31
0.0
100
AcDbText
 73
2
  0
CIRCLE
  5
1DD
330
17
100
AcDbEntity
  8
A-FURN
370
18
100
AcDbCircle
 10
405.0
 20
577.8000000000001
 30
0.0
 40
4.199999999999999
  0
TEXT
  5
1DE
330
17
100
AcDbEntity
  8
A-FURN
100
AcDbText
 10
405.0
 20
577.8000000000001
 30
0.0
 40
1.5
  1
ADV
  7
SIMPLEX
 72
1
 11
405.0
 21
577.8000000000001
 31
0.0
100
AcDbText
 73
2
  0
CIRCLE
  5
1DF
330
17
100
AcDbEntity
  8
A-FURN
370
15
100
AcDbCircle
 10
390.48
 20
547.8
 30
0.0
 40
3.3600000000000003
  0
CIRCLE
  5
1E0
330
17
100
AcDbEntity
  8
A-FURN
370
15
100
AcDbCircle
 10
419.52
 20
547.8
 30
0.0
 40
3.3600000000000003
  0
TEXT
  5
1E1
330
17
100
AcDbEntity
  8
A-FURN
100
AcDbText
 10
390.48
 20
547.8
 30
0.0
 40
1.125
  1
LIT
  7
SIMPLEX
 72
1
 11
390.48
 21
547.8
 31
0.0
100
AcDbText
 73
2
  0
TEXT
  5
1E2
330
17
100
AcDbEntity
  8
A-FURN
100
AcDbText
 10
419.52
 20
547.8
 30
0.0
 40
1.125
  1
LIT
  7
SIMPLEX
 72
1
 11
419.52
 21
547.8
 31
0.0
100
AcDbText
 73
2
  0
LINE
  5
1E3
330
17
100
AcDbEntity
  8
A-JALI
370
20
100
AcDbLine
 10
444.0
 20
297.6
 30
0.0
 11
510.0
 21
297.6
 31
0.0
  0
LINE
  5
1E4
330
17
100
AcDbEntity
  8
A-JALI
370
20
100
AcDbLine
 10
444.0
 20
252.0
 30
0.0
 11
444.0
 21
297.6
 31
0.0
  0
LINE
  5
1E5
330
17
100
AcDbEntity
  8
A-BAY
370
15
100
AcDbLine
 10
510.0
 20
252.0
 30
0.0
 11
510.0
 21
297.6
 31
0.0
  0
LINE
  5
1E6
330
17
100
AcDbEntity
  8
A-BAY
370
15
100
AcDbLine
 10
444.0
 20
252.0
 30
0.0
 11
510.0
 21
252.0
 31
0.0
  0
LINE
  5
1E7
330
17
100
AcDbEntity
  8
A-FURN
370
20
100
AcDbLine
 10
453.0
 20
267.0
 30
0.0
 11
501.0
 21
267.0
 31
0.0
  0
LINE
  5
1E8
330
17
100
AcDbEntity
  8
A-FURN
370
20
100
AcDbLine
 10
501.0
 20
267.0
 30
0.0
 11
501.0
 21
282.6
 31
0.0
  0
LINE
  5
1E9
330
17
100
AcDbEntity
  8
A-FURN
370
20
100
AcDbLine
 10
501.0
 20
282.6
 30
0.0
 11
453.0
 21
282.6
 31
0.0
  0
LINE
  5
1EA
330
17
100
AcDbEntity
  8
A-FURN
370
20
100
AcDbLine
 10
453.0
 20
282.6
 30
0.0
 11
453.0
 21
267.0
 31
0.0
  0
TEXT
  5
1EB
330
17
100
AcDbEntity
  8
A-BAY
100
AcDbText
 10
477.0
 20
274.8
 30
0.0
 40
3.0
  1
BAY W8
  7
SIMPLEX
 72
1
 11
477.0
 21
274.8
 31
0.0
100
AcDbText
 73
2
  0
CIRCLE
  5
1EC
330
17
100
AcDbEntity
  8
A-FURN
370
18
100
AcDbCircle
 10
477.0
 20
259.8
 30
0.0
 40
4.199999999999999
  0
TEXT
  5
1ED
330
17
100
AcDbEntity
  8
A-FURN
100
AcDbText
 10
477.0
 20
259.8
 30
0.0
 40
1.5
  1
ADV
  7
SIMPLEX
 72
1
 11
477.0
 21
259.8
 31
0.0
100
AcDbText
 73
2
  0
CIRCLE
  5
1EE
330
17
100
AcDbEntity
  8
A-FURN
370
15
100
AcDbCircle
 10
462.48
 20
289.8
 30
0.0
 40
3.3600000000000003
  0
CIRCLE
  5
1EF
330
17
100
AcDbEntity
  8
A-FURN
370
15
100
AcDbCircle
 10
491.52
 20
289.8
 30
0.0
 40
3.3600000000000003
  0
TEXT
  5
1F0
330
17
100
AcDbEntity
  8
A-FURN
100
AcDbText
 10
462.48
 20
289.8
 30
0.0
 40
1.125
  1
LIT
  7
SIMPLEX
 72
1
 11
462.48
 21
289.8
 31
0.0
100
AcDbText
 73
2
  0
TEXT
  5
1F1
330
17
100
AcDbEntity
  8
A-FURN
100
AcDbText
 10
491.52
 20
289.8
 30
0.0
 40
1.125
  1
LIT
  7
SIMPLEX
 72
1
 11
491.52
 21
289.8
 31
0.0
100
AcDbText
 73
2
  0
LINE
  5
1F2
330
17
100
AcDbEntity
  8
A-JALI
370
20
100
AcDbLine
 10
444.0
 20
345.6
 30
0.0
 11
510.0
 21
345.6
 31
0.0
  0
LINE
  5
1F3
330
17
100
AcDbEntity
  8
A-JALI
370
20
100
AcDbLine
 10
444.0
 20
300.0
 30
0.0
 11
444.0
 21
345.6
 31
0.0
  0
LINE
  5
1F4
330
17
100
AcDbEntity
  8
A-BAY
370
15
100
AcDbLine
 10
510.0
 20
300.0
 30
0.0
 11
510.0
 21
345.6
 31
0.0
  0
LINE
  5
1F5
330
17
100
AcDbEntity
  8
A-BAY
370
15
100
AcDbLine
 10
444.0
 20
300.0
 30
0.0
 11
510.0
 21
300.0
 31
0.0
  0
LINE
  5
1F6
330
17
100
AcDbEntity
  8
A-FURN
370
20
100
AcDbLine
 10
453.0
 20
315.0
 30
0.0
 11
501.0
 21
315.0
 31
0.0
  0
LINE
  5
1F7
330
17
100
AcDbEntity
  8
A-FURN
370
20
100
AcDbLine
 10
501.0
 20
315.0
 30
0.0
 11
501.0
 21
330.6
 31
0.0
  0
LINE
  5
1F8
330
17
100
AcDbEntity
  8
A-FURN
370
20
100
AcDbLine
 10
501.0
 20
330.6
 30
0.0
 11
453.0
 21
330.6
 31
0.0
  0
LINE
  5
1F9
330
17
100
AcDbEntity
  8
A-FURN
370
20
100
AcDbLine
 10
453.0
 20
330.6
 30
0.0
 11
453.0
 21
315.0
 31
0.0
  0
TEXT
  5
1FA
330
17
100
AcDbEntity
  8
A-BAY
100
AcDbText
 10
477.0
 20
322.8
 30
0.0
 40
3.0
  1
BAY W9
  7
SIMPLEX
 72
1
 11
477.0
 21
322.8
 31
0.0
100
AcDbText
 73
2
  0
CIRCLE
  5
1FB
330
17
100
AcDbEntity
  8
A-FURN
370
18
100
AcDbCircle
 10
477.0
 20
307.8
 30
0.0
 40
4.199999999999999
  0
TEXT
  5
1FC
330
17
100
AcDbEntity
  8
A-FURN
100
AcDbText
 10
477.0
 20
307.8
 30
0.0
 40
1.5
  1
ADV
  7
SIMPLEX
 72
1
 11
477.0
 21
307.8
 31
0.0
100
AcDbText
 73
2
  0
CIRCLE
  5
1FD
330
17
100
AcDbEntity
  8
A-FURN
370
15
100
AcDbCircle
 10
462.48
 20
337.8
 30
0.0
 40
3.3600000000000003
  0
CIRCLE
  5
1FE
330
17
100
AcDbEntity
  8
A-FURN
370
15
100
AcDbCircle
 10
491.52
 20
337.8
 30
0.0
 40
3.3600000000000003
  0
TEXT
  5
1FF
330
17
100
AcDbEntity
  8
A-FURN
100
AcDbText
 10
462.48
 20
337.8
 30
0.0
 40
1.125
  1
LIT
  7
SIMPLEX
 72
1
 11
462.48
 21
337.8
 31
0.0
100
AcDbText
 73
2
  0
TEXT
  5
200
330
17
100
AcDbEntity
  8
A-FURN
100
AcDbText
 10
491.52
 20
337.8
 30
0.0
 40
1.125
  1
LIT
  7
SIMPLEX
 72
1
 11
491.52
 21
337.8
 31
0.0
100
AcDbText
 73
2
  0
LINE
  5
201
330
17
100
AcDbEntity
  8
A-JALI
370
20
100
AcDbLine
 10
444.0
 20
393.6
 30
0.0
 11
510.0
 21
393.6
 31
0.0
  0
LINE
  5
202
330
17
100
AcDbEntity
  8
A-JALI
370
20
100
AcDbLine
 10
444.0
 20
348.0
 30
0.0
 11
444.0
 21
393.6
 31
0.0
  0
LINE
  5
203
330
17
100
AcDbEntity
  8
A-BAY
370
15
100
AcDbLine
 10
510.0
 20
348.0
 30
0.0
 11
510.0
 21
393.6
 31
0.0
  0
LINE
  5
204
330
17
100
AcDbEntity
  8
A-BAY
370
15
100
AcDbLine
 10
444.0
 20
348.0
 30
0.0
 11
510.0
 21
348.0
 31
0.0
  0
LINE
  5
205
330
17
100
AcDbEntity
  8
A-FURN
370
20
100
AcDbLine
 10
453.0
 20
363.0
 30
0.0
 11
501.0
 21
363.0
 31
0.0
  0
LINE
  5
206
330
17
100
AcDbEntity
  8
A-FURN
370
20
100
AcDbLine
 10
501.0
 20
363.0
 30
0.0
 11
501.0
 21
378.6
 31
0.0
  0
LINE
  5
207
330
17
100
AcDbEntity
  8
A-FURN
370
20
100
AcDbLine
 10
501.0
 20
378.6
 30
0.0
 11
453.0
 21
378.6
 31
0.0
  0
LINE
  5
208
330
17
100
AcDbEntity
  8
A-FURN
370
20
100
AcDbLine
 10
453.0
 20
378.6
 30
0.0
 11
453.0
 21
363.0
 31
0.0
  0
TEXT
  5
209
330
17
100
AcDbEntity
  8
A-BAY
100
AcDbText
 10
477.0
 20
370.8
 30
0.0
 40
3.0
  1
BAY W10
  7
SIMPLEX
 72
1
 11
477.0
 21
370.8
 31
0.0
100
AcDbText
 73
2
  0
CIRCLE
  5
20A
330
17
100
AcDbEntity
  8
A-FURN
370
18
100
AcDbCircle
 10
477.0
 20
355.8
 30
0.0
 40
4.199999999999999
  0
TEXT
  5
20B
330
17
100
AcDbEntity
  8
A-FURN
100
AcDbText
 10
477.0
 20
355.8
 30
0.0
 40
1.5
  1
ADV
  7
SIMPLEX
 72
1
 11
477.0
 21
355.8
 31
0.0
100
AcDbText
 73
2
  0
CIRCLE
  5
20C
330
17
100
AcDbEntity
  8
A-FURN
370
15
100
AcDbCircle
 10
462.48
 20
385.8
 30
0.0
 40
3.3600000000000003
  0
CIRCLE
  5
20D
330
17
100
AcDbEntity
  8
A-FURN
370
15
100
AcDbCircle
 10
491.52
 20
385.8
 30
0.0
 40
3.3600000000000003
  0
TEXT
  5
20E
330
17
100
AcDbEntity
  8
A-FURN
100
AcDbText
 10
462.48
 20
385.8
 30
0.0
 40
1.125
  1
LIT
  7
SIMPLEX
 72
1
 11
462.48
 21
385.8
 31
0.0
100
AcDbText
 73
2
  0
TEXT
  5
20F
330
17
100
AcDbEntity
  8
A-FURN
100
AcDbText
 10
491.52
 20
385.8
 30
0.0
 40
1.125
  1
LIT
  7
SIMPLEX
 72
1
 11
491.52
 21
385.8
 31
0.0
100
AcDbText
 73
2
  0
LINE
  5
210
330
17
100
AcDbEntity
  8
A-JALI
370
20
100
AcDbLine
 10
444.0
 20
441.6
 30
0.0
 11
510.0
 21
441.6
 31
0.0
  0
LINE
  5
211
330
17
100
AcDbEntity
  8
A-JALI
370
20
100
AcDbLine
 10
444.0
 20
396.0
 30
0.0
 11
444.0
 21
441.6
 31
0.0
  0
LINE
  5
212
330
17
100
AcDbEntity
  8
A-BAY
370
15
100
AcDbLine
 10
510.0
 20
396.0
 30
0.0
 11
510.0
 21
441.6
 31
0.0
  0
LINE
  5
213
330
17
100
AcDbEntity
  8
A-BAY
370
15
100
AcDbLine
 10
444.0
 20
396.0
 30
0.0
 11
510.0
 21
396.0
 31
0.0
  0
LINE
  5
214
330
17
100
AcDbEntity
  8
A-FURN
370
20
100
AcDbLine
 10
453.0
 20
411.0
 30
0.0
 11
501.0
 21
411.0
 31
0.0
  0
LINE
  5
215
330
17
100
AcDbEntity
  8
A-FURN
370
20
100
AcDbLine
 10
501.0
 20
411.0
 30
0.0
 11
501.0
 21
426.6
 31
0.0
  0
LINE
  5
216
330
17
100
AcDbEntity
  8
A-FURN
370
20
100
AcDbLine
 10
501.0
 20
426.6
 30
0.0
 11
453.0
 21
426.6
 31
0.0
  0
LINE
  5
217
330
17
100
AcDbEntity
  8
A-FURN
370
20
100
AcDbLine
 10
453.0
 20
426.6
 30
0.0
 11
453.0
 21
411.0
 31
0.0
  0
TEXT
  5
218
330
17
100
AcDbEntity
  8
A-BAY
100
AcDbText
 10
477.0
 20
418.8
 30
0.0
 40
3.0
  1
BAY W11
  7
SIMPLEX
 72
1
 11
477.0
 21
418.8
 31
0.0
100
AcDbText
 73
2
  0
CIRCLE
  5
219
330
17
100
AcDbEntity
  8
A-FURN
370
18
100
AcDbCircle
 10
477.0
 20
403.8
 30
0.0
 40
4.199999999999999
  0
TEXT
  5
21A
330
17
100
AcDbEntity
  8
A-FURN
100
AcDbText
 10
477.0
 20
403.8
 30
0.0
 40
1.5
  1
ADV
  7
SIMPLEX
 72
1
 11
477.0
 21
403.8
 31
0.0
100
AcDbText
 73
2
  0
CIRCLE
  5
21B
330
17
100
AcDbEntity
  8
A-FURN
370
15
100
AcDbCircle
 10
462.48
 20
433.8
 30
0.0
 40
3.3600000000000003
  0
CIRCLE
  5
21C
330
17
100
AcDbEntity
  8
A-FURN
370
15
100
AcDbCircle
 10
491.52
 20
433.8
 30
0.0
 40
3.3600000000000003
  0
TEXT
  5
21D
330
17
100
AcDbEntity
  8
A-FURN
100
AcDbText
 10
462.48
 20
433.8
 30
0.0
 40
1.125
  1
LIT
  7
SIMPLEX
 72
1
 11
462.48
 21
433.8
 31
0.0
100
AcDbText
 73
2
  0
TEXT
  5
21E
330
17
100
AcDbEntity
  8
A-FURN
100
AcDbText
 10
491.52
 20
433.8
 30
0.0
 40
1.125
  1
LIT
  7
SIMPLEX
 72
1
 11
491.52
 21
433.8
 31
0.0
100
AcDbText
 73
2
  0
LINE
  5
21F
330
17
100
AcDbEntity
  8
A-JALI
370
20
100
AcDbLine
 10
444.0
 20
489.6
 30
0.0
 11
510.0
 21
489.6
 31
0.0
  0
LINE
  5
220
330
17
100
AcDbEntity
  8
A-JALI
370
20
100
AcDbLine
 10
444.0
 20
444.0
 30
0.0
 11
444.0
 21
489.6
 31
0.0
  0
LINE
  5
221
330
17
100
AcDbEntity
  8
A-BAY
370
15
100
AcDbLine
 10
510.0
 20
444.0
 30
0.0
 11
510.0
 21
489.6
 31
0.0
  0
LINE
  5
222
330
17
100
AcDbEntity
  8
A-BAY
370
15
100
AcDbLine
 10
444.0
 20
444.0
 30
0.0
 11
510.0
 21
444.0
 31
0.0
  0
LINE
  5
223
330
17
100
AcDbEntity
  8
A-FURN
370
20
100
AcDbLine
 10
453.0
 20
459.0
 30
0.0
 11
501.0
 21
459.0
 31
0.0
  0
LINE
  5
224
330
17
100
AcDbEntity
  8
A-FURN
370
20
100
AcDbLine
 10
501.0
 20
459.0
 30
0.0
 11
501.0
 21
474.6
 31
0.0
  0
LINE
  5
225
330
17
100
AcDbEntity
  8
A-FURN
370
20
100
AcDbLine
 10
501.0
 20
474.6
 30
0.0
 11
453.0
 21
474.6
 31
0.0
  0
LINE
  5
226
330
17
100
AcDbEntity
  8
A-FURN
370
20
100
AcDbLine
 10
453.0
 20
474.6
 30
0.0
 11
453.0
 21
459.0
 31
0.0
  0
TEXT
  5
227
330
17
100
AcDbEntity
  8
A-BAY
100
AcDbText
 10
477.0
 20
466.8
 30
0.0
 40
3.0
  1
BAY W12
  7
SIMPLEX
 72
1
 11
477.0
 21
466.8
 31
0.0
100
AcDbText
 73
2
  0
CIRCLE
  5
228
330
17
100
AcDbEntity
  8
A-FURN
370
18
100
AcDbCircle
 10
477.0
 20
451.8
 30
0.0
 40
4.199999999999999
  0
TEXT
  5
229
330
17
100
AcDbEntity
  8
A-FURN
100
AcDbText
 10
477.0
 20
451.8
 30
0.0
 40
1.5
  1
ADV
  7
SIMPLEX
 72
1
 11
477.0
 21
451.8
 31
0.0
100
AcDbText
 73
2
  0
CIRCLE
  5
22A
330
17
100
AcDbEntity
  8
A-FURN
370
15
100
AcDbCircle
 10
462.48
 20
481.8
 30
0.0
 40
3.3600000000000003
  0
CIRCLE
  5
22B
330
17
100
AcDbEntity
  8
A-FURN
370
15
100
AcDbCircle
 10
491.52
 20
481.8
 30
0.0
 40
3.3600000000000003
  0
TEXT
  5
22C
330
17
100
AcDbEntity
  8
A-FURN
100
AcDbText
 10
462.48
 20
481.8
 30
0.0
 40
1.125
  1
LIT
  7
SIMPLEX
 72
1
 11
462.48
 21
481.8
 31
0.0
100
AcDbText
 73
2
  0
TEXT
  5
22D
330
17
100
AcDbEntity
  8
A-FURN
100
AcDbText
 10
491.52
 20
481.8
 30
0.0
 40
1.125
  1
LIT
  7
SIMPLEX
 72
1
 11
491.52
 21
481.8
 31
0.0
100
AcDbText
 73
2
  0
LINE
  5
22E
330
17
100
AcDbEntity
  8
A-JALI
370
20
100
AcDbLine
 10
444.0
 20
537.6
 30
0.0
 11
510.0
 21
537.6
 31
0.0
  0
LINE
  5
22F
330
17
100
AcDbEntity
  8
A-JALI
370
20
100
AcDbLine
 10
444.0
 20
492.0
 30
0.0
 11
444.0
 21
537.6
 31
0.0
  0
LINE
  5
230
330
17
100
AcDbEntity
  8
A-BAY
370
15
100
AcDbLine
 10
510.0
 20
492.0
 30
0.0
 11
510.0
 21
537.6
 31
0.0
  0
LINE
  5
231
330
17
100
AcDbEntity
  8
A-BAY
370
15
100
AcDbLine
 10
444.0
 20
492.0
 30
0.0
 11
510.0
 21
492.0
 31
0.0
  0
LINE
  5
232
330
17
100
AcDbEntity
  8
A-FURN
370
20
100
AcDbLine
 10
453.0
 20
507.0
 30
0.0
 11
501.0
 21
507.0
 31
0.0
  0
LINE
  5
233
330
17
100
AcDbEntity
  8
A-FURN
370
20
100
AcDbLine
 10
501.0
 20
507.0
 30
0.0
 11
501.0
 21
522.6
 31
0.0
  0
LINE
  5
234
330
17
100
AcDbEntity
  8
A-FURN
370
20
100
AcDbLine
 10
501.0
 20
522.6
 30
0.0
 11
453.0
 21
522.6
 31
0.0
  0
LINE
  5
235
330
17
100
AcDbEntity
  8
A-FURN
370
20
100
AcDbLine
 10
453.0
 20
522.6
 30
0.0
 11
453.0
 21
507.0
 31
0.0
  0
TEXT
  5
236
330
17
100
AcDbEntity
  8
A-BAY
100
AcDbText
 10
477.0
 20
514.8
 30
0.0
 40
3.0
  1
BAY W13
  7
SIMPLEX
 72
1
 11
477.0
 21
514.8
 31
0.0
100
AcDbText
 73
2
  0
CIRCLE
  5
237
330
17
100
AcDbEntity
  8
A-FURN
370
18
100
AcDbCircle
 10
477.0
 20
499.8
 30
0.0
 40
4.199999999999999
  0
TEXT
  5
238
330
17
100
AcDbEntity
  8
A-FURN
100
AcDbText
 10
477.0
 20
499.8
 30
0.0
 40
1.5
  1
ADV
  7
SIMPLEX
 72
1
 11
477.0
 21
499.8
 31
0.0
100
AcDbText
 73
2
  0
CIRCLE
  5
239
330
17
100
AcDbEntity
  8
A-FURN
370
15
100
AcDbCircle
 10
462.48
 20
529.8000000000001
 30
0.0
 40
3.3600000000000003
  0
CIRCLE
  5
23A
330
17
100
AcDbEntity
  8
A-FURN
370
15
100
AcDbCircle
 10
491.52
 20
529.8000000000001
 30
0.0
 40
3.3600000000000003
  0
TEXT
  5
23B
330
17
100
AcDbEntity
  8
A-FURN
100
AcDbText
 10
462.48
 20
529.8000000000001
 30
0.0
 40
1.125
  1
LIT
  7
SIMPLEX
 72
1
 11
462.48
 21
529.8000000000001
 31
0.0
100
AcDbText
 73
2
  0
TEXT
  5
23C
330
17
100
AcDbEntity
  8
A-FURN
100
AcDbText
 10
491.52
 20
529.8000000000001
 30
0.0
 40
1.125
  1
LIT
  7
SIMPLEX
 72
1
 11
491.52
 21
529.8000000000001
 31
0.0
100
AcDbText
 73
2
  0
LINE
  5
23D
330
17
100
AcDbEntity
  8
A-JALI
370
20
100
AcDbLine
 10
444.0
 20
585.6
 30
0.0
 11
510.0
 21
585.6
 31
0.0
  0
LINE
  5
23E
330
17
100
AcDbEntity
  8
A-JALI
370
20
100
AcDbLine
 10
444.0
 20
540.0
 30
0.0
 11
444.0
 21
585.6
 31
0.0
  0
LINE
  5
23F
330
17
100
AcDbEntity
  8
A-BAY
370
15
100
AcDbLine
 10
510.0
 20
540.0
 30
0.0
 11
510.0
 21
585.6
 31
0.0
  0
LINE
  5
240
330
17
100
AcDbEntity
  8
A-BAY
370
15
100
AcDbLine
 10
444.0
 20
540.0
 30
0.0
 11
510.0
 21
540.0
 31
0.0
  0
LINE
  5
241
330
17
100
AcDbEntity
  8
A-FURN
370
20
100
AcDbLine
 10
453.0
 20
555.0
 30
0.0
 11
501.0
 21
555.0
 31
0.0
  0
LINE
  5
242
330
17
100
AcDbEntity
  8
A-FURN
370
20
100
AcDbLine
 10
501.0
 20
555.0
 30
0.0
 11
501.0
 21
570.6
 31
0.0
  0
LINE
  5
243
330
17
100
AcDbEntity
  8
A-FURN
370
20
100
AcDbLine
 10
501.0
 20
570.6
 30
0.0
 11
453.0
 21
570.6
 31
0.0
  0
LINE
  5
244
330
17
100
AcDbEntity
  8
A-FURN
370
20
100
AcDbLine
 10
453.0
 20
570.6
 30
0.0
 11
453.0
 21
555.0
 31
0.0
  0
TEXT
  5
245
330
17
100
AcDbEntity
  8
A-BAY
100
AcDbText
 10
477.0
 20
562.8
 30
0.0
 40
3.0
  1
BAY W14
  7
SIMPLEX
 72
1
 11
477.0
 21
562.8
 31
0.0
100
AcDbText
 73
2
  0
CIRCLE
  5
246
330
17
100
AcDbEntity
  8
A-FURN
370
18
100
AcDbCircle
 10
477.0
 20
547.8
 30
0.0
 40
4.199999999999999
  0
TEXT
  5
247
330
17
100
AcDbEntity
  8
A-FURN
100
AcDbText
 10
477.0
 20
547.8
 30
0.0
 40
1.5
  1
ADV
  7
SIMPLEX
 72
1
 11
477.0
 21
547.8
 31
0.0
100
AcDbText
 73
2
  0
CIRCLE
  5
248
330
17
100
AcDbEntity
  8
A-FURN
370
15
100
AcDbCircle
 10
462.48
 20
577.8000000000001
 30
0.0
 40
3.3600000000000003
  0
CIRCLE
  5
249
330
17
100
AcDbEntity
  8
A-FURN
370
15
100
AcDbCircle
 10
491.52
 20
577.8000000000001
 30
0.0
 40
3.3600000000000003
  0
TEXT
  5
24A
330
17
100
AcDbEntity
  8
A-FURN
100
AcDbText
 10
462.48
 20
577.8000000000001
 30
0.0
 40
1.125
  1
LIT
  7
SIMPLEX
 72
1
 11
462.48
 21
577.8000000000001
 31
0.0
100
AcDbText
 73
2
  0
TEXT
  5
24B
330
17
100
AcDbEntity
  8
A-FURN
100
AcDbText
 10
491.52
 20
577.8000000000001
 30
0.0
 40
1.125
  1
LIT
  7
SIMPLEX
 72
1
 11
491.52
 21
577.8000000000001
 31
0.0
100
AcDbText
 73
2
  0
LINE
  5
24C
330
17
100
AcDbEntity
  8
A-JALI
370
20
100
AcDbLine
 10
516.0
 20
297.6
 30
0.0
 11
582.0
 21
297.6
 31
0.0
  0
LINE
  5
24D
330
17
100
AcDbEntity
  8
A-JALI
370
20
100
AcDbLine
 10
516.0
 20
252.0
 30
0.0
 11
516.0
 21
297.6
 31
0.0
  0
LINE
  5
24E
330
17
100
AcDbEntity
  8
A-BAY
370
15
100
AcDbLine
 10
582.0
 20
252.0
 30
0.0
 11
582.0
 21
297.6
 31
0.0
  0
LINE
  5
24F
330
17
100
AcDbEntity
  8
A-BAY
370
15
100
AcDbLine
 10
516.0
 20
252.0
 30
0.0
 11
582.0
 21
252.0
 31
0.0
  0
LINE
  5
250
330
17
100
AcDbEntity
  8
A-FURN
370
20
100
AcDbLine
 10
525.0
 20
267.0
 30
0.0
 11
573.0
 21
267.0
 31
0.0
  0
LINE
  5
251
330
17
100
AcDbEntity
  8
A-FURN
370
20
100
AcDbLine
 10
573.0
 20
267.0
 30
0.0
 11
573.0
 21
282.6
 31
0.0
  0
LINE
  5
252
330
17
100
AcDbEntity
  8
A-FURN
370
20
100
AcDbLine
 10
573.0
 20
282.6
 30
0.0
 11
525.0
 21
282.6
 31
0.0
  0
LINE
  5
253
330
17
100
AcDbEntity
  8
A-FURN
370
20
100
AcDbLine
 10
525.0
 20
282.6
 30
0.0
 11
525.0
 21
267.0
 31
0.0
  0
TEXT
  5
254
330
17
100
AcDbEntity
  8
A-BAY
100
AcDbText
 10
549.0
 20
274.8
 30
0.0
 40
3.0
  1
BAY W15
  7
SIMPLEX
 72
1
 11
549.0
 21
274.8
 31
0.0
100
AcDbText
 73
2
  0
CIRCLE
  5
255
330
17
100
AcDbEntity
  8
A-FURN
370
18
100
AcDbCircle
 10
549.0
 20
289.8
 30
0.0
 40
4.199999999999999
  0
TEXT
  5
256
330
17
100
AcDbEntity
  8
A-FURN
100
AcDbText
 10
549.0
 20
289.8
 30
0.0
 40
1.5
  1
ADV
  7
SIMPLEX
 72
1
 11
549.0
 21
289.8
 31
0.0
100
AcDbText
 73
2
  0
CIRCLE
  5
257
330
17
100
AcDbEntity
  8
A-FURN
370
15
100
AcDbCircle
 10
534.48
 20
259.8
 30
0.0
 40
3.3600000000000003
  0
CIRCLE
  5
258
330
17
100
AcDbEntity
  8
A-FURN
370
15
100
AcDbCircle
 10
563.52
 20
259.8
 30
0.0
 40
3.3600000000000003
  0
TEXT
  5
259
330
17
100
AcDbEntity
  8
A-FURN
100
AcDbText
 10
534.48
 20
259.8
 30
0.0
 40
1.125
  1
LIT
  7
SIMPLEX
 72
1
 11
534.48
 21
259.8
 31
0.0
100
AcDbText
 73
2
  0
TEXT
  5
25A
330
17
100
AcDbEntity
  8
A-FURN
100
AcDbText
 10
563.52
 20
259.8
 30
0.0
 40
1.125
  1
LIT
  7
SIMPLEX
 72
1
 11
563.52
 21
259.8
 31
0.0
100
AcDbText
 73
2
  0
LINE
  5
25B
330
17
100
AcDbEntity
  8
A-JALI
370
20
100
AcDbLine
 10
516.0
 20
345.6
 30
0.0
 11
582.0
 21
345.6
 31
0.0
  0
LINE
  5
25C
330
17
100
AcDbEntity
  8
A-JALI
370
20
100
AcDbLine
 10
516.0
 20
300.0
 30
0.0
 11
516.0
 21
345.6
 31
0.0
  0
LINE
  5
25D
330
17
100
AcDbEntity
  8
A-BAY
370
15
100
AcDbLine
 10
582.0
 20
300.0
 30
0.0
 11
582.0
 21
345.6
 31
0.0
  0
LINE
  5
25E
330
17
100
AcDbEntity
  8
A-BAY
370
15
100
AcDbLine
 10
516.0
 20
300.0
 30
0.0
 11
582.0
 21
300.0
 31
0.0
  0
LINE
  5
25F
330
17
100
AcDbEntity
  8
A-FURN
370
20
100
AcDbLine
 10
525.0
 20
315.0
 30
0.0
 11
573.0
 21
315.0
 31
0.0
  0
LINE
  5
260
330
17
100
AcDbEntity
  8
A-FURN
370
20
100
AcDbLine
 10
573.0
 20
315.0
 30
0.0
 11
573.0
 21
330.6
 31
0.0
  0
LINE
  5
261
330
17
100
AcDbEntity
  8
A-FURN
370
20
100
AcDbLine
 10
573.0
 20
330.6
 30
0.0
 11
525.0
 21
330.6
 31
0.0
  0
LINE
  5
262
330
17
100
AcDbEntity
  8
A-FURN
370
20
100
AcDbLine
 10
525.0
 20
330.6
 30
0.0
 11
525.0
 21
315.0
 31
0.0
  0
TEXT
  5
263
330
17
100
AcDbEntity
  8
A-BAY
100
AcDbText
 10
549.0
 20
322.8
 30
0.0
 40
3.0
  1
BAY W16
  7
SIMPLEX
 72
1
 11
549.0
 21
322.8
 31
0.0
100
AcDbText
 73
2
  0
CIRCLE
  5
264
330
17
100
AcDbEntity
  8
A-FURN
370
18
100
AcDbCircle
 10
549.0
 20
337.8
 30
0.0
 40
4.199999999999999
  0
TEXT
  5
265
330
17
100
AcDbEntity
  8
A-FURN
100
AcDbText
 10
549.0
 20
337.8
 30
0.0
 40
1.5
  1
ADV
  7
SIMPLEX
 72
1
 11
549.0
 21
337.8
 31
0.0
100
AcDbText
 73
2
  0
CIRCLE
  5
266
330
17
100
AcDbEntity
  8
A-FURN
370
15
100
AcDbCircle
 10
534.48
 20
307.8
 30
0.0
 40
3.3600000000000003
  0
CIRCLE
  5
267
330
17
100
AcDbEntity
  8
A-FURN
370
15
100
AcDbCircle
 10
563.52
 20
307.8
 30
0.0
 40
3.3600000000000003
  0
TEXT
  5
268
330
17
100
AcDbEntity
  8
A-FURN
100
AcDbText
 10
534.48
 20
307.8
 30
0.0
 40
1.125
  1
LIT
  7
SIMPLEX
 72
1
 11
534.48
 21
307.8
 31
0.0
100
AcDbText
 73
2
  0
TEXT
  5
269
330
17
100
AcDbEntity
  8
A-FURN
100
AcDbText
 10
563.52
 20
307.8
 30
0.0
 40
1.125
  1
LIT
  7
SIMPLEX
 72
1
 11
563.52
 21
307.8
 31
0.0
100
AcDbText
 73
2
  0
LINE
  5
26A
330
17
100
AcDbEntity
  8
A-JALI
370
20
100
AcDbLine
 10
516.0
 20
393.6
 30
0.0
 11
582.0
 21
393.6
 31
0.0
  0
LINE
  5
26B
330
17
100
AcDbEntity
  8
A-JALI
370
20
100
AcDbLine
 10
516.0
 20
348.0
 30
0.0
 11
516.0
 21
393.6
 31
0.0
  0
LINE
  5
26C
330
17
100
AcDbEntity
  8
A-BAY
370
15
100
AcDbLine
 10
582.0
 20
348.0
 30
0.0
 11
582.0
 21
393.6
 31
0.0
  0
LINE
  5
26D
330
17
100
AcDbEntity
  8
A-BAY
370
15
100
AcDbLine
 10
516.0
 20
348.0
 30
0.0
 11
582.0
 21
348.0
 31
0.0
  0
LINE
  5
26E
330
17
100
AcDbEntity
  8
A-FURN
370
20
100
AcDbLine
 10
525.0
 20
363.0
 30
0.0
 11
573.0
 21
363.0
 31
0.0
  0
LINE
  5
26F
330
17
100
AcDbEntity
  8
A-FURN
370
20
100
AcDbLine
 10
573.0
 20
363.0
 30
0.0
 11
573.0
 21
378.6
 31
0.0
  0
LINE
  5
270
330
17
100
AcDbEntity
  8
A-FURN
370
20
100
AcDbLine
 10
573.0
 20
378.6
 30
0.0
 11
525.0
 21
378.6
 31
0.0
  0
LINE
  5
271
330
17
100
AcDbEntity
  8
A-FURN
370
20
100
AcDbLine
 10
525.0
 20
378.6
 30
0.0
 11
525.0
 21
363.0
 31
0.0
  0
TEXT
  5
272
330
17
100
AcDbEntity
  8
A-BAY
100
AcDbText
 10
549.0
 20
370.8
 30
0.0
 40
3.0
  1
BAY W17
  7
SIMPLEX
 72
1
 11
549.0
 21
370.8
 31
0.0
100
AcDbText
 73
2
  0
CIRCLE
  5
273
330
17
100
AcDbEntity
  8
A-FURN
370
18
100
AcDbCircle
 10
549.0
 20
385.8
 30
0.0
 40
4.199999999999999
  0
TEXT
  5
274
330
17
100
AcDbEntity
  8
A-FURN
100
AcDbText
 10
549.0
 20
385.8
 30
0.0
 40
1.5
  1
ADV
  7
SIMPLEX
 72
1
 11
549.0
 21
385.8
 31
0.0
100
AcDbText
 73
2
  0
CIRCLE
  5
275
330
17
100
AcDbEntity
  8
A-FURN
370
15
100
AcDbCircle
 10
534.48
 20
355.8
 30
0.0
 40
3.3600000000000003
  0
CIRCLE
  5
276
330
17
100
AcDbEntity
  8
A-FURN
370
15
100
AcDbCircle
 10
563.52
 20
355.8
 30
0.0
 40
3.3600000000000003
  0
TEXT
  5
277
330
17
100
AcDbEntity
  8
A-FURN
100
AcDbText
 10
534.48
 20
355.8
 30
0.0
 40
1.125
  1
LIT
  7
SIMPLEX
 72
1
 11
534.48
 21
355.8
 31
0.0
100
AcDbText
 73
2
  0
TEXT
  5
278
330
17
100
AcDbEntity
  8
A-FURN
100
AcDbText
 10
563.52
 20
355.8
 30
0.0
 40
1.125
  1
LIT
  7
SIMPLEX
 72
1
 11
563.52
 21
355.8
 31
0.0
100
AcDbText
 73
2
  0
LINE
  5
279
330
17
100
AcDbEntity
  8
A-JALI
370
20
100
AcDbLine
 10
516.0
 20
441.6
 30
0.0
 11
582.0
 21
441.6
 31
0.0
  0
LINE
  5
27A
330
17
100
AcDbEntity
  8
A-JALI
370
20
100
AcDbLine
 10
516.0
 20
396.0
 30
0.0
 11
516.0
 21
441.6
 31
0.0
  0
LINE
  5
27B
330
17
100
AcDbEntity
  8
A-BAY
370
15
100
AcDbLine
 10
582.0
 20
396.0
 30
0.0
 11
582.0
 21
441.6
 31
0.0
  0
LINE
  5
27C
330
17
100
AcDbEntity
  8
A-BAY
370
15
100
AcDbLine
 10
516.0
 20
396.0
 30
0.0
 11
582.0
 21
396.0
 31
0.0
  0
LINE
  5
27D
330
17
100
AcDbEntity
  8
A-FURN
370
20
100
AcDbLine
 10
525.0
 20
411.0
 30
0.0
 11
573.0
 21
411.0
 31
0.0
  0
LINE
  5
27E
330
17
100
AcDbEntity
  8
A-FURN
370
20
100
AcDbLine
 10
573.0
 20
411.0
 30
0.0
 11
573.0
 21
426.6
 31
0.0
  0
LINE
  5
27F
330
17
100
AcDbEntity
  8
A-FURN
370
20
100
AcDbLine
 10
573.0
 20
426.6
 30
0.0
 11
525.0
 21
426.6
 31
0.0
  0
LINE
  5
280
330
17
100
AcDbEntity
  8
A-FURN
370
20
100
AcDbLine
 10
525.0
 20
426.6
 30
0.0
 11
525.0
 21
411.0
 31
0.0
  0
TEXT
  5
281
330
17
100
AcDbEntity
  8
A-BAY
100
AcDbText
 10
549.0
 20
418.8
 30
0.0
 40
3.0
  1
BAY W18
  7
SIMPLEX
 72
1
 11
549.0
 21
418.8
 31
0.0
100
AcDbText
 73
2
  0
CIRCLE
  5
282
330
17
100
AcDbEntity
  8
A-FURN
370
18
100
AcDbCircle
 10
549.0
 20
433.8
 30
0.0
 40
4.199999999999999
  0
TEXT
  5
283
330
17
100
AcDbEntity
  8
A-FURN
100
AcDbText
 10
549.0
 20
433.8
 30
0.0
 40
1.5
  1
ADV
  7
SIMPLEX
 72
1
 11
549.0
 21
433.8
 31
0.0
100
AcDbText
 73
2
  0
CIRCLE
  5
284
330
17
100
AcDbEntity
  8
A-FURN
370
15
100
AcDbCircle
 10
534.48
 20
403.8
 30
0.0
 40
3.3600000000000003
  0
CIRCLE
  5
285
330
17
100
AcDbEntity
  8
A-FURN
370
15
100
AcDbCircle
 10
563.52
 20
403.8
 30
0.0
 40
3.3600000000000003
  0
TEXT
  5
286
330
17
100
AcDbEntity
  8
A-FURN
100
AcDbText
 10
534.48
 20
403.8
 30
0.0
 40
1.125
  1
LIT
  7
SIMPLEX
 72
1
 11
534.48
 21
403.8
 31
0.0
100
AcDbText
 73
2
  0
TEXT
  5
287
330
17
100
AcDbEntity
  8
A-FURN
100
AcDbText
 10
563.52
 20
403.8
 30
0.0
 40
1.125
  1
LIT
  7
SIMPLEX
 72
1
 11
563.52
 21
403.8
 31
0.0
100
AcDbText
 73
2
  0
LINE
  5
288
330
17
100
AcDbEntity
  8
A-JALI
370
20
100
AcDbLine
 10
516.0
 20
489.6
 30
0.0
 11
582.0
 21
489.6
 31
0.0
  0
LINE
  5
289
330
17
100
AcDbEntity
  8
A-JALI
370
20
100
AcDbLine
 10
516.0
 20
444.0
 30
0.0
 11
516.0
 21
489.6
 31
0.0
  0
LINE
  5
28A
330
17
100
AcDbEntity
  8
A-BAY
370
15
100
AcDbLine
 10
582.0
 20
444.0
 30
0.0
 11
582.0
 21
489.6
 31
0.0
  0
LINE
  5
28B
330
17
100
AcDbEntity
  8
A-BAY
370
15
100
AcDbLine
 10
516.0
 20
444.0
 30
0.0
 11
582.0
 21
444.0
 31
0.0
  0
LINE
  5
28C
330
17
100
AcDbEntity
  8
A-FURN
370
20
100
AcDbLine
 10
525.0
 20
459.0
 30
0.0
 11
573.0
 21
459.0
 31
0.0
  0
LINE
  5
28D
330
17
100
AcDbEntity
  8
A-FURN
370
20
100
AcDbLine
 10
573.0
 20
459.0
 30
0.0
 11
573.0
 21
474.6
 31
0.0
  0
LINE
  5
28E
330
17
100
AcDbEntity
  8
A-FURN
370
20
100
AcDbLine
 10
573.0
 20
474.6
 30
0.0
 11
525.0
 21
474.6
 31
0.0
  0
LINE
  5
28F
330
17
100
AcDbEntity
  8
A-FURN
370
20
100
AcDbLine
 10
525.0
 20
474.6
 30
0.0
 11
525.0
 21
459.0
 31
0.0
  0
TEXT
  5
290
330
17
100
AcDbEntity
  8
A-BAY
100
AcDbText
 10
549.0
 20
466.8
 30
0.0
 40
3.0
  1
BAY W19
  7
SIMPLEX
 72
1
 11
549.0
 21
466.8
 31
0.0
100
AcDbText
 73
2
  0
CIRCLE
  5
291
330
17
100
AcDbEntity
  8
A-FURN
370
18
100
AcDbCircle
 10
549.0
 20
481.8
 30
0.0
 40
4.199999999999999
  0
TEXT
  5
292
330
17
100
AcDbEntity
  8
A-FURN
100
AcDbText
 10
549.0
 20
481.8
 30
0.0
 40
1.5
  1
ADV
  7
SIMPLEX
 72
1
 11
549.0
 21
481.8
 31
0.0
100
AcDbText
 73
2
  0
CIRCLE
  5
293
330
17
100
AcDbEntity
  8
A-FURN
370
15
100
AcDbCircle
 10
534.48
 20
451.8
 30
0.0
 40
3.3600000000000003
  0
CIRCLE
  5
294
330
17
100
AcDbEntity
  8
A-FURN
370
15
100
AcDbCircle
 10
563.52
 20
451.8
 30
0.0
 40
3.3600000000000003
  0
TEXT
  5
295
330
17
100
AcDbEntity
  8
A-FURN
100
AcDbText
 10
534.48
 20
451.8
 30
0.0
 40
1.125
  1
LIT
  7
SIMPLEX
 72
1
 11
534.48
 21
451.8
 31
0.0
100
AcDbText
 73
2
  0
TEXT
  5
296
330
17
100
AcDbEntity
  8
A-FURN
100
AcDbText
 10
563.52
 20
451.8
 30
0.0
 40
1.125
  1
LIT
  7
SIMPLEX
 72
1
 11
563.52
 21
451.8
 31
0.0
100
AcDbText
 73
2
  0
LINE
  5
297
330
17
100
AcDbEntity
  8
A-JALI
370
20
100
AcDbLine
 10
516.0
 20
537.6
 30
0.0
 11
582.0
 21
537.6
 31
0.0
  0
LINE
  5
298
330
17
100
AcDbEntity
  8
A-JALI
370
20
100
AcDbLine
 10
516.0
 20
492.0
 30
0.0
 11
516.0
 21
537.6
 31
0.0
  0
LINE
  5
299
330
17
100
AcDbEntity
  8
A-BAY
370
15
100
AcDbLine
 10
582.0
 20
492.0
 30
0.0
 11
582.0
 21
537.6
 31
0.0
  0
LINE
  5
29A
330
17
100
AcDbEntity
  8
A-BAY
370
15
100
AcDbLine
 10
516.0
 20
492.0
 30
0.0
 11
582.0
 21
492.0
 31
0.0
  0
LINE
  5
29B
330
17
100
AcDbEntity
  8
A-FURN
370
20
100
AcDbLine
 10
525.0
 20
507.0
 30
0.0
 11
573.0
 21
507.0
 31
0.0
  0
LINE
  5
29C
330
17
100
AcDbEntity
  8
A-FURN
370
20
100
AcDbLine
 10
573.0
 20
507.0
 30
0.0
 11
573.0
 21
522.6
 31
0.0
  0
LINE
  5
29D
330
17
100
AcDbEntity
  8
A-FURN
370
20
100
AcDbLine
 10
573.0
 20
522.6
 30
0.0
 11
525.0
 21
522.6
 31
0.0
  0
LINE
  5
29E
330
17
100
AcDbEntity
  8
A-FURN
370
20
100
AcDbLine
 10
525.0
 20
522.6
 30
0.0
 11
525.0
 21
507.0
 31
0.0
  0
TEXT
  5
29F
330
17
100
AcDbEntity
  8
A-BAY
100
AcDbText
 10
549.0
 20
514.8
 30
0.0
 40
3.0
  1
BAY W20
  7
SIMPLEX
 72
1
 11
549.0
 21
514.8
 31
0.0
100
AcDbText
 73
2
  0
CIRCLE
  5
2A0
330
17
100
AcDbEntity
  8
A-FURN
370
18
100
AcDbCircle
 10
549.0
 20
529.8000000000001
 30
0.0
 40
4.199999999999999
  0
TEXT
  5
2A1
330
17
100
AcDbEntity
  8
A-FURN
100
AcDbText
 10
549.0
 20
529.8000000000001
 30
0.0
 40
1.5
  1
ADV
  7
SIMPLEX
 72
1
 11
549.0
 21
529.8000000000001
 31
0.0
100
AcDbText
 73
2
  0
CIRCLE
  5
2A2
330
17
100
AcDbEntity
  8
A-FURN
370
15
100
AcDbCircle
 10
534.48
 20
499.8
 30
0.0
 40
3.3600000000000003
  0
CIRCLE
  5
2A3
330
17
100
AcDbEntity
  8
A-FURN
370
15
100
AcDbCircle
 10
563.52
 20
499.8
 30
0.0
 40
3.3600000000000003
  0
TEXT
  5
2A4
330
17
100
AcDbEntity
  8
A-FURN
100
AcDbText
 10
534.48
 20
499.8
 30
0.0
 40
1.125
  1
LIT
  7
SIMPLEX
 72
1
 11
534.48
 21
499.8
 31
0.0
100
AcDbText
 73
2
  0
TEXT
  5
2A5
330
17
100
AcDbEntity
  8
A-FURN
100
AcDbText
 10
563.52
 20
499.8
 30
0.0
 40
1.125
  1
LIT
  7
SIMPLEX
 72
1
 11
563.52
 21
499.8
 31
0.0
100
AcDbText
 73
2
  0
LINE
  5
2A6
330
17
100
AcDbEntity
  8
A-JALI
370
20
100
AcDbLine
 10
516.0
 20
585.6
 30
0.0
 11
582.0
 21
585.6
 31
0.0
  0
LINE
  5
2A7
330
17
100
AcDbEntity
  8
A-JALI
370
20
100
AcDbLine
 10
516.0
 20
540.0
 30
0.0
 11
516.0
 21
585.6
 31
0.0
  0
LINE
  5
2A8
330
17
100
AcDbEntity
  8
A-BAY
370
15
100
AcDbLine
 10
582.0
 20
540.0
 30
0.0
 11
582.0
 21
585.6
 31
0.0
  0
LINE
  5
2A9
330
17
100
AcDbEntity
  8
A-BAY
370
15
100
AcDbLine
 10
516.0
 20
540.0
 30
0.0
 11
582.0
 21
540.0
 31
0.0
  0
LINE
  5
2AA
330
17
100
AcDbEntity
  8
A-FURN
370
20
100
AcDbLine
 10
525.0
 20
555.0
 30
0.0
 11
573.0
 21
555.0
 31
0.0
  0
LINE
  5
2AB
330
17
100
AcDbEntity
  8
A-FURN
370
20
100
AcDbLine
 10
573.0
 20
555.0
 30
0.0
 11
573.0
 21
570.6
 31
0.0
  0
LINE
  5
2AC
330
17
100
AcDbEntity
  8
A-FURN
370
20
100
AcDbLine
 10
573.0
 20
570.6
 30
0.0
 11
525.0
 21
570.6
 31
0.0
  0
LINE
  5
2AD
330
17
100
AcDbEntity
  8
A-FURN
370
20
100
AcDbLine
 10
525.0
 20
570.6
 30
0.0
 11
525.0
 21
555.0
 31
0.0
  0
TEXT
  5
2AE
330
17
100
AcDbEntity
  8
A-BAY
100
AcDbText
 10
549.0
 20
562.8
 30
0.0
 40
3.0
  1
BAY W21
  7
SIMPLEX
 72
1
 11
549.0
 21
562.8
 31
0.0
100
AcDbText
 73
2
  0
CIRCLE
  5
2AF
330
17
100
AcDbEntity
  8
A-FURN
370
18
100
AcDbCircle
 10
549.0
 20
577.8000000000001
 30
0.0
 40
4.199999999999999
  0
TEXT
  5
2B0
330
17
100
AcDbEntity
  8
A-FURN
100
AcDbText
 10
549.0
 20
577.8000000000001
 30
0.0
 40
1.5
  1
ADV
  7
SIMPLEX
 72
1
 11
549.0
 21
577.8000000000001
 31
0.0
100
AcDbText
 73
2
  0
CIRCLE
  5
2B1
330
17
100
AcDbEntity
  8
A-FURN
370
15
100
AcDbCircle
 10
534.48
 20
547.8
 30
0.0
 40
3.3600000000000003
  0
CIRCLE
  5
2B2
330
17
100
AcDbEntity
  8
A-FURN
370
15
100
AcDbCircle
 10
563.52
 20
547.8
 30
0.0
 40
3.3600000000000003
  0
TEXT
  5
2B3
330
17
100
AcDbEntity
  8
A-FURN
100
AcDbText
 10
534.48
 20
547.8
 30
0.0
 40
1.125
  1
LIT
  7
SIMPLEX
 72
1
 11
534.48
 21
547.8
 31
0.0
100
AcDbText
 73
2
  0
TEXT
  5
2B4
330
17
100
AcDbEntity
  8
A-FURN
100
AcDbText
 10
563.52
 20
547.8
 30
0.0
 40
1.125
  1
LIT
  7
SIMPLEX
 72
1
 11
563.52
 21
547.8
 31
0.0
100
AcDbText
 73
2
  0
LINE
  5
2B5
330
17
100
AcDbEntity
  8
A-JALI
370
20
100
AcDbLine
 10
588.0
 20
297.6
 30
0.0
 11
654.0
 21
297.6
 31
0.0
  0
LINE
  5
2B6
330
17
100
AcDbEntity
  8
A-JALI
370
20
100
AcDbLine
 10
588.0
 20
252.0
 30
0.0
 11
588.0
 21
297.6
 31
0.0
  0
LINE
  5
2B7
330
17
100
AcDbEntity
  8
A-BAY
370
15
100
AcDbLine
 10
654.0
 20
252.0
 30
0.0
 11
654.0
 21
297.6
 31
0.0
  0
LINE
  5
2B8
330
17
100
AcDbEntity
  8
A-BAY
370
15
100
AcDbLine
 10
588.0
 20
252.0
 30
0.0
 11
654.0
 21
252.0
 31
0.0
  0
LINE
  5
2B9
330
17
100
AcDbEntity
  8
A-FURN
370
20
100
AcDbLine
 10
597.0
 20
267.0
 30
0.0
 11
645.0
 21
267.0
 31
0.0
  0
LINE
  5
2BA
330
17
100
AcDbEntity
  8
A-FURN
370
20
100
AcDbLine
 10
645.0
 20
267.0
 30
0.0
 11
645.0
 21
282.6
 31
0.0
  0
LINE
  5
2BB
330
17
100
AcDbEntity
  8
A-FURN
370
20
100
AcDbLine
 10
645.0
 20
282.6
 30
0.0
 11
597.0
 21
282.6
 31
0.0
  0
LINE
  5
2BC
330
17
100
AcDbEntity
  8
A-FURN
370
20
100
AcDbLine
 10
597.0
 20
282.6
 30
0.0
 11
597.0
 21
267.0
 31
0.0
  0
TEXT
  5
2BD
330
17
100
AcDbEntity
  8
A-BAY
100
AcDbText
 10
621.0
 20
274.8
 30
0.0
 40
3.0
  1
BAY W22
  7
SIMPLEX
 72
1
 11
621.0
 21
274.8
 31
0.0
100
AcDbText
 73
2
  0
CIRCLE
  5
2BE
330
17
100
AcDbEntity
  8
A-FURN
370
18
100
AcDbCircle
 10
621.0
 20
259.8
 30
0.0
 40
4.199999999999999
  0
TEXT
  5
2BF
330
17
100
AcDbEntity
  8
A-FURN
100
AcDbText
 10
621.0
 20
259.8
 30
0.0
 40
1.5
  1
ADV
  7
SIMPLEX
 72
1
 11
621.0
 21
259.8
 31
0.0
100
AcDbText
 73
2
  0
CIRCLE
  5
2C0
330
17
100
AcDbEntity
  8
A-FURN
370
15
100
AcDbCircle
 10
606.48
 20
289.8
 30
0.0
 40
3.3600000000000003
  0
CIRCLE
  5
2C1
330
17
100
AcDbEntity
  8
A-FURN
370
15
100
AcDbCircle
 10
635.52
 20
289.8
 30
0.0
 40
3.3600000000000003
  0
TEXT
  5
2C2
330
17
100
AcDbEntity
  8
A-FURN
100
AcDbText
 10
606.48
 20
289.8
 30
0.0
 40
1.125
  1
LIT
  7
SIMPLEX
 72
1
 11
606.48
 21
289.8
 31
0.0
100
AcDbText
 73
2
  0
TEXT
  5
2C3
330
17
100
AcDbEntity
  8
A-FURN
100
AcDbText
 10
635.52
 20
289.8
 30
0.0
 40
1.125
  1
LIT
  7
SIMPLEX
 72
1
 11
635.52
 21
289.8
 31
0.0
100
AcDbText
 73
2
  0
LINE
  5
2C4
330
17
100
AcDbEntity
  8
A-JALI
370
20
100
AcDbLine
 10
588.0
 20
345.6
 30
0.0
 11
654.0
 21
345.6
 31
0.0
  0
LINE
  5
2C5
330
17
100
AcDbEntity
  8
A-JALI
370
20
100
AcDbLine
 10
588.0
 20
300.0
 30
0.0
 11
588.0
 21
345.6
 31
0.0
  0
LINE
  5
2C6
330
17
100
AcDbEntity
  8
A-BAY
370
15
100
AcDbLine
 10
654.0
 20
300.0
 30
0.0
 11
654.0
 21
345.6
 31
0.0
  0
LINE
  5
2C7
330
17
100
AcDbEntity
  8
A-BAY
370
15
100
AcDbLine
 10
588.0
 20
300.0
 30
0.0
 11
654.0
 21
300.0
 31
0.0
  0
LINE
  5
2C8
330
17
100
AcDbEntity
  8
A-FURN
370
20
100
AcDbLine
 10
597.0
 20
315.0
 30
0.0
 11
645.0
 21
315.0
 31
0.0
  0
LINE
  5
2C9
330
17
100
AcDbEntity
  8
A-FURN
370
20
100
AcDbLine
 10
645.0
 20
315.0
 30
0.0
 11
645.0
 21
330.6
 31
0.0
  0
LINE
  5
2CA
330
17
100
AcDbEntity
  8
A-FURN
370
20
100
AcDbLine
 10
645.0
 20
330.6
 30
0.0
 11
597.0
 21
330.6
 31
0.0
  0
LINE
  5
2CB
330
17
100
AcDbEntity
  8
A-FURN
370
20
100
AcDbLine
 10
597.0
 20
330.6
 30
0.0
 11
597.0
 21
315.0
 31
0.0
  0
TEXT
  5
2CC
330
17
100
AcDbEntity
  8
A-BAY
100
AcDbText
 10
621.0
 20
322.8
 30
0.0
 40
3.0
  1
BAY W23
  7
SIMPLEX
 72
1
 11
621.0
 21
322.8
 31
0.0
100
AcDbText
 73
2
  0
CIRCLE
  5
2CD
330
17
100
AcDbEntity
  8
A-FURN
370
18
100
AcDbCircle
 10
621.0
 20
307.8
 30
0.0
 40
4.199999999999999
  0
TEXT
  5
2CE
330
17
100
AcDbEntity
  8
A-FURN
100
AcDbText
 10
621.0
 20
307.8
 30
0.0
 40
1.5
  1
ADV
  7
SIMPLEX
 72
1
 11
621.0
 21
307.8
 31
0.0
100
AcDbText
 73
2
  0
CIRCLE
  5
2CF
330
17
100
AcDbEntity
  8
A-FURN
370
15
100
AcDbCircle
 10
606.48
 20
337.8
 30
0.0
 40
3.3600000000000003
  0
CIRCLE
  5
2D0
330
17
100
AcDbEntity
  8
A-FURN
370
15
100
AcDbCircle
 10
635.52
 20
337.8
 30
0.0
 40
3.3600000000000003
  0
TEXT
  5
2D1
330
17
100
AcDbEntity
  8
A-FURN
100
AcDbText
 10
606.48
 20
337.8
 30
0.0
 40
1.125
  1
LIT
  7
SIMPLEX
 72
1
 11
606.48
 21
337.8
 31
0.0
100
AcDbText
 73
2
  0
TEXT
  5
2D2
330
17
100
AcDbEntity
  8
A-FURN
100
AcDbText
 10
635.52
 20
337.8
 30
0.0
 40
1.125
  1
LIT
  7
SIMPLEX
 72
1
 11
635.52
 21
337.8
 31
0.0
100
AcDbText
 73
2
  0
LINE
  5
2D3
330
17
100
AcDbEntity
  8
A-JALI
370
20
100
AcDbLine
 10
588.0
 20
393.6
 30
0.0
 11
654.0
 21
393.6
 31
0.0
  0
LINE
  5
2D4
330
17
100
AcDbEntity
  8
A-JALI
370
20
100
AcDbLine
 10
588.0
 20
348.0
 30
0.0
 11
588.0
 21
393.6
 31
0.0
  0
LINE
  5
2D5
330
17
100
AcDbEntity
  8
A-BAY
370
15
100
AcDbLine
 10
654.0
 20
348.0
 30
0.0
 11
654.0
 21
393.6
 31
0.0
  0
LINE
  5
2D6
330
17
100
AcDbEntity
  8
A-BAY
370
15
100
AcDbLine
 10
588.0
 20
348.0
 30
0.0
 11
654.0
 21
348.0
 31
0.0
  0
LINE
  5
2D7
330
17
100
AcDbEntity
  8
A-FURN
370
20
100
AcDbLine
 10
597.0
 20
363.0
 30
0.0
 11
645.0
 21
363.0
 31
0.0
  0
LINE
  5
2D8
330
17
100
AcDbEntity
  8
A-FURN
370
20
100
AcDbLine
 10
645.0
 20
363.0
 30
0.0
 11
645.0
 21
378.6
 31
0.0
  0
LINE
  5
2D9
330
17
100
AcDbEntity
  8
A-FURN
370
20
100
AcDbLine
 10
645.0
 20
378.6
 30
0.0
 11
597.0
 21
378.6
 31
0.0
  0
LINE
  5
2DA
330
17
100
AcDbEntity
  8
A-FURN
370
20
100
AcDbLine
 10
597.0
 20
378.6
 30
0.0
 11
597.0
 21
363.0
 31
0.0
  0
TEXT
  5
2DB
330
17
100
AcDbEntity
  8
A-BAY
100
AcDbText
 10
621.0
 20
370.8
 30
0.0
 40
3.0
  1
BAY W24
  7
SIMPLEX
 72
1
 11
621.0
 21
370.8
 31
0.0
100
AcDbText
 73
2
  0
CIRCLE
  5
2DC
330
17
100
AcDbEntity
  8
A-FURN
370
18
100
AcDbCircle
 10
621.0
 20
355.8
 30
0.0
 40
4.199999999999999
  0
TEXT
  5
2DD
330
17
100
AcDbEntity
  8
A-FURN
100
AcDbText
 10
621.0
 20
355.8
 30
0.0
 40
1.5
  1
ADV
  7
SIMPLEX
 72
1
 11
621.0
 21
355.8
 31
0.0
100
AcDbText
 73
2
  0
CIRCLE
  5
2DE
330
17
100
AcDbEntity
  8
A-FURN
370
15
100
AcDbCircle
 10
606.48
 20
385.8
 30
0.0
 40
3.3600000000000003
  0
CIRCLE
  5
2DF
330
17
100
AcDbEntity
  8
A-FURN
370
15
100
AcDbCircle
 10
635.52
 20
385.8
 30
0.0
 40
3.3600000000000003
  0
TEXT
  5
2E0
330
17
100
AcDbEntity
  8
A-FURN
100
AcDbText
 10
606.48
 20
385.8
 30
0.0
 40
1.125
  1
LIT
  7
SIMPLEX
 72
1
 11
606.48
 21
385.8
 31
0.0
100
AcDbText
 73
2
  0
TEXT
  5
2E1
330
17
100
AcDbEntity
  8
A-FURN
100
AcDbText
 10
635.52
 20
385.8
 30
0.0
 40
1.125
  1
LIT
  7
SIMPLEX
 72
1
 11
635.52
 21
385.8
 31
0.0
100
AcDbText
 73
2
  0
LINE
  5
2E2
330
17
100
AcDbEntity
  8
A-JALI
370
20
100
AcDbLine
 10
588.0
 20
441.6
 30
0.0
 11
654.0
 21
441.6
 31
0.0
  0
LINE
  5
2E3
330
17
100
AcDbEntity
  8
A-JALI
370
20
100
AcDbLine
 10
588.0
 20
396.0
 30
0.0
 11
588.0
 21
441.6
 31
0.0
  0
LINE
  5
2E4
330
17
100
AcDbEntity
  8
A-BAY
370
15
100
AcDbLine
 10
654.0
 20
396.0
 30
0.0
 11
654.0
 21
441.6
 31
0.0
  0
LINE
  5
2E5
330
17
100
AcDbEntity
  8
A-BAY
370
15
100
AcDbLine
 10
588.0
 20
396.0
 30
0.0
 11
654.0
 21
396.0
 31
0.0
  0
LINE
  5
2E6
330
17
100
AcDbEntity
  8
A-FURN
370
20
100
AcDbLine
 10
597.0
 20
411.0
 30
0.0
 11
645.0
 21
411.0
 31
0.0
  0
LINE
  5
2E7
330
17
100
AcDbEntity
  8
A-FURN
370
20
100
AcDbLine
 10
645.0
 20
411.0
 30
0.0
 11
645.0
 21
426.6
 31
0.0
  0
LINE
  5
2E8
330
17
100
AcDbEntity
  8
A-FURN
370
20
100
AcDbLine
 10
645.0
 20
426.6
 30
0.0
 11
597.0
 21
426.6
 31
0.0
  0
LINE
  5
2E9
330
17
100
AcDbEntity
  8
A-FURN
370
20
100
AcDbLine
 10
597.0
 20
426.6
 30
0.0
 11
597.0
 21
411.0
 31
0.0
  0
TEXT
  5
2EA
330
17
100
AcDbEntity
  8
A-BAY
100
AcDbText
 10
621.0
 20
418.8
 30
0.0
 40
3.0
  1
BAY W25
  7
SIMPLEX
 72
1
 11
621.0
 21
418.8
 31
0.0
100
AcDbText
 73
2
  0
CIRCLE
  5
2EB
330
17
100
AcDbEntity
  8
A-FURN
370
18
100
AcDbCircle
 10
621.0
 20
403.8
 30
0.0
 40
4.199999999999999
  0
TEXT
  5
2EC
330
17
100
AcDbEntity
  8
A-FURN
100
AcDbText
 10
621.0
 20
403.8
 30
0.0
 40
1.5
  1
ADV
  7
SIMPLEX
 72
1
 11
621.0
 21
403.8
 31
0.0
100
AcDbText
 73
2
  0
CIRCLE
  5
2ED
330
17
100
AcDbEntity
  8
A-FURN
370
15
100
AcDbCircle
 10
606.48
 20
433.8
 30
0.0
 40
3.3600000000000003
  0
CIRCLE
  5
2EE
330
17
100
AcDbEntity
  8
A-FURN
370
15
100
AcDbCircle
 10
635.52
 20
433.8
 30
0.0
 40
3.3600000000000003
  0
TEXT
  5
2EF
330
17
100
AcDbEntity
  8
A-FURN
100
AcDbText
 10
606.48
 20
433.8
 30
0.0
 40
1.125
  1
LIT
  7
SIMPLEX
 72
1
 11
606.48
 21
433.8
 31
0.0
100
AcDbText
 73
2
  0
TEXT
  5
2F0
330
17
100
AcDbEntity
  8
A-FURN
100
AcDbText
 10
635.52
 20
433.8
 30
0.0
 40
1.125
  1
LIT
  7
SIMPLEX
 72
1
 11
635.52
 21
433.8
 31
0.0
100
AcDbText
 73
2
  0
LINE
  5
2F1
330
17
100
AcDbEntity
  8
A-JALI
370
20
100
AcDbLine
 10
588.0
 20
489.6
 30
0.0
 11
654.0
 21
489.6
 31
0.0
  0
LINE
  5
2F2
330
17
100
AcDbEntity
  8
A-JALI
370
20
100
AcDbLine
 10
588.0
 20
444.0
 30
0.0
 11
588.0
 21
489.6
 31
0.0
  0
LINE
  5
2F3
330
17
100
AcDbEntity
  8
A-BAY
370
15
100
AcDbLine
 10
654.0
 20
444.0
 30
0.0
 11
654.0
 21
489.6
 31
0.0
  0
LINE
  5
2F4
330
17
100
AcDbEntity
  8
A-BAY
370
15
100
AcDbLine
 10
588.0
 20
444.0
 30
0.0
 11
654.0
 21
444.0
 31
0.0
  0
LINE
  5
2F5
330
17
100
AcDbEntity
  8
A-FURN
370
20
100
AcDbLine
 10
597.0
 20
459.0
 30
0.0
 11
645.0
 21
459.0
 31
0.0
  0
LINE
  5
2F6
330
17
100
AcDbEntity
  8
A-FURN
370
20
100
AcDbLine
 10
645.0
 20
459.0
 30
0.0
 11
645.0
 21
474.6
 31
0.0
  0
LINE
  5
2F7
330
17
100
AcDbEntity
  8
A-FURN
370
20
100
AcDbLine
 10
645.0
 20
474.6
 30
0.0
 11
597.0
 21
474.6
 31
0.0
  0
LINE
  5
2F8
330
17
100
AcDbEntity
  8
A-FURN
370
20
100
AcDbLine
 10
597.0
 20
474.6
 30
0.0
 11
597.0
 21
459.0
 31
0.0
  0
TEXT
  5
2F9
330
17
100
AcDbEntity
  8
A-BAY
100
AcDbText
 10
621.0
 20
466.8
 30
0.0
 40
3.0
  1
BAY W26
  7
SIMPLEX
 72
1
 11
621.0
 21
466.8
 31
0.0
100
AcDbText
 73
2
  0
CIRCLE
  5
2FA
330
17
100
AcDbEntity
  8
A-FURN
370
18
100
AcDbCircle
 10
621.0
 20
451.8
 30
0.0
 40
4.199999999999999
  0
TEXT
  5
2FB
330
17
100
AcDbEntity
  8
A-FURN
100
AcDbText
 10
621.0
 20
451.8
 30
0.0
 40
1.5
  1
ADV
  7
SIMPLEX
 72
1
 11
621.0
 21
451.8
 31
0.0
100
AcDbText
 73
2
  0
CIRCLE
  5
2FC
330
17
100
AcDbEntity
  8
A-FURN
370
15
100
AcDbCircle
 10
606.48
 20
481.8
 30
0.0
 40
3.3600000000000003
  0
CIRCLE
  5
2FD
330
17
100
AcDbEntity
  8
A-FURN
370
15
100
AcDbCircle
 10
635.52
 20
481.8
 30
0.0
 40
3.3600000000000003
  0
TEXT
  5
2FE
330
17
100
AcDbEntity
  8
A-FURN
100
AcDbText
 10
606.48
 20
481.8
 30
0.0
 40
1.125
  1
LIT
  7
SIMPLEX
 72
1
 11
606.48
 21
481.8
 31
0.0
100
AcDbText
 73
2
  0
TEXT
  5
2FF
330
17
100
AcDbEntity
  8
A-FURN
100
AcDbText
 10
635.52
 20
481.8
 30
0.0
 40
1.125
  1
LIT
  7
SIMPLEX
 72
1
 11
635.52
 21
481.8
 31
0.0
100
AcDbText
 73
2
  0
LINE
  5
300
330
17
100
AcDbEntity
  8
A-JALI
370
20
100
AcDbLine
 10
588.0
 20
537.6
 30
0.0
 11
654.0
 21
537.6
 31
0.0
  0
LINE
  5
301
330
17
100
AcDbEntity
  8
A-JALI
370
20
100
AcDbLine
 10
588.0
 20
492.0
 30
0.0
 11
588.0
 21
537.6
 31
0.0
  0
LINE
  5
302
330
17
100
AcDbEntity
  8
A-BAY
370
15
100
AcDbLine
 10
654.0
 20
492.0
 30
0.0
 11
654.0
 21
537.6
 31
0.0
  0
LINE
  5
303
330
17
100
AcDbEntity
  8
A-BAY
370
15
100
AcDbLine
 10
588.0
 20
492.0
 30
0.0
 11
654.0
 21
492.0
 31
0.0
  0
LINE
  5
304
330
17
100
AcDbEntity
  8
A-FURN
370
20
100
AcDbLine
 10
597.0
 20
507.0
 30
0.0
 11
645.0
 21
507.0
 31
0.0
  0
LINE
  5
305
330
17
100
AcDbEntity
  8
A-FURN
370
20
100
AcDbLine
 10
645.0
 20
507.0
 30
0.0
 11
645.0
 21
522.6
 31
0.0
  0
LINE
  5
306
330
17
100
AcDbEntity
  8
A-FURN
370
20
100
AcDbLine
 10
645.0
 20
522.6
 30
0.0
 11
597.0
 21
522.6
 31
0.0
  0
LINE
  5
307
330
17
100
AcDbEntity
  8
A-FURN
370
20
100
AcDbLine
 10
597.0
 20
522.6
 30
0.0
 11
597.0
 21
507.0
 31
0.0
  0
TEXT
  5
308
330
17
100
AcDbEntity
  8
A-BAY
100
AcDbText
 10
621.0
 20
514.8
 30
0.0
 40
3.0
  1
BAY W27
  7
SIMPLEX
 72
1
 11
621.0
 21
514.8
 31
0.0
100
AcDbText
 73
2
  0
CIRCLE
  5
309
330
17
100
AcDbEntity
  8
A-FURN
370
18
100
AcDbCircle
 10
621.0
 20
499.8
 30
0.0
 40
4.199999999999999
  0
TEXT
  5
30A
330
17
100
AcDbEntity
  8
A-FURN
100
AcDbText
 10
621.0
 20
499.8
 30
0.0
 40
1.5
  1
ADV
  7
SIMPLEX
 72
1
 11
621.0
 21
499.8
 31
0.0
100
AcDbText
 73
2
  0
CIRCLE
  5
30B
330
17
100
AcDbEntity
  8
A-FURN
370
15
100
AcDbCircle
 10
606.48
 20
529.8000000000001
 30
0.0
 40
3.3600000000000003
  0
CIRCLE
  5
30C
330
17
100
AcDbEntity
  8
A-FURN
370
15
100
AcDbCircle
 10
635.52
 20
529.8000000000001
 30
0.0
 40
3.3600000000000003
  0
TEXT
  5
30D
330
17
100
AcDbEntity
  8
A-FURN
100
AcDbText
 10
606.48
 20
529.8000000000001
 30
0.0
 40
1.125
  1
LIT
  7
SIMPLEX
 72
1
 11
606.48
 21
529.8000000000001
 31
0.0
100
AcDbText
 73
2
  0
TEXT
  5
30E
330
17
100
AcDbEntity
  8
A-FURN
100
AcDbText
 10
635.52
 20
529.8000000000001
 30
0.0
 40
1.125
  1
LIT
  7
SIMPLEX
 72
1
 11
635.52
 21
529.8000000000001
 31
0.0
100
AcDbText
 73
2
  0
LINE
  5
30F
330
17
100
AcDbEntity
  8
A-JALI
370
20
100
AcDbLine
 10
588.0
 20
585.6
 30
0.0
 11
654.0
 21
585.6
 31
0.0
  0
LINE
  5
310
330
17
100
AcDbEntity
  8
A-JALI
370
20
100
AcDbLine
 10
588.0
 20
540.0
 30
0.0
 11
588.0
 21
585.6
 31
0.0
  0
LINE
  5
311
330
17
100
AcDbEntity
  8
A-BAY
370
15
100
AcDbLine
 10
654.0
 20
540.0
 30
0.0
 11
654.0
 21
585.6
 31
0.0
  0
LINE
  5
312
330
17
100
AcDbEntity
  8
A-BAY
370
15
100
AcDbLine
 10
588.0
 20
540.0
 30
0.0
 11
654.0
 21
540.0
 31
0.0
  0
LINE
  5
313
330
17
100
AcDbEntity
  8
A-FURN
370
20
100
AcDbLine
 10
597.0
 20
555.0
 30
0.0
 11
645.0
 21
555.0
 31
0.0
  0
LINE
  5
314
330
17
100
AcDbEntity
  8
A-FURN
370
20
100
AcDbLine
 10
645.0
 20
555.0
 30
0.0
 11
645.0
 21
570.6
 31
0.0
  0
LINE
  5
315
330
17
100
AcDbEntity
  8
A-FURN
370
20
100
AcDbLine
 10
645.0
 20
570.6
 30
0.0
 11
597.0
 21
570.6
 31
0.0
  0
LINE
  5
316
330
17
100
AcDbEntity
  8
A-FURN
370
20
100
AcDbLine
 10
597.0
 20
570.6
 30
0.0
 11
597.0
 21
555.0
 31
0.0
  0
TEXT
  5
317
330
17
100
AcDbEntity
  8
A-BAY
100
AcDbText
 10
621.0
 20
562.8
 30
0.0
 40
3.0
  1
BAY W28
  7
SIMPLEX
 72
1
 11
621.0
 21
562.8
 31
0.0
100
AcDbText
 73
2
  0
CIRCLE
  5
318
330
17
100
AcDbEntity
  8
A-FURN
370
18
100
AcDbCircle
 10
621.0
 20
547.8
 30
0.0
 40
4.199999999999999
  0
TEXT
  5
319
330
17
100
AcDbEntity
  8
A-FURN
100
AcDbText
 10
621.0
 20
547.8
 30
0.0
 40
1.5
  1
ADV
  7
SIMPLEX
 72
1
 11
621.0
 21
547.8
 31
0.0
100
AcDbText
 73
2
  0
CIRCLE
  5
31A
330
17
100
AcDbEntity
  8
A-FURN
370
15
100
AcDbCircle
 10
606.48
 20
577.8000000000001
 30
0.0
 40
3.3600000000000003
  0
CIRCLE
  5
31B
330
17
100
AcDbEntity
  8
A-FURN
370
15
100
AcDbCircle
 10
635.52
 20
577.8000000000001
 30
0.0
 40
3.3600000000000003
  0
TEXT
  5
31C
330
17
100
AcDbEntity
  8
A-FURN
100
AcDbText
 10
606.48
 20
577.8000000000001
 30
0.0
 40
1.125
  1
LIT
  7
SIMPLEX
 72
1
 11
606.48
 21
577.8000000000001
 31
0.0
100
AcDbText
 73
2
  0
TEXT
  5
31D
330
17
100
AcDbEntity
  8
A-FURN
100
AcDbText
 10
635.52
 20
577.8000000000001
 30
0.0
 40
1.125
  1
LIT
  7
SIMPLEX
 72
1
 11
635.52
 21
577.8000000000001
 31
0.0
100
AcDbText
 73
2
  0
TEXT
  5
31E
330
17
100
AcDbEntity
  8
A-TEXT-TTL
100
AcDbText
 10
504.0
 20
612.0
 30
0.0
 40
6.0
  1
WEST CLUSTER: 28 OPEN BAYS (W1-W28)
 50
90.0
  7
SIMPLEX
 72
1
 11
504.0
 21
612.0
 31
0.0
100
AcDbText
 73
2
  0
LINE
  5
31F
330
17
100
AcDbEntity
  8
A-JALI
370
20
100
AcDbLine
 10
1104.0
 20
297.6
 30
0.0
 11
1170.0
 21
297.6
 31
0.0
  0
LINE
  5
320
330
17
100
AcDbEntity
  8
A-JALI
370
20
100
AcDbLine
 10
1104.0
 20
252.0
 30
0.0
 11
1104.0
 21
297.6
 31
0.0
  0
LINE
  5
321
330
17
100
AcDbEntity
  8
A-BAY
370
15
100
AcDbLine
 10
1170.0
 20
252.0
 30
0.0
 11
1170.0
 21
297.6
 31
0.0
  0
LINE
  5
322
330
17
100
AcDbEntity
  8
A-BAY
370
15
100
AcDbLine
 10
1104.0
 20
252.0
 30
0.0
 11
1170.0
 21
252.0
 31
0.0
  0
LINE
  5
323
330
17
100
AcDbEntity
  8
A-FURN
370
20
100
AcDbLine
 10
1113.0
 20
267.0
 30
0.0
 11
1161.0
 21
267.0
 31
0.0
  0
LINE
  5
324
330
17
100
AcDbEntity
  8
A-FURN
370
20
100
AcDbLine
 10
1161.0
 20
267.0
 30
0.0
 11
1161.0
 21
282.6
 31
0.0
  0
LINE
  5
325
330
17
100
AcDbEntity
  8
A-FURN
370
20
100
AcDbLine
 10
1161.0
 20
282.6
 30
0.0
 11
1113.0
 21
282.6
 31
0.0
  0
LINE
  5
326
330
17
100
AcDbEntity
  8
A-FURN
370
20
100
AcDbLine
 10
1113.0
 20
282.6
 30
0.0
 11
1113.0
 21
267.0
 31
0.0
  0
TEXT
  5
327
330
17
100
AcDbEntity
  8
A-BAY
100
AcDbText
 10
1137.0
 20
274.8
 30
0.0
 40
3.0
  1
BAY E1
  7
SIMPLEX
 72
1
 11
1137.0
 21
274.8
 31
0.0
100
AcDbText
 73
2
  0
CIRCLE
  5
328
330
17
100
AcDbEntity
  8
A-FURN
370
18
100
AcDbCircle
 10
1137.0
 20
289.8
 30
0.0
 40
4.199999999999999
  0
TEXT
  5
329
330
17
100
AcDbEntity
  8
A-FURN
100
AcDbText
 10
1137.0
 20
289.8
 30
0.0
 40
1.5
  1
ADV
  7
SIMPLEX
 72
1
 11
1137.0
 21
289.8
 31
0.0
100
AcDbText
 73
2
  0
CIRCLE
  5
32A
330
17
100
AcDbEntity
  8
A-FURN
370
15
100
AcDbCircle
 10
1122.48
 20
259.8
 30
0.0
 40
3.3600000000000003
  0
CIRCLE
  5
32B
330
17
100
AcDbEntity
  8
A-FURN
370
15
100
AcDbCircle
 10
1151.52
 20
259.8
 30
0.0
 40
3.3600000000000003
  0
TEXT
  5
32C
330
17
100
AcDbEntity
  8
A-FURN
100
AcDbText
 10
1122.48
 20
259.8
 30
0.0
 40
1.125
  1
LIT
  7
SIMPLEX
 72
1
 11
1122.48
 21
259.8
 31
0.0
100
AcDbText
 73
2
  0
TEXT
  5
32D
330
17
100
AcDbEntity
  8
A-FURN
100
AcDbText
 10
1151.52
 20
259.8
 30
0.0
 40
1.125
  1
LIT
  7
SIMPLEX
 72
1
 11
1151.52
 21
259.8
 31
0.0
100
AcDbText
 73
2
  0
LINE
  5
32E
330
17
100
AcDbEntity
  8
A-JALI
370
20
100
AcDbLine
 10
1104.0
 20
345.6
 30
0.0
 11
1170.0
 21
345.6
 31
0.0
  0
LINE
  5
32F
330
17
100
AcDbEntity
  8
A-JALI
370
20
100
AcDbLine
 10
1104.0
 20
300.0
 30
0.0
 11
1104.0
 21
345.6
 31
0.0
  0
LINE
  5
330
330
17
100
AcDbEntity
  8
A-BAY
370
15
100
AcDbLine
 10
1170.0
 20
300.0
 30
0.0
 11
1170.0
 21
345.6
 31
0.0
  0
LINE
  5
331
330
17
100
AcDbEntity
  8
A-BAY
370
15
100
AcDbLine
 10
1104.0
 20
300.0
 30
0.0
 11
1170.0
 21
300.0
 31
0.0
  0
LINE
  5
332
330
17
100
AcDbEntity
  8
A-FURN
370
20
100
AcDbLine
 10
1113.0
 20
315.0
 30
0.0
 11
1161.0
 21
315.0
 31
0.0
  0
LINE
  5
333
330
17
100
AcDbEntity
  8
A-FURN
370
20
100
AcDbLine
 10
1161.0
 20
315.0
 30
0.0
 11
1161.0
 21
330.6
 31
0.0
  0
LINE
  5
334
330
17
100
AcDbEntity
  8
A-FURN
370
20
100
AcDbLine
 10
1161.0
 20
330.6
 30
0.0
 11
1113.0
 21
330.6
 31
0.0
  0
LINE
  5
335
330
17
100
AcDbEntity
  8
A-FURN
370
20
100
AcDbLine
 10
1113.0
 20
330.6
 30
0.0
 11
1113.0
 21
315.0
 31
0.0
  0
TEXT
  5
336
330
17
100
AcDbEntity
  8
A-BAY
100
AcDbText
 10
1137.0
 20
322.8
 30
0.0
 40
3.0
  1
BAY E2
  7
SIMPLEX
 72
1
 11
1137.0
 21
322.8
 31
0.0
100
AcDbText
 73
2
  0
CIRCLE
  5
337
330
17
100
AcDbEntity
  8
A-FURN
370
18
100
AcDbCircle
 10
1137.0
 20
337.8
 30
0.0
 40
4.199999999999999
  0
TEXT
  5
338
330
17
100
AcDbEntity
  8
A-FURN
100
AcDbText
 10
1137.0
 20
337.8
 30
0.0
 40
1.5
  1
ADV
  7
SIMPLEX
 72
1
 11
1137.0
 21
337.8
 31
0.0
100
AcDbText
 73
2
  0
CIRCLE
  5
339
330
17
100
AcDbEntity
  8
A-FURN
370
15
100
AcDbCircle
 10
1122.48
 20
307.8
 30
0.0
 40
3.3600000000000003
  0
CIRCLE
  5
33A
330
17
100
AcDbEntity
  8
A-FURN
370
15
100
AcDbCircle
 10
1151.52
 20
307.8
 30
0.0
 40
3.3600000000000003
  0
TEXT
  5
33B
330
17
100
AcDbEntity
  8
A-FURN
100
AcDbText
 10
1122.48
 20
307.8
 30
0.0
 40
1.125
  1
LIT
  7
SIMPLEX
 72
1
 11
1122.48
 21
307.8
 31
0.0
100
AcDbText
 73
2
  0
TEXT
  5
33C
330
17
100
AcDbEntity
  8
A-FURN
100
AcDbText
 10
1151.52
 20
307.8
 30
0.0
 40
1.125
  1
LIT
  7
SIMPLEX
 72
1
 11
1151.52
 21
307.8
 31
0.0
100
AcDbText
 73
2
  0
LINE
  5
33D
330
17
100
AcDbEntity
  8
A-JALI
370
20
100
AcDbLine
 10
1104.0
 20
393.6
 30
0.0
 11
1170.0
 21
393.6
 31
0.0
  0
LINE
  5
33E
330
17
100
AcDbEntity
  8
A-JALI
370
20
100
AcDbLine
 10
1104.0
 20
348.0
 30
0.0
 11
1104.0
 21
393.6
 31
0.0
  0
LINE
  5
33F
330
17
100
AcDbEntity
  8
A-BAY
370
15
100
AcDbLine
 10
1170.0
 20
348.0
 30
0.0
 11
1170.0
 21
393.6
 31
0.0
  0
LINE
  5
340
330
17
100
AcDbEntity
  8
A-BAY
370
15
100
AcDbLine
 10
1104.0
 20
348.0
 30
0.0
 11
1170.0
 21
348.0
 31
0.0
  0
LINE
  5
341
330
17
100
AcDbEntity
  8
A-FURN
370
20
100
AcDbLine
 10
1113.0
 20
363.0
 30
0.0
 11
1161.0
 21
363.0
 31
0.0
  0
LINE
  5
342
330
17
100
AcDbEntity
  8
A-FURN
370
20
100
AcDbLine
 10
1161.0
 20
363.0
 30
0.0
 11
1161.0
 21
378.6
 31
0.0
  0
LINE
  5
343
330
17
100
AcDbEntity
  8
A-FURN
370
20
100
AcDbLine
 10
1161.0
 20
378.6
 30
0.0
 11
1113.0
 21
378.6
 31
0.0
  0
LINE
  5
344
330
17
100
AcDbEntity
  8
A-FURN
370
20
100
AcDbLine
 10
1113.0
 20
378.6
 30
0.0
 11
1113.0
 21
363.0
 31
0.0
  0
TEXT
  5
345
330
17
100
AcDbEntity
  8
A-BAY
100
AcDbText
 10
1137.0
 20
370.8
 30
0.0
 40
3.0
  1
BAY E3
  7
SIMPLEX
 72
1
 11
1137.0
 21
370.8
 31
0.0
100
AcDbText
 73
2
  0
CIRCLE
  5
346
330
17
100
AcDbEntity
  8
A-FURN
370
18
100
AcDbCircle
 10
1137.0
 20
385.8
 30
0.0
 40
4.199999999999999
  0
TEXT
  5
347
330
17
100
AcDbEntity
  8
A-FURN
100
AcDbText
 10
1137.0
 20
385.8
 30
0.0
 40
1.5
  1
ADV
  7
SIMPLEX
 72
1
 11
1137.0
 21
385.8
 31
0.0
100
AcDbText
 73
2
  0
CIRCLE
  5
348
330
17
100
AcDbEntity
  8
A-FURN
370
15
100
AcDbCircle
 10
1122.48
 20
355.8
 30
0.0
 40
3.3600000000000003
  0
CIRCLE
  5
349
330
17
100
AcDbEntity
  8
A-FURN
370
15
100
AcDbCircle
 10
1151.52
 20
355.8
 30
0.0
 40
3.3600000000000003
  0
TEXT
  5
34A
330
17
100
AcDbEntity
  8
A-FURN
100
AcDbText
 10
1122.48
 20
355.8
 30
0.0
 40
1.125
  1
LIT
  7
SIMPLEX
 72
1
 11
1122.48
 21
355.8
 31
0.0
100
AcDbText
 73
2
  0
TEXT
  5
34B
330
17
100
AcDbEntity
  8
A-FURN
100
AcDbText
 10
1151.52
 20
355.8
 30
0.0
 40
1.125
  1
LIT
  7
SIMPLEX
 72
1
 11
1151.52
 21
355.8
 31
0.0
100
AcDbText
 73
2
  0
LINE
  5
34C
330
17
100
AcDbEntity
  8
A-JALI
370
20
100
AcDbLine
 10
1104.0
 20
441.6
 30
0.0
 11
1170.0
 21
441.6
 31
0.0
  0
LINE
  5
34D
330
17
100
AcDbEntity
  8
A-JALI
370
20
100
AcDbLine
 10
1104.0
 20
396.0
 30
0.0
 11
1104.0
 21
441.6
 31
0.0
  0
LINE
  5
34E
330
17
100
AcDbEntity
  8
A-BAY
370
15
100
AcDbLine
 10
1170.0
 20
396.0
 30
0.0
 11
1170.0
 21
441.6
 31
0.0
  0
LINE
  5
34F
330
17
100
AcDbEntity
  8
A-BAY
370
15
100
AcDbLine
 10
1104.0
 20
396.0
 30
0.0
 11
1170.0
 21
396.0
 31
0.0
  0
LINE
  5
350
330
17
100
AcDbEntity
  8
A-FURN
370
20
100
AcDbLine
 10
1113.0
 20
411.0
 30
0.0
 11
1161.0
 21
411.0
 31
0.0
  0
LINE
  5
351
330
17
100
AcDbEntity
  8
A-FURN
370
20
100
AcDbLine
 10
1161.0
 20
411.0
 30
0.0
 11
1161.0
 21
426.6
 31
0.0
  0
LINE
  5
352
330
17
100
AcDbEntity
  8
A-FURN
370
20
100
AcDbLine
 10
1161.0
 20
426.6
 30
0.0
 11
1113.0
 21
426.6
 31
0.0
  0
LINE
  5
353
330
17
100
AcDbEntity
  8
A-FURN
370
20
100
AcDbLine
 10
1113.0
 20
426.6
 30
0.0
 11
1113.0
 21
411.0
 31
0.0
  0
TEXT
  5
354
330
17
100
AcDbEntity
  8
A-BAY
100
AcDbText
 10
1137.0
 20
418.8
 30
0.0
 40
3.0
  1
BAY E4
  7
SIMPLEX
 72
1
 11
1137.0
 21
418.8
 31
0.0
100
AcDbText
 73
2
  0
CIRCLE
  5
355
330
17
100
AcDbEntity
  8
A-FURN
370
18
100
AcDbCircle
 10
1137.0
 20
433.8
 30
0.0
 40
4.199999999999999
  0
TEXT
  5
356
330
17
100
AcDbEntity
  8
A-FURN
100
AcDbText
 10
1137.0
 20
433.8
 30
0.0
 40
1.5
  1
ADV
  7
SIMPLEX
 72
1
 11
1137.0
 21
433.8
 31
0.0
100
AcDbText
 73
2
  0
CIRCLE
  5
357
330
17
100
AcDbEntity
  8
A-FURN
370
15
100
AcDbCircle
 10
1122.48
 20
403.8
 30
0.0
 40
3.3600000000000003
  0
CIRCLE
  5
358
330
17
100
AcDbEntity
  8
A-FURN
370
15
100
AcDbCircle
 10
1151.52
 20
403.8
 30
0.0
 40
3.3600000000000003
  0
TEXT
  5
359
330
17
100
AcDbEntity
  8
A-FURN
100
AcDbText
 10
1122.48
 20
403.8
 30
0.0
 40
1.125
  1
LIT
  7
SIMPLEX
 72
1
 11
1122.48
 21
403.8
 31
0.0
100
AcDbText
 73
2
  0
TEXT
  5
35A
330
17
100
AcDbEntity
  8
A-FURN
100
AcDbText
 10
1151.52
 20
403.8
 30
0.0
 40
1.125
  1
LIT
  7
SIMPLEX
 72
1
 11
1151.52
 21
403.8
 31
0.0
100
AcDbText
 73
2
  0
LINE
  5
35B
330
17
100
AcDbEntity
  8
A-JALI
370
20
100
AcDbLine
 10
1104.0
 20
489.6
 30
0.0
 11
1170.0
 21
489.6
 31
0.0
  0
LINE
  5
35C
330
17
100
AcDbEntity
  8
A-JALI
370
20
100
AcDbLine
 10
1104.0
 20
444.0
 30
0.0
 11
1104.0
 21
489.6
 31
0.0
  0
LINE
  5
35D
330
17
100
AcDbEntity
  8
A-BAY
370
15
100
AcDbLine
 10
1170.0
 20
444.0
 30
0.0
 11
1170.0
 21
489.6
 31
0.0
  0
LINE
  5
35E
330
17
100
AcDbEntity
  8
A-BAY
370
15
100
AcDbLine
 10
1104.0
 20
444.0
 30
0.0
 11
1170.0
 21
444.0
 31
0.0
  0
LINE
  5
35F
330
17
100
AcDbEntity
  8
A-FURN
370
20
100
AcDbLine
 10
1113.0
 20
459.0
 30
0.0
 11
1161.0
 21
459.0
 31
0.0
  0
LINE
  5
360
330
17
100
AcDbEntity
  8
A-FURN
370
20
100
AcDbLine
 10
1161.0
 20
459.0
 30
0.0
 11
1161.0
 21
474.6
 31
0.0
  0
LINE
  5
361
330
17
100
AcDbEntity
  8
A-FURN
370
20
100
AcDbLine
 10
1161.0
 20
474.6
 30
0.0
 11
1113.0
 21
474.6
 31
0.0
  0
LINE
  5
362
330
17
100
AcDbEntity
  8
A-FURN
370
20
100
AcDbLine
 10
1113.0
 20
474.6
 30
0.0
 11
1113.0
 21
459.0
 31
0.0
  0
TEXT
  5
363
330
17
100
AcDbEntity
  8
A-BAY
100
AcDbText
 10
1137.0
 20
466.8
 30
0.0
 40
3.0
  1
BAY E5
  7
SIMPLEX
 72
1
 11
1137.0
 21
466.8
 31
0.0
100
AcDbText
 73
2
  0
CIRCLE
  5
364
330
17
100
AcDbEntity
  8
A-FURN
370
18
100
AcDbCircle
 10
1137.0
 20
481.8
 30
0.0
 40
4.199999999999999
  0
TEXT
  5
365
330
17
100
AcDbEntity
  8
A-FURN
100
AcDbText
 10
1137.0
 20
481.8
 30
0.0
 40
1.5
  1
ADV
  7
SIMPLEX
 72
1
 11
1137.0
 21
481.8
 31
0.0
100
AcDbText
 73
2
  0
CIRCLE
  5
366
330
17
100
AcDbEntity
  8
A-FURN
370
15
100
AcDbCircle
 10
1122.48
 20
451.8
 30
0.0
 40
3.3600000000000003
  0
CIRCLE
  5
367
330
17
100
AcDbEntity
  8
A-FURN
370
15
100
AcDbCircle
 10
1151.52
 20
451.8
 30
0.0
 40
3.3600000000000003
  0
TEXT
  5
368
330
17
100
AcDbEntity
  8
A-FURN
100
AcDbText
 10
1122.48
 20
451.8
 30
0.0
 40
1.125
  1
LIT
  7
SIMPLEX
 72
1
 11
1122.48
 21
451.8
 31
0.0
100
AcDbText
 73
2
  0
TEXT
  5
369
330
17
100
AcDbEntity
  8
A-FURN
100
AcDbText
 10
1151.52
 20
451.8
 30
0.0
 40
1.125
  1
LIT
  7
SIMPLEX
 72
1
 11
1151.52
 21
451.8
 31
0.0
100
AcDbText
 73
2
  0
LINE
  5
36A
330
17
100
AcDbEntity
  8
A-JALI
370
20
100
AcDbLine
 10
1104.0
 20
537.6
 30
0.0
 11
1170.0
 21
537.6
 31
0.0
  0
LINE
  5
36B
330
17
100
AcDbEntity
  8
A-JALI
370
20
100
AcDbLine
 10
1104.0
 20
492.0
 30
0.0
 11
1104.0
 21
537.6
 31
0.0
  0
LINE
  5
36C
330
17
100
AcDbEntity
  8
A-BAY
370
15
100
AcDbLine
 10
1170.0
 20
492.0
 30
0.0
 11
1170.0
 21
537.6
 31
0.0
  0
LINE
  5
36D
330
17
100
AcDbEntity
  8
A-BAY
370
15
100
AcDbLine
 10
1104.0
 20
492.0
 30
0.0
 11
1170.0
 21
492.0
 31
0.0
  0
LINE
  5
36E
330
17
100
AcDbEntity
  8
A-FURN
370
20
100
AcDbLine
 10
1113.0
 20
507.0
 30
0.0
 11
1161.0
 21
507.0
 31
0.0
  0
LINE
  5
36F
330
17
100
AcDbEntity
  8
A-FURN
370
20
100
AcDbLine
 10
1161.0
 20
507.0
 30
0.0
 11
1161.0
 21
522.6
 31
0.0
  0
LINE
  5
370
330
17
100
AcDbEntity
  8
A-FURN
370
20
100
AcDbLine
 10
1161.0
 20
522.6
 30
0.0
 11
1113.0
 21
522.6
 31
0.0
  0
LINE
  5
371
330
17
100
AcDbEntity
  8
A-FURN
370
20
100
AcDbLine
 10
1113.0
 20
522.6
 30
0.0
 11
1113.0
 21
507.0
 31
0.0
  0
TEXT
  5
372
330
17
100
AcDbEntity
  8
A-BAY
100
AcDbText
 10
1137.0
 20
514.8
 30
0.0
 40
3.0
  1
BAY E6
  7
SIMPLEX
 72
1
 11
1137.0
 21
514.8
 31
0.0
100
AcDbText
 73
2
  0
CIRCLE
  5
373
330
17
100
AcDbEntity
  8
A-FURN
370
18
100
AcDbCircle
 10
1137.0
 20
529.8000000000001
 30
0.0
 40
4.199999999999999
  0
TEXT
  5
374
330
17
100
AcDbEntity
  8
A-FURN
100
AcDbText
 10
1137.0
 20
529.8000000000001
 30
0.0
 40
1.5
  1
ADV
  7
SIMPLEX
 72
1
 11
1137.0
 21
529.8000000000001
 31
0.0
100
AcDbText
 73
2
  0
CIRCLE
  5
375
330
17
100
AcDbEntity
  8
A-FURN
370
15
100
AcDbCircle
 10
1122.48
 20
499.8
 30
0.0
 40
3.3600000000000003
  0
CIRCLE
  5
376
330
17
100
AcDbEntity
  8
A-FURN
370
15
100
AcDbCircle
 10
1151.52
 20
499.8
 30
0.0
 40
3.3600000000000003
  0
TEXT
  5
377
330
17
100
AcDbEntity
  8
A-FURN
100
AcDbText
 10
1122.48
 20
499.8
 30
0.0
 40
1.125
  1
LIT
  7
SIMPLEX
 72
1
 11
1122.48
 21
499.8
 31
0.0
100
AcDbText
 73
2
  0
TEXT
  5
378
330
17
100
AcDbEntity
  8
A-FURN
100
AcDbText
 10
1151.52
 20
499.8
 30
0.0
 40
1.125
  1
LIT
  7
SIMPLEX
 72
1
 11
1151.52
 21
499.8
 31
0.0
100
AcDbText
 73
2
  0
LINE
  5
379
330
17
100
AcDbEntity
  8
A-JALI
370
20
100
AcDbLine
 10
1176.0
 20
297.6
 30
0.0
 11
1242.0
 21
297.6
 31
0.0
  0
LINE
  5
37A
330
17
100
AcDbEntity
  8
A-JALI
370
20
100
AcDbLine
 10
1176.0
 20
252.0
 30
0.0
 11
1176.0
 21
297.6
 31
0.0
  0
LINE
  5
37B
330
17
100
AcDbEntity
  8
A-BAY
370
15
100
AcDbLine
 10
1242.0
 20
252.0
 30
0.0
 11
1242.0
 21
297.6
 31
0.0
  0
LINE
  5
37C
330
17
100
AcDbEntity
  8
A-BAY
370
15
100
AcDbLine
 10
1176.0
 20
252.0
 30
0.0
 11
1242.0
 21
252.0
 31
0.0
  0
LINE
  5
37D
330
17
100
AcDbEntity
  8
A-FURN
370
20
100
AcDbLine
 10
1185.0
 20
267.0
 30
0.0
 11
1233.0
 21
267.0
 31
0.0
  0
LINE
  5
37E
330
17
100
AcDbEntity
  8
A-FURN
370
20
100
AcDbLine
 10
1233.0
 20
267.0
 30
0.0
 11
1233.0
 21
282.6
 31
0.0
  0
LINE
  5
37F
330
17
100
AcDbEntity
  8
A-FURN
370
20
100
AcDbLine
 10
1233.0
 20
282.6
 30
0.0
 11
1185.0
 21
282.6
 31
0.0
  0
LINE
  5
380
330
17
100
AcDbEntity
  8
A-FURN
370
20
100
AcDbLine
 10
1185.0
 20
282.6
 30
0.0
 11
1185.0
 21
267.0
 31
0.0
  0
TEXT
  5
381
330
17
100
AcDbEntity
  8
A-BAY
100
AcDbText
 10
1209.0
 20
274.8
 30
0.0
 40
3.0
  1
BAY E7
  7
SIMPLEX
 72
1
 11
1209.0
 21
274.8
 31
0.0
100
AcDbText
 73
2
  0
CIRCLE
  5
382
330
17
100
AcDbEntity
  8
A-FURN
370
18
100
AcDbCircle
 10
1209.0
 20
259.8
 30
0.0
 40
4.199999999999999
  0
TEXT
  5
383
330
17
100
AcDbEntity
  8
A-FURN
100
AcDbText
 10
1209.0
 20
259.8
 30
0.0
 40
1.5
  1
ADV
  7
SIMPLEX
 72
1
 11
1209.0
 21
259.8
 31
0.0
100
AcDbText
 73
2
  0
CIRCLE
  5
384
330
17
100
AcDbEntity
  8
A-FURN
370
15
100
AcDbCircle
 10
1194.48
 20
289.8
 30
0.0
 40
3.3600000000000003
  0
CIRCLE
  5
385
330
17
100
AcDbEntity
  8
A-FURN
370
15
100
AcDbCircle
 10
1223.52
 20
289.8
 30
0.0
 40
3.3600000000000003
  0
TEXT
  5
386
330
17
100
AcDbEntity
  8
A-FURN
100
AcDbText
 10
1194.48
 20
289.8
 30
0.0
 40
1.125
  1
LIT
  7
SIMPLEX
 72
1
 11
1194.48
 21
289.8
 31
0.0
100
AcDbText
 73
2
  0
TEXT
  5
387
330
17
100
AcDbEntity
  8
A-FURN
100
AcDbText
 10
1223.52
 20
289.8
 30
0.0
 40
1.125
  1
LIT
  7
SIMPLEX
 72
1
 11
1223.52
 21
289.8
 31
0.0
100
AcDbText
 73
2
  0
LINE
  5
388
330
17
100
AcDbEntity
  8
A-JALI
370
20
100
AcDbLine
 10
1176.0
 20
345.6
 30
0.0
 11
1242.0
 21
345.6
 31
0.0
  0
LINE
  5
389
330
17
100
AcDbEntity
  8
A-JALI
370
20
100
AcDbLine
 10
1176.0
 20
300.0
 30
0.0
 11
1176.0
 21
345.6
 31
0.0
  0
LINE
  5
38A
330
17
100
AcDbEntity
  8
A-BAY
370
15
100
AcDbLine
 10
1242.0
 20
300.0
 30
0.0
 11
1242.0
 21
345.6
 31
0.0
  0
LINE
  5
38B
330
17
100
AcDbEntity
  8
A-BAY
370
15
100
AcDbLine
 10
1176.0
 20
300.0
 30
0.0
 11
1242.0
 21
300.0
 31
0.0
  0
LINE
  5
38C
330
17
100
AcDbEntity
  8
A-FURN
370
20
100
AcDbLine
 10
1185.0
 20
315.0
 30
0.0
 11
1233.0
 21
315.0
 31
0.0
  0
LINE
  5
38D
330
17
100
AcDbEntity
  8
A-FURN
370
20
100
AcDbLine
 10
1233.0
 20
315.0
 30
0.0
 11
1233.0
 21
330.6
 31
0.0
  0
LINE
  5
38E
330
17
100
AcDbEntity
  8
A-FURN
370
20
100
AcDbLine
 10
1233.0
 20
330.6
 30
0.0
 11
1185.0
 21
330.6
 31
0.0
  0
LINE
  5
38F
330
17
100
AcDbEntity
  8
A-FURN
370
20
100
AcDbLine
 10
1185.0
 20
330.6
 30
0.0
 11
1185.0
 21
315.0
 31
0.0
  0
TEXT
  5
390
330
17
100
AcDbEntity
  8
A-BAY
100
AcDbText
 10
1209.0
 20
322.8
 30
0.0
 40
3.0
  1
BAY E8
  7
SIMPLEX
 72
1
 11
1209.0
 21
322.8
 31
0.0
100
AcDbText
 73
2
  0
CIRCLE
  5
391
330
17
100
AcDbEntity
  8
A-FURN
370
18
100
AcDbCircle
 10
1209.0
 20
307.8
 30
0.0
 40
4.199999999999999
  0
TEXT
  5
392
330
17
100
AcDbEntity
  8
A-FURN
100
AcDbText
 10
1209.0
 20
307.8
 30
0.0
 40
1.5
  1
ADV
  7
SIMPLEX
 72
1
 11
1209.0
 21
307.8
 31
0.0
100
AcDbText
 73
2
  0
CIRCLE
  5
393
330
17
100
AcDbEntity
  8
A-FURN
370
15
100
AcDbCircle
 10
1194.48
 20
337.8
 30
0.0
 40
3.3600000000000003
  0
CIRCLE
  5
394
330
17
100
AcDbEntity
  8
A-FURN
370
15
100
AcDbCircle
 10
1223.52
 20
337.8
 30
0.0
 40
3.3600000000000003
  0
TEXT
  5
395
330
17
100
AcDbEntity
  8
A-FURN
100
AcDbText
 10
1194.48
 20
337.8
 30
0.0
 40
1.125
  1
LIT
  7
SIMPLEX
 72
1
 11
1194.48
 21
337.8
 31
0.0
100
AcDbText
 73
2
  0
TEXT
  5
396
330
17
100
AcDbEntity
  8
A-FURN
100
AcDbText
 10
1223.52
 20
337.8
 30
0.0
 40
1.125
  1
LIT
  7
SIMPLEX
 72
1
 11
1223.52
 21
337.8
 31
0.0
100
AcDbText
 73
2
  0
LINE
  5
397
330
17
100
AcDbEntity
  8
A-JALI
370
20
100
AcDbLine
 10
1176.0
 20
393.6
 30
0.0
 11
1242.0
 21
393.6
 31
0.0
  0
LINE
  5
398
330
17
100
AcDbEntity
  8
A-JALI
370
20
100
AcDbLine
 10
1176.0
 20
348.0
 30
0.0
 11
1176.0
 21
393.6
 31
0.0
  0
LINE
  5
399
330
17
100
AcDbEntity
  8
A-BAY
370
15
100
AcDbLine
 10
1242.0
 20
348.0
 30
0.0
 11
1242.0
 21
393.6
 31
0.0
  0
LINE
  5
39A
330
17
100
AcDbEntity
  8
A-BAY
370
15
100
AcDbLine
 10
1176.0
 20
348.0
 30
0.0
 11
1242.0
 21
348.0
 31
0.0
  0
LINE
  5
39B
330
17
100
AcDbEntity
  8
A-FURN
370
20
100
AcDbLine
 10
1185.0
 20
363.0
 30
0.0
 11
1233.0
 21
363.0
 31
0.0
  0
LINE
  5
39C
330
17
100
AcDbEntity
  8
A-FURN
370
20
100
AcDbLine
 10
1233.0
 20
363.0
 30
0.0
 11
1233.0
 21
378.6
 31
0.0
  0
LINE
  5
39D
330
17
100
AcDbEntity
  8
A-FURN
370
20
100
AcDbLine
 10
1233.0
 20
378.6
 30
0.0
 11
1185.0
 21
378.6
 31
0.0
  0
LINE
  5
39E
330
17
100
AcDbEntity
  8
A-FURN
370
20
100
AcDbLine
 10
1185.0
 20
378.6
 30
0.0
 11
1185.0
 21
363.0
 31
0.0
  0
TEXT
  5
39F
330
17
100
AcDbEntity
  8
A-BAY
100
AcDbText
 10
1209.0
 20
370.8
 30
0.0
 40
3.0
  1
BAY E9
  7
SIMPLEX
 72
1
 11
1209.0
 21
370.8
 31
0.0
100
AcDbText
 73
2
  0
CIRCLE
  5
3A0
330
17
100
AcDbEntity
  8
A-FURN
370
18
100
AcDbCircle
 10
1209.0
 20
355.8
 30
0.0
 40
4.199999999999999
  0
TEXT
  5
3A1
330
17
100
AcDbEntity
  8
A-FURN
100
AcDbText
 10
1209.0
 20
355.8
 30
0.0
 40
1.5
  1
ADV
  7
SIMPLEX
 72
1
 11
1209.0
 21
355.8
 31
0.0
100
AcDbText
 73
2
  0
CIRCLE
  5
3A2
330
17
100
AcDbEntity
  8
A-FURN
370
15
100
AcDbCircle
 10
1194.48
 20
385.8
 30
0.0
 40
3.3600000000000003
  0
CIRCLE
  5
3A3
330
17
100
AcDbEntity
  8
A-FURN
370
15
100
AcDbCircle
 10
1223.52
 20
385.8
 30
0.0
 40
3.3600000000000003
  0
TEXT
  5
3A4
330
17
100
AcDbEntity
  8
A-FURN
100
AcDbText
 10
1194.48
 20
385.8
 30
0.0
 40
1.125
  1
LIT
  7
SIMPLEX
 72
1
 11
1194.48
 21
385.8
 31
0.0
100
AcDbText
 73
2
  0
TEXT
  5
3A5
330
17
100
AcDbEntity
  8
A-FURN
100
AcDbText
 10
1223.52
 20
385.8
 30
0.0
 40
1.125
  1
LIT
  7
SIMPLEX
 72
1
 11
1223.52
 21
385.8
 31
0.0
100
AcDbText
 73
2
  0
LINE
  5
3A6
330
17
100
AcDbEntity
  8
A-JALI
370
20
100
AcDbLine
 10
1176.0
 20
441.6
 30
0.0
 11
1242.0
 21
441.6
 31
0.0
  0
LINE
  5
3A7
330
17
100
AcDbEntity
  8
A-JALI
370
20
100
AcDbLine
 10
1176.0
 20
396.0
 30
0.0
 11
1176.0
 21
441.6
 31
0.0
  0
LINE
  5
3A8
330
17
100
AcDbEntity
  8
A-BAY
370
15
100
AcDbLine
 10
1242.0
 20
396.0
 30
0.0
 11
1242.0
 21
441.6
 31
0.0
  0
LINE
  5
3A9
330
17
100
AcDbEntity
  8
A-BAY
370
15
100
AcDbLine
 10
1176.0
 20
396.0
 30
0.0
 11
1242.0
 21
396.0
 31
0.0
  0
LINE
  5
3AA
330
17
100
AcDbEntity
  8
A-FURN
370
20
100
AcDbLine
 10
1185.0
 20
411.0
 30
0.0
 11
1233.0
 21
411.0
 31
0.0
  0
LINE
  5
3AB
330
17
100
AcDbEntity
  8
A-FURN
370
20
100
AcDbLine
 10
1233.0
 20
411.0
 30
0.0
 11
1233.0
 21
426.6
 31
0.0
  0
LINE
  5
3AC
330
17
100
AcDbEntity
  8
A-FURN
370
20
100
AcDbLine
 10
1233.0
 20
426.6
 30
0.0
 11
1185.0
 21
426.6
 31
0.0
  0
LINE
  5
3AD
330
17
100
AcDbEntity
  8
A-FURN
370
20
100
AcDbLine
 10
1185.0
 20
426.6
 30
0.0
 11
1185.0
 21
411.0
 31
0.0
  0
TEXT
  5
3AE
330
17
100
AcDbEntity
  8
A-BAY
100
AcDbText
 10
1209.0
 20
418.8
 30
0.0
 40
3.0
  1
BAY E10
  7
SIMPLEX
 72
1
 11
1209.0
 21
418.8
 31
0.0
100
AcDbText
 73
2
  0
CIRCLE
  5
3AF
330
17
100
AcDbEntity
  8
A-FURN
370
18
100
AcDbCircle
 10
1209.0
 20
403.8
 30
0.0
 40
4.199999999999999
  0
TEXT
  5
3B0
330
17
100
AcDbEntity
  8
A-FURN
100
AcDbText
 10
1209.0
 20
403.8
 30
0.0
 40
1.5
  1
ADV
  7
SIMPLEX
 72
1
 11
1209.0
 21
403.8
 31
0.0
100
AcDbText
 73
2
  0
CIRCLE
  5
3B1
330
17
100
AcDbEntity
  8
A-FURN
370
15
100
AcDbCircle
 10
1194.48
 20
433.8
 30
0.0
 40
3.3600000000000003
  0
CIRCLE
  5
3B2
330
17
100
AcDbEntity
  8
A-FURN
370
15
100
AcDbCircle
 10
1223.52
 20
433.8
 30
0.0
 40
3.3600000000000003
  0
TEXT
  5
3B3
330
17
100
AcDbEntity
  8
A-FURN
100
AcDbText
 10
1194.48
 20
433.8
 30
0.0
 40
1.125
  1
LIT
  7
SIMPLEX
 72
1
 11
1194.48
 21
433.8
 31
0.0
100
AcDbText
 73
2
  0
TEXT
  5
3B4
330
17
100
AcDbEntity
  8
A-FURN
100
AcDbText
 10
1223.52
 20
433.8
 30
0.0
 40
1.125
  1
LIT
  7
SIMPLEX
 72
1
 11
1223.52
 21
433.8
 31
0.0
100
AcDbText
 73
2
  0
LINE
  5
3B5
330
17
100
AcDbEntity
  8
A-JALI
370
20
100
AcDbLine
 10
1176.0
 20
489.6
 30
0.0
 11
1242.0
 21
489.6
 31
0.0
  0
LINE
  5
3B6
330
17
100
AcDbEntity
  8
A-JALI
370
20
100
AcDbLine
 10
1176.0
 20
444.0
 30
0.0
 11
1176.0
 21
489.6
 31
0.0
  0
LINE
  5
3B7
330
17
100
AcDbEntity
  8
A-BAY
370
15
100
AcDbLine
 10
1242.0
 20
444.0
 30
0.0
 11
1242.0
 21
489.6
 31
0.0
  0
LINE
  5
3B8
330
17
100
AcDbEntity
  8
A-BAY
370
15
100
AcDbLine
 10
1176.0
 20
444.0
 30
0.0
 11
1242.0
 21
444.0
 31
0.0
  0
LINE
  5
3B9
330
17
100
AcDbEntity
  8
A-FURN
370
20
100
AcDbLine
 10
1185.0
 20
459.0
 30
0.0
 11
1233.0
 21
459.0
 31
0.0
  0
LINE
  5
3BA
330
17
100
AcDbEntity
  8
A-FURN
370
20
100
AcDbLine
 10
1233.0
 20
459.0
 30
0.0
 11
1233.0
 21
474.6
 31
0.0
  0
LINE
  5
3BB
330
17
100
AcDbEntity
  8
A-FURN
370
20
100
AcDbLine
 10
1233.0
 20
474.6
 30
0.0
 11
1185.0
 21
474.6
 31
0.0
  0
LINE
  5
3BC
330
17
100
AcDbEntity
  8
A-FURN
370
20
100
AcDbLine
 10
1185.0
 20
474.6
 30
0.0
 11
1185.0
 21
459.0
 31
0.0
  0
TEXT
  5
3BD
330
17
100
AcDbEntity
  8
A-BAY
100
AcDbText
 10
1209.0
 20
466.8
 30
0.0
 40
3.0
  1
BAY E11
  7
SIMPLEX
 72
1
 11
1209.0
 21
466.8
 31
0.0
100
AcDbText
 73
2
  0
CIRCLE
  5
3BE
330
17
100
AcDbEntity
  8
A-FURN
370
18
100
AcDbCircle
 10
1209.0
 20
451.8
 30
0.0
 40
4.199999999999999
  0
TEXT
  5
3BF
330
17
100
AcDbEntity
  8
A-FURN
100
AcDbText
 10
1209.0
 20
451.8
 30
0.0
 40
1.5
  1
ADV
  7
SIMPLEX
 72
1
 11
1209.0
 21
451.8
 31
0.0
100
AcDbText
 73
2
  0
CIRCLE
  5
3C0
330
17
100
AcDbEntity
  8
A-FURN
370
15
100
AcDbCircle
 10
1194.48
 20
481.8
 30
0.0
 40
3.3600000000000003
  0
CIRCLE
  5
3C1
330
17
100
AcDbEntity
  8
A-FURN
370
15
100
AcDbCircle
 10
1223.52
 20
481.8
 30
0.0
 40
3.3600000000000003
  0
TEXT
  5
3C2
330
17
100
AcDbEntity
  8
A-FURN
100
AcDbText
 10
1194.48
 20
481.8
 30
0.0
 40
1.125
  1
LIT
  7
SIMPLEX
 72
1
 11
1194.48
 21
481.8
 31
0.0
100
AcDbText
 73
2
  0
TEXT
  5
3C3
330
17
100
AcDbEntity
  8
A-FURN
100
AcDbText
 10
1223.52
 20
481.8
 30
0.0
 40
1.125
  1
LIT
  7
SIMPLEX
 72
1
 11
1223.52
 21
481.8
 31
0.0
100
AcDbText
 73
2
  0
LINE
  5
3C4
330
17
100
AcDbEntity
  8
A-JALI
370
20
100
AcDbLine
 10
1176.0
 20
537.6
 30
0.0
 11
1242.0
 21
537.6
 31
0.0
  0
LINE
  5
3C5
330
17
100
AcDbEntity
  8
A-JALI
370
20
100
AcDbLine
 10
1176.0
 20
492.0
 30
0.0
 11
1176.0
 21
537.6
 31
0.0
  0
LINE
  5
3C6
330
17
100
AcDbEntity
  8
A-BAY
370
15
100
AcDbLine
 10
1242.0
 20
492.0
 30
0.0
 11
1242.0
 21
537.6
 31
0.0
  0
LINE
  5
3C7
330
17
100
AcDbEntity
  8
A-BAY
370
15
100
AcDbLine
 10
1176.0
 20
492.0
 30
0.0
 11
1242.0
 21
492.0
 31
0.0
  0
LINE
  5
3C8
330
17
100
AcDbEntity
  8
A-FURN
370
20
100
AcDbLine
 10
1185.0
 20
507.0
 30
0.0
 11
1233.0
 21
507.0
 31
0.0
  0
LINE
  5
3C9
330
17
100
AcDbEntity
  8
A-FURN
370
20
100
AcDbLine
 10
1233.0
 20
507.0
 30
0.0
 11
1233.0
 21
522.6
 31
0.0
  0
LINE
  5
3CA
330
17
100
AcDbEntity
  8
A-FURN
370
20
100
AcDbLine
 10
1233.0
 20
522.6
 30
0.0
 11
1185.0
 21
522.6
 31
0.0
  0
LINE
  5
3CB
330
17
100
AcDbEntity
  8
A-FURN
370
20
100
AcDbLine
 10
1185.0
 20
522.6
 30
0.0
 11
1185.0
 21
507.0
 31
0.0
  0
TEXT
  5
3CC
330
17
100
AcDbEntity
  8
A-BAY
100
AcDbText
 10
1209.0
 20
514.8
 30
0.0
 40
3.0
  1
BAY E12
  7
SIMPLEX
 72
1
 11
1209.0
 21
514.8
 31
0.0
100
AcDbText
 73
2
  0
CIRCLE
  5
3CD
330
17
100
AcDbEntity
  8
A-FURN
370
18
100
AcDbCircle
 10
1209.0
 20
499.8
 30
0.0
 40
4.199999999999999
  0
TEXT
  5
3CE
330
17
100
AcDbEntity
  8
A-FURN
100
AcDbText
 10
1209.0
 20
499.8
 30
0.0
 40
1.5
  1
ADV
  7
SIMPLEX
 72
1
 11
1209.0
 21
499.8
 31
0.0
100
AcDbText
 73
2
  0
CIRCLE
  5
3CF
330
17
100
AcDbEntity
  8
A-FURN
370
15
100
AcDbCircle
 10
1194.48
 20
529.8000000000001
 30
0.0
 40
3.3600000000000003
  0
CIRCLE
  5
3D0
330
17
100
AcDbEntity
  8
A-FURN
370
15
100
AcDbCircle
 10
1223.52
 20
529.8000000000001
 30
0.0
 40
3.3600000000000003
  0
TEXT
  5
3D1
330
17
100
AcDbEntity
  8
A-FURN
100
AcDbText
 10
1194.48
 20
529.8000000000001
 30
0.0
 40
1.125
  1
LIT
  7
SIMPLEX
 72
1
 11
1194.48
 21
529.8000000000001
 31
0.0
100
AcDbText
 73
2
  0
TEXT
  5
3D2
330
17
100
AcDbEntity
  8
A-FURN
100
AcDbText
 10
1223.52
 20
529.8000000000001
 30
0.0
 40
1.125
  1
LIT
  7
SIMPLEX
 72
1
 11
1223.52
 21
529.8000000000001
 31
0.0
100
AcDbText
 73
2
  0
LINE
  5
3D3
330
17
100
AcDbEntity
  8
A-JALI
370
20
100
AcDbLine
 10
1248.0
 20
297.6
 30
0.0
 11
1314.0
 21
297.6
 31
0.0
  0
LINE
  5
3D4
330
17
100
AcDbEntity
  8
A-JALI
370
20
100
AcDbLine
 10
1248.0
 20
252.0
 30
0.0
 11
1248.0
 21
297.6
 31
0.0
  0
LINE
  5
3D5
330
17
100
AcDbEntity
  8
A-BAY
370
15
100
AcDbLine
 10
1314.0
 20
252.0
 30
0.0
 11
1314.0
 21
297.6
 31
0.0
  0
LINE
  5
3D6
330
17
100
AcDbEntity
  8
A-BAY
370
15
100
AcDbLine
 10
1248.0
 20
252.0
 30
0.0
 11
1314.0
 21
252.0
 31
0.0
  0
LINE
  5
3D7
330
17
100
AcDbEntity
  8
A-FURN
370
20
100
AcDbLine
 10
1257.0
 20
267.0
 30
0.0
 11
1305.0
 21
267.0
 31
0.0
  0
LINE
  5
3D8
330
17
100
AcDbEntity
  8
A-FURN
370
20
100
AcDbLine
 10
1305.0
 20
267.0
 30
0.0
 11
1305.0
 21
282.6
 31
0.0
  0
LINE
  5
3D9
330
17
100
AcDbEntity
  8
A-FURN
370
20
100
AcDbLine
 10
1305.0
 20
282.6
 30
0.0
 11
1257.0
 21
282.6
 31
0.0
  0
LINE
  5
3DA
330
17
100
AcDbEntity
  8
A-FURN
370
20
100
AcDbLine
 10
1257.0
 20
282.6
 30
0.0
 11
1257.0
 21
267.0
 31
0.0
  0
TEXT
  5
3DB
330
17
100
AcDbEntity
  8
A-BAY
100
AcDbText
 10
1281.0
 20
274.8
 30
0.0
 40
3.0
  1
BAY E13
  7
SIMPLEX
 72
1
 11
1281.0
 21
274.8
 31
0.0
100
AcDbText
 73
2
  0
CIRCLE
  5
3DC
330
17
100
AcDbEntity
  8
A-FURN
370
18
100
AcDbCircle
 10
1281.0
 20
289.8
 30
0.0
 40
4.199999999999999
  0
TEXT
  5
3DD
330
17
100
AcDbEntity
  8
A-FURN
100
AcDbText
 10
1281.0
 20
289.8
 30
0.0
 40
1.5
  1
ADV
  7
SIMPLEX
 72
1
 11
1281.0
 21
289.8
 31
0.0
100
AcDbText
 73
2
  0
CIRCLE
  5
3DE
330
17
100
AcDbEntity
  8
A-FURN
370
15
100
AcDbCircle
 10
1266.48
 20
259.8
 30
0.0
 40
3.3600000000000003
  0
CIRCLE
  5
3DF
330
17
100
AcDbEntity
  8
A-FURN
370
15
100
AcDbCircle
 10
1295.52
 20
259.8
 30
0.0
 40
3.3600000000000003
  0
TEXT
  5
3E0
330
17
100
AcDbEntity
  8
A-FURN
100
AcDbText
 10
1266.48
 20
259.8
 30
0.0
 40
1.125
  1
LIT
  7
SIMPLEX
 72
1
 11
1266.48
 21
259.8
 31
0.0
100
AcDbText
 73
2
  0
TEXT
  5
3E1
330
17
100
AcDbEntity
  8
A-FURN
100
AcDbText
 10
1295.52
 20
259.8
 30
0.0
 40
1.125
  1
LIT
  7
SIMPLEX
 72
1
 11
1295.52
 21
259.8
 31
0.0
100
AcDbText
 73
2
  0
LINE
  5
3E2
330
17
100
AcDbEntity
  8
A-JALI
370
20
100
AcDbLine
 10
1248.0
 20
345.6
 30
0.0
 11
1314.0
 21
345.6
 31
0.0
  0
LINE
  5
3E3
330
17
100
AcDbEntity
  8
A-JALI
370
20
100
AcDbLine
 10
1248.0
 20
300.0
 30
0.0
 11
1248.0
 21
345.6
 31
0.0
  0
LINE
  5
3E4
330
17
100
AcDbEntity
  8
A-BAY
370
15
100
AcDbLine
 10
1314.0
 20
300.0
 30
0.0
 11
1314.0
 21
345.6
 31
0.0
  0
LINE
  5
3E5
330
17
100
AcDbEntity
  8
A-BAY
370
15
100
AcDbLine
 10
1248.0
 20
300.0
 30
0.0
 11
1314.0
 21
300.0
 31
0.0
  0
LINE
  5
3E6
330
17
100
AcDbEntity
  8
A-FURN
370
20
100
AcDbLine
 10
1257.0
 20
315.0
 30
0.0
 11
1305.0
 21
315.0
 31
0.0
  0
LINE
  5
3E7
330
17
100
AcDbEntity
  8
A-FURN
370
20
100
AcDbLine
 10
1305.0
 20
315.0
 30
0.0
 11
1305.0
 21
330.6
 31
0.0
  0
LINE
  5
3E8
330
17
100
AcDbEntity
  8
A-FURN
370
20
100
AcDbLine
 10
1305.0
 20
330.6
 30
0.0
 11
1257.0
 21
330.6
 31
0.0
  0
LINE
  5
3E9
330
17
100
AcDbEntity
  8
A-FURN
370
20
100
AcDbLine
 10
1257.0
 20
330.6
 30
0.0
 11
1257.0
 21
315.0
 31
0.0
  0
TEXT
  5
3EA
330
17
100
AcDbEntity
  8
A-BAY
100
AcDbText
 10
1281.0
 20
322.8
 30
0.0
 40
3.0
  1
BAY E14
  7
SIMPLEX
 72
1
 11
1281.0
 21
322.8
 31
0.0
100
AcDbText
 73
2
  0
CIRCLE
  5
3EB
330
17
100
AcDbEntity
  8
A-FURN
370
18
100
AcDbCircle
 10
1281.0
 20
337.8
 30
0.0
 40
4.199999999999999
  0
TEXT
  5
3EC
330
17
100
AcDbEntity
  8
A-FURN
100
AcDbText
 10
1281.0
 20
337.8
 30
0.0
 40
1.5
  1
ADV
  7
SIMPLEX
 72
1
 11
1281.0
 21
337.8
 31
0.0
100
AcDbText
 73
2
  0
CIRCLE
  5
3ED
330
17
100
AcDbEntity
  8
A-FURN
370
15
100
AcDbCircle
 10
1266.48
 20
307.8
 30
0.0
 40
3.3600000000000003
  0
CIRCLE
  5
3EE
330
17
100
AcDbEntity
  8
A-FURN
370
15
100
AcDbCircle
 10
1295.52
 20
307.8
 30
0.0
 40
3.3600000000000003
  0
TEXT
  5
3EF
330
17
100
AcDbEntity
  8
A-FURN
100
AcDbText
 10
1266.48
 20
307.8
 30
0.0
 40
1.125
  1
LIT
  7
SIMPLEX
 72
1
 11
1266.48
 21
307.8
 31
0.0
100
AcDbText
 73
2
  0
TEXT
  5
3F0
330
17
100
AcDbEntity
  8
A-FURN
100
AcDbText
 10
1295.52
 20
307.8
 30
0.0
 40
1.125
  1
LIT
  7
SIMPLEX
 72
1
 11
1295.52
 21
307.8
 31
0.0
100
AcDbText
 73
2
  0
LINE
  5
3F1
330
17
100
AcDbEntity
  8
A-JALI
370
20
100
AcDbLine
 10
1248.0
 20
393.6
 30
0.0
 11
1314.0
 21
393.6
 31
0.0
  0
LINE
  5
3F2
330
17
100
AcDbEntity
  8
A-JALI
370
20
100
AcDbLine
 10
1248.0
 20
348.0
 30
0.0
 11
1248.0
 21
393.6
 31
0.0
  0
LINE
  5
3F3
330
17
100
AcDbEntity
  8
A-BAY
370
15
100
AcDbLine
 10
1314.0
 20
348.0
 30
0.0
 11
1314.0
 21
393.6
 31
0.0
  0
LINE
  5
3F4
330
17
100
AcDbEntity
  8
A-BAY
370
15
100
AcDbLine
 10
1248.0
 20
348.0
 30
0.0
 11
1314.0
 21
348.0
 31
0.0
  0
LINE
  5
3F5
330
17
100
AcDbEntity
  8
A-FURN
370
20
100
AcDbLine
 10
1257.0
 20
363.0
 30
0.0
 11
1305.0
 21
363.0
 31
0.0
  0
LINE
  5
3F6
330
17
100
AcDbEntity
  8
A-FURN
370
20
100
AcDbLine
 10
1305.0
 20
363.0
 30
0.0
 11
1305.0
 21
378.6
 31
0.0
  0
LINE
  5
3F7
330
17
100
AcDbEntity
  8
A-FURN
370
20
100
AcDbLine
 10
1305.0
 20
378.6
 30
0.0
 11
1257.0
 21
378.6
 31
0.0
  0
LINE
  5
3F8
330
17
100
AcDbEntity
  8
A-FURN
370
20
100
AcDbLine
 10
1257.0
 20
378.6
 30
0.0
 11
1257.0
 21
363.0
 31
0.0
  0
TEXT
  5
3F9
330
17
100
AcDbEntity
  8
A-BAY
100
AcDbText
 10
1281.0
 20
370.8
 30
0.0
 40
3.0
  1
BAY E15
  7
SIMPLEX
 72
1
 11
1281.0
 21
370.8
 31
0.0
100
AcDbText
 73
2
  0
CIRCLE
  5
3FA
330
17
100
AcDbEntity
  8
A-FURN
370
18
100
AcDbCircle
 10
1281.0
 20
385.8
 30
0.0
 40
4.199999999999999
  0
TEXT
  5
3FB
330
17
100
AcDbEntity
  8
A-FURN
100
AcDbText
 10
1281.0
 20
385.8
 30
0.0
 40
1.5
  1
ADV
  7
SIMPLEX
 72
1
 11
1281.0
 21
385.8
 31
0.0
100
AcDbText
 73
2
  0
CIRCLE
  5
3FC
330
17
100
AcDbEntity
  8
A-FURN
370
15
100
AcDbCircle
 10
1266.48
 20
355.8
 30
0.0
 40
3.3600000000000003
  0
CIRCLE
  5
3FD
330
17
100
AcDbEntity
  8
A-FURN
370
15
100
AcDbCircle
 10
1295.52
 20
355.8
 30
0.0
 40
3.3600000000000003
  0
TEXT
  5
3FE
330
17
100
AcDbEntity
  8
A-FURN
100
AcDbText
 10
1266.48
 20
355.8
 30
0.0
 40
1.125
  1
LIT
  7
SIMPLEX
 72
1
 11
1266.48
 21
355.8
 31
0.0
100
AcDbText
 73
2
  0
TEXT
  5
3FF
330
17
100
AcDbEntity
  8
A-FURN
100
AcDbText
 10
1295.52
 20
355.8
 30
0.0
 40
1.125
  1
LIT
  7
SIMPLEX
 72
1
 11
1295.52
 21
355.8
 31
0.0
100
AcDbText
 73
2
  0
LINE
  5
400
330
17
100
AcDbEntity
  8
A-JALI
370
20
100
AcDbLine
 10
1248.0
 20
441.6
 30
0.0
 11
1314.0
 21
441.6
 31
0.0
  0
LINE
  5
401
330
17
100
AcDbEntity
  8
A-JALI
370
20
100
AcDbLine
 10
1248.0
 20
396.0
 30
0.0
 11
1248.0
 21
441.6
 31
0.0
  0
LINE
  5
402
330
17
100
AcDbEntity
  8
A-BAY
370
15
100
AcDbLine
 10
1314.0
 20
396.0
 30
0.0
 11
1314.0
 21
441.6
 31
0.0
  0
LINE
  5
403
330
17
100
AcDbEntity
  8
A-BAY
370
15
100
AcDbLine
 10
1248.0
 20
396.0
 30
0.0
 11
1314.0
 21
396.0
 31
0.0
  0
LINE
  5
404
330
17
100
AcDbEntity
  8
A-FURN
370
20
100
AcDbLine
 10
1257.0
 20
411.0
 30
0.0
 11
1305.0
 21
411.0
 31
0.0
  0
LINE
  5
405
330
17
100
AcDbEntity
  8
A-FURN
370
20
100
AcDbLine
 10
1305.0
 20
411.0
 30
0.0
 11
1305.0
 21
426.6
 31
0.0
  0
LINE
  5
406
330
17
100
AcDbEntity
  8
A-FURN
370
20
100
AcDbLine
 10
1305.0
 20
426.6
 30
0.0
 11
1257.0
 21
426.6
 31
0.0
  0
LINE
  5
407
330
17
100
AcDbEntity
  8
A-FURN
370
20
100
AcDbLine
 10
1257.0
 20
426.6
 30
0.0
 11
1257.0
 21
411.0
 31
0.0
  0
TEXT
  5
408
330
17
100
AcDbEntity
  8
A-BAY
100
AcDbText
 10
1281.0
 20
418.8
 30
0.0
 40
3.0
  1
BAY E16
  7
SIMPLEX
 72
1
 11
1281.0
 21
418.8
 31
0.0
100
AcDbText
 73
2
  0
CIRCLE
  5
409
330
17
100
AcDbEntity
  8
A-FURN
370
18
100
AcDbCircle
 10
1281.0
 20
433.8
 30
0.0
 40
4.199999999999999
  0
TEXT
  5
40A
330
17
100
AcDbEntity
  8
A-FURN
100
AcDbText
 10
1281.0
 20
433.8
 30
0.0
 40
1.5
  1
ADV
  7
SIMPLEX
 72
1
 11
1281.0
 21
433.8
 31
0.0
100
AcDbText
 73
2
  0
CIRCLE
  5
40B
330
17
100
AcDbEntity
  8
A-FURN
370
15
100
AcDbCircle
 10
1266.48
 20
403.8
 30
0.0
 40
3.3600000000000003
  0
CIRCLE
  5
40C
330
17
100
AcDbEntity
  8
A-FURN
370
15
100
AcDbCircle
 10
1295.52
 20
403.8
 30
0.0
 40
3.3600000000000003
  0
TEXT
  5
40D
330
17
100
AcDbEntity
  8
A-FURN
100
AcDbText
 10
1266.48
 20
403.8
 30
0.0
 40
1.125
  1
LIT
  7
SIMPLEX
 72
1
 11
1266.48
 21
403.8
 31
0.0
100
AcDbText
 73
2
  0
TEXT
  5
40E
330
17
100
AcDbEntity
  8
A-FURN
100
AcDbText
 10
1295.52
 20
403.8
 30
0.0
 40
1.125
  1
LIT
  7
SIMPLEX
 72
1
 11
1295.52
 21
403.8
 31
0.0
100
AcDbText
 73
2
  0
LINE
  5
40F
330
17
100
AcDbEntity
  8
A-JALI
370
20
100
AcDbLine
 10
1248.0
 20
489.6
 30
0.0
 11
1314.0
 21
489.6
 31
0.0
  0
LINE
  5
410
330
17
100
AcDbEntity
  8
A-JALI
370
20
100
AcDbLine
 10
1248.0
 20
444.0
 30
0.0
 11
1248.0
 21
489.6
 31
0.0
  0
LINE
  5
411
330
17
100
AcDbEntity
  8
A-BAY
370
15
100
AcDbLine
 10
1314.0
 20
444.0
 30
0.0
 11
1314.0
 21
489.6
 31
0.0
  0
LINE
  5
412
330
17
100
AcDbEntity
  8
A-BAY
370
15
100
AcDbLine
 10
1248.0
 20
444.0
 30
0.0
 11
1314.0
 21
444.0
 31
0.0
  0
LINE
  5
413
330
17
100
AcDbEntity
  8
A-FURN
370
20
100
AcDbLine
 10
1257.0
 20
459.0
 30
0.0
 11
1305.0
 21
459.0
 31
0.0
  0
LINE
  5
414
330
17
100
AcDbEntity
  8
A-FURN
370
20
100
AcDbLine
 10
1305.0
 20
459.0
 30
0.0
 11
1305.0
 21
474.6
 31
0.0
  0
LINE
  5
415
330
17
100
AcDbEntity
  8
A-FURN
370
20
100
AcDbLine
 10
1305.0
 20
474.6
 30
0.0
 11
1257.0
 21
474.6
 31
0.0
  0
LINE
  5
416
330
17
100
AcDbEntity
  8
A-FURN
370
20
100
AcDbLine
 10
1257.0
 20
474.6
 30
0.0
 11
1257.0
 21
459.0
 31
0.0
  0
TEXT
  5
417
330
17
100
AcDbEntity
  8
A-BAY
100
AcDbText
 10
1281.0
 20
466.8
 30
0.0
 40
3.0
  1
BAY E17
  7
SIMPLEX
 72
1
 11
1281.0
 21
466.8
 31
0.0
100
AcDbText
 73
2
  0
CIRCLE
  5
418
330
17
100
AcDbEntity
  8
A-FURN
370
18
100
AcDbCircle
 10
1281.0
 20
481.8
 30
0.0
 40
4.199999999999999
  0
TEXT
  5
419
330
17
100
AcDbEntity
  8
A-FURN
100
AcDbText
 10
1281.0
 20
481.8
 30
0.0
 40
1.5
  1
ADV
  7
SIMPLEX
 72
1
 11
1281.0
 21
481.8
 31
0.0
100
AcDbText
 73
2
  0
CIRCLE
  5
41A
330
17
100
AcDbEntity
  8
A-FURN
370
15
100
AcDbCircle
 10
1266.48
 20
451.8
 30
0.0
 40
3.3600000000000003
  0
CIRCLE
  5
41B
330
17
100
AcDbEntity
  8
A-FURN
370
15
100
AcDbCircle
 10
1295.52
 20
451.8
 30
0.0
 40
3.3600000000000003
  0
TEXT
  5
41C
330
17
100
AcDbEntity
  8
A-FURN
100
AcDbText
 10
1266.48
 20
451.8
 30
0.0
 40
1.125
  1
LIT
  7
SIMPLEX
 72
1
 11
1266.48
 21
451.8
 31
0.0
100
AcDbText
 73
2
  0
TEXT
  5
41D
330
17
100
AcDbEntity
  8
A-FURN
100
AcDbText
 10
1295.52
 20
451.8
 30
0.0
 40
1.125
  1
LIT
  7
SIMPLEX
 72
1
 11
1295.52
 21
451.8
 31
0.0
100
AcDbText
 73
2
  0
LINE
  5
41E
330
17
100
AcDbEntity
  8
A-JALI
370
20
100
AcDbLine
 10
1248.0
 20
537.6
 30
0.0
 11
1314.0
 21
537.6
 31
0.0
  0
LINE
  5
41F
330
17
100
AcDbEntity
  8
A-JALI
370
20
100
AcDbLine
 10
1248.0
 20
492.0
 30
0.0
 11
1248.0
 21
537.6
 31
0.0
  0
LINE
  5
420
330
17
100
AcDbEntity
  8
A-BAY
370
15
100
AcDbLine
 10
1314.0
 20
492.0
 30
0.0
 11
1314.0
 21
537.6
 31
0.0
  0
LINE
  5
421
330
17
100
AcDbEntity
  8
A-BAY
370
15
100
AcDbLine
 10
1248.0
 20
492.0
 30
0.0
 11
1314.0
 21
492.0
 31
0.0
  0
LINE
  5
422
330
17
100
AcDbEntity
  8
A-FURN
370
20
100
AcDbLine
 10
1257.0
 20
507.0
 30
0.0
 11
1305.0
 21
507.0
 31
0.0
  0
LINE
  5
423
330
17
100
AcDbEntity
  8
A-FURN
370
20
100
AcDbLine
 10
1305.0
 20
507.0
 30
0.0
 11
1305.0
 21
522.6
 31
0.0
  0
LINE
  5
424
330
17
100
AcDbEntity
  8
A-FURN
370
20
100
AcDbLine
 10
1305.0
 20
522.6
 30
0.0
 11
1257.0
 21
522.6
 31
0.0
  0
LINE
  5
425
330
17
100
AcDbEntity
  8
A-FURN
370
20
100
AcDbLine
 10
1257.0
 20
522.6
 30
0.0
 11
1257.0
 21
507.0
 31
0.0
  0
TEXT
  5
426
330
17
100
AcDbEntity
  8
A-BAY
100
AcDbText
 10
1281.0
 20
514.8
 30
0.0
 40
3.0
  1
BAY E18
  7
SIMPLEX
 72
1
 11
1281.0
 21
514.8
 31
0.0
100
AcDbText
 73
2
  0
CIRCLE
  5
427
330
17
100
AcDbEntity
  8
A-FURN
370
18
100
AcDbCircle
 10
1281.0
 20
529.8000000000001
 30
0.0
 40
4.199999999999999
  0
TEXT
  5
428
330
17
100
AcDbEntity
  8
A-FURN
100
AcDbText
 10
1281.0
 20
529.8000000000001
 30
0.0
 40
1.5
  1
ADV
  7
SIMPLEX
 72
1
 11
1281.0
 21
529.8000000000001
 31
0.0
100
AcDbText
 73
2
  0
CIRCLE
  5
429
330
17
100
AcDbEntity
  8
A-FURN
370
15
100
AcDbCircle
 10
1266.48
 20
499.8
 30
0.0
 40
3.3600000000000003
  0
CIRCLE
  5
42A
330
17
100
AcDbEntity
  8
A-FURN
370
15
100
AcDbCircle
 10
1295.52
 20
499.8
 30
0.0
 40
3.3600000000000003
  0
TEXT
  5
42B
330
17
100
AcDbEntity
  8
A-FURN
100
AcDbText
 10
1266.48
 20
499.8
 30
0.0
 40
1.125
  1
LIT
  7
SIMPLEX
 72
1
 11
1266.48
 21
499.8
 31
0.0
100
AcDbText
 73
2
  0
TEXT
  5
42C
330
17
100
AcDbEntity
  8
A-FURN
100
AcDbText
 10
1295.52
 20
499.8
 30
0.0
 40
1.125
  1
LIT
  7
SIMPLEX
 72
1
 11
1295.52
 21
499.8
 31
0.0
100
AcDbText
 73
2
  0
LINE
  5
42D
330
17
100
AcDbEntity
  8
A-JALI
370
20
100
AcDbLine
 10
1320.0
 20
297.6
 30
0.0
 11
1386.0
 21
297.6
 31
0.0
  0
LINE
  5
42E
330
17
100
AcDbEntity
  8
A-JALI
370
20
100
AcDbLine
 10
1320.0
 20
252.0
 30
0.0
 11
1320.0
 21
297.6
 31
0.0
  0
LINE
  5
42F
330
17
100
AcDbEntity
  8
A-BAY
370
15
100
AcDbLine
 10
1386.0
 20
252.0
 30
0.0
 11
1386.0
 21
297.6
 31
0.0
  0
LINE
  5
430
330
17
100
AcDbEntity
  8
A-BAY
370
15
100
AcDbLine
 10
1320.0
 20
252.0
 30
0.0
 11
1386.0
 21
252.0
 31
0.0
  0
LINE
  5
431
330
17
100
AcDbEntity
  8
A-FURN
370
20
100
AcDbLine
 10
1329.0
 20
267.0
 30
0.0
 11
1377.0
 21
267.0
 31
0.0
  0
LINE
  5
432
330
17
100
AcDbEntity
  8
A-FURN
370
20
100
AcDbLine
 10
1377.0
 20
267.0
 30
0.0
 11
1377.0
 21
282.6
 31
0.0
  0
LINE
  5
433
330
17
100
AcDbEntity
  8
A-FURN
370
20
100
AcDbLine
 10
1377.0
 20
282.6
 30
0.0
 11
1329.0
 21
282.6
 31
0.0
  0
LINE
  5
434
330
17
100
AcDbEntity
  8
A-FURN
370
20
100
AcDbLine
 10
1329.0
 20
282.6
 30
0.0
 11
1329.0
 21
267.0
 31
0.0
  0
TEXT
  5
435
330
17
100
AcDbEntity
  8
A-BAY
100
AcDbText
 10
1353.0
 20
274.8
 30
0.0
 40
3.0
  1
BAY E19
  7
SIMPLEX
 72
1
 11
1353.0
 21
274.8
 31
0.0
100
AcDbText
 73
2
  0
CIRCLE
  5
436
330
17
100
AcDbEntity
  8
A-FURN
370
18
100
AcDbCircle
 10
1353.0
 20
259.8
 30
0.0
 40
4.199999999999999
  0
TEXT
  5
437
330
17
100
AcDbEntity
  8
A-FURN
100
AcDbText
 10
1353.0
 20
259.8
 30
0.0
 40
1.5
  1
ADV
  7
SIMPLEX
 72
1
 11
1353.0
 21
259.8
 31
0.0
100
AcDbText
 73
2
  0
CIRCLE
  5
438
330
17
100
AcDbEntity
  8
A-FURN
370
15
100
AcDbCircle
 10
1338.48
 20
289.8
 30
0.0
 40
3.3600000000000003
  0
CIRCLE
  5
439
330
17
100
AcDbEntity
  8
A-FURN
370
15
100
AcDbCircle
 10
1367.52
 20
289.8
 30
0.0
 40
3.3600000000000003
  0
TEXT
  5
43A
330
17
100
AcDbEntity
  8
A-FURN
100
AcDbText
 10
1338.48
 20
289.8
 30
0.0
 40
1.125
  1
LIT
  7
SIMPLEX
 72
1
 11
1338.48
 21
289.8
 31
0.0
100
AcDbText
 73
2
  0
TEXT
  5
43B
330
17
100
AcDbEntity
  8
A-FURN
100
AcDbText
 10
1367.52
 20
289.8
 30
0.0
 40
1.125
  1
LIT
  7
SIMPLEX
 72
1
 11
1367.52
 21
289.8
 31
0.0
100
AcDbText
 73
2
  0
LINE
  5
43C
330
17
100
AcDbEntity
  8
A-JALI
370
20
100
AcDbLine
 10
1320.0
 20
345.6
 30
0.0
 11
1386.0
 21
345.6
 31
0.0
  0
LINE
  5
43D
330
17
100
AcDbEntity
  8
A-JALI
370
20
100
AcDbLine
 10
1320.0
 20
300.0
 30
0.0
 11
1320.0
 21
345.6
 31
0.0
  0
LINE
  5
43E
330
17
100
AcDbEntity
  8
A-BAY
370
15
100
AcDbLine
 10
1386.0
 20
300.0
 30
0.0
 11
1386.0
 21
345.6
 31
0.0
  0
LINE
  5
43F
330
17
100
AcDbEntity
  8
A-BAY
370
15
100
AcDbLine
 10
1320.0
 20
300.0
 30
0.0
 11
1386.0
 21
300.0
 31
0.0
  0
LINE
  5
440
330
17
100
AcDbEntity
  8
A-FURN
370
20
100
AcDbLine
 10
1329.0
 20
315.0
 30
0.0
 11
1377.0
 21
315.0
 31
0.0
  0
LINE
  5
441
330
17
100
AcDbEntity
  8
A-FURN
370
20
100
AcDbLine
 10
1377.0
 20
315.0
 30
0.0
 11
1377.0
 21
330.6
 31
0.0
  0
LINE
  5
442
330
17
100
AcDbEntity
  8
A-FURN
370
20
100
AcDbLine
 10
1377.0
 20
330.6
 30
0.0
 11
1329.0
 21
330.6
 31
0.0
  0
LINE
  5
443
330
17
100
AcDbEntity
  8
A-FURN
370
20
100
AcDbLine
 10
1329.0
 20
330.6
 30
0.0
 11
1329.0
 21
315.0
 31
0.0
  0
TEXT
  5
444
330
17
100
AcDbEntity
  8
A-BAY
100
AcDbText
 10
1353.0
 20
322.8
 30
0.0
 40
3.0
  1
BAY E20
  7
SIMPLEX
 72
1
 11
1353.0
 21
322.8
 31
0.0
100
AcDbText
 73
2
  0
CIRCLE
  5
445
330
17
100
AcDbEntity
  8
A-FURN
370
18
100
AcDbCircle
 10
1353.0
 20
307.8
 30
0.0
 40
4.199999999999999
  0
TEXT
  5
446
330
17
100
AcDbEntity
  8
A-FURN
100
AcDbText
 10
1353.0
 20
307.8
 30
0.0
 40
1.5
  1
ADV
  7
SIMPLEX
 72
1
 11
1353.0
 21
307.8
 31
0.0
100
AcDbText
 73
2
  0
CIRCLE
  5
447
330
17
100
AcDbEntity
  8
A-FURN
370
15
100
AcDbCircle
 10
1338.48
 20
337.8
 30
0.0
 40
3.3600000000000003
  0
CIRCLE
  5
448
330
17
100
AcDbEntity
  8
A-FURN
370
15
100
AcDbCircle
 10
1367.52
 20
337.8
 30
0.0
 40
3.3600000000000003
  0
TEXT
  5
449
330
17
100
AcDbEntity
  8
A-FURN
100
AcDbText
 10
1338.48
 20
337.8
 30
0.0
 40
1.125
  1
LIT
  7
SIMPLEX
 72
1
 11
1338.48
 21
337.8
 31
0.0
100
AcDbText
 73
2
  0
TEXT
  5
44A
330
17
100
AcDbEntity
  8
A-FURN
100
AcDbText
 10
1367.52
 20
337.8
 30
0.0
 40
1.125
  1
LIT
  7
SIMPLEX
 72
1
 11
1367.52
 21
337.8
 31
0.0
100
AcDbText
 73
2
  0
LINE
  5
44B
330
17
100
AcDbEntity
  8
A-JALI
370
20
100
AcDbLine
 10
1320.0
 20
393.6
 30
0.0
 11
1386.0
 21
393.6
 31
0.0
  0
LINE
  5
44C
330
17
100
AcDbEntity
  8
A-JALI
370
20
100
AcDbLine
 10
1320.0
 20
348.0
 30
0.0
 11
1320.0
 21
393.6
 31
0.0
  0
LINE
  5
44D
330
17
100
AcDbEntity
  8
A-BAY
370
15
100
AcDbLine
 10
1386.0
 20
348.0
 30
0.0
 11
1386.0
 21
393.6
 31
0.0
  0
LINE
  5
44E
330
17
100
AcDbEntity
  8
A-BAY
370
15
100
AcDbLine
 10
1320.0
 20
348.0
 30
0.0
 11
1386.0
 21
348.0
 31
0.0
  0
LINE
  5
44F
330
17
100
AcDbEntity
  8
A-FURN
370
20
100
AcDbLine
 10
1329.0
 20
363.0
 30
0.0
 11
1377.0
 21
363.0
 31
0.0
  0
LINE
  5
450
330
17
100
AcDbEntity
  8
A-FURN
370
20
100
AcDbLine
 10
1377.0
 20
363.0
 30
0.0
 11
1377.0
 21
378.6
 31
0.0
  0
LINE
  5
451
330
17
100
AcDbEntity
  8
A-FURN
370
20
100
AcDbLine
 10
1377.0
 20
378.6
 30
0.0
 11
1329.0
 21
378.6
 31
0.0
  0
LINE
  5
452
330
17
100
AcDbEntity
  8
A-FURN
370
20
100
AcDbLine
 10
1329.0
 20
378.6
 30
0.0
 11
1329.0
 21
363.0
 31
0.0
  0
TEXT
  5
453
330
17
100
AcDbEntity
  8
A-BAY
100
AcDbText
 10
1353.0
 20
370.8
 30
0.0
 40
3.0
  1
BAY E21
  7
SIMPLEX
 72
1
 11
1353.0
 21
370.8
 31
0.0
100
AcDbText
 73
2
  0
CIRCLE
  5
454
330
17
100
AcDbEntity
  8
A-FURN
370
18
100
AcDbCircle
 10
1353.0
 20
355.8
 30
0.0
 40
4.199999999999999
  0
TEXT
  5
455
330
17
100
AcDbEntity
  8
A-FURN
100
AcDbText
 10
1353.0
 20
355.8
 30
0.0
 40
1.5
  1
ADV
  7
SIMPLEX
 72
1
 11
1353.0
 21
355.8
 31
0.0
100
AcDbText
 73
2
  0
CIRCLE
  5
456
330
17
100
AcDbEntity
  8
A-FURN
370
15
100
AcDbCircle
 10
1338.48
 20
385.8
 30
0.0
 40
3.3600000000000003
  0
CIRCLE
  5
457
330
17
100
AcDbEntity
  8
A-FURN
370
15
100
AcDbCircle
 10
1367.52
 20
385.8
 30
0.0
 40
3.3600000000000003
  0
TEXT
  5
458
330
17
100
AcDbEntity
  8
A-FURN
100
AcDbText
 10
1338.48
 20
385.8
 30
0.0
 40
1.125
  1
LIT
  7
SIMPLEX
 72
1
 11
1338.48
 21
385.8
 31
0.0
100
AcDbText
 73
2
  0
TEXT
  5
459
330
17
100
AcDbEntity
  8
A-FURN
100
AcDbText
 10
1367.52
 20
385.8
 30
0.0
 40
1.125
  1
LIT
  7
SIMPLEX
 72
1
 11
1367.52
 21
385.8
 31
0.0
100
AcDbText
 73
2
  0
LINE
  5
45A
330
17
100
AcDbEntity
  8
A-JALI
370
20
100
AcDbLine
 10
1320.0
 20
441.6
 30
0.0
 11
1386.0
 21
441.6
 31
0.0
  0
LINE
  5
45B
330
17
100
AcDbEntity
  8
A-JALI
370
20
100
AcDbLine
 10
1320.0
 20
396.0
 30
0.0
 11
1320.0
 21
441.6
 31
0.0
  0
LINE
  5
45C
330
17
100
AcDbEntity
  8
A-BAY
370
15
100
AcDbLine
 10
1386.0
 20
396.0
 30
0.0
 11
1386.0
 21
441.6
 31
0.0
  0
LINE
  5
45D
330
17
100
AcDbEntity
  8
A-BAY
370
15
100
AcDbLine
 10
1320.0
 20
396.0
 30
0.0
 11
1386.0
 21
396.0
 31
0.0
  0
LINE
  5
45E
330
17
100
AcDbEntity
  8
A-FURN
370
20
100
AcDbLine
 10
1329.0
 20
411.0
 30
0.0
 11
1377.0
 21
411.0
 31
0.0
  0
LINE
  5
45F
330
17
100
AcDbEntity
  8
A-FURN
370
20
100
AcDbLine
 10
1377.0
 20
411.0
 30
0.0
 11
1377.0
 21
426.6
 31
0.0
  0
LINE
  5
460
330
17
100
AcDbEntity
  8
A-FURN
370
20
100
AcDbLine
 10
1377.0
 20
426.6
 30
0.0
 11
1329.0
 21
426.6
 31
0.0
  0
LINE
  5
461
330
17
100
AcDbEntity
  8
A-FURN
370
20
100
AcDbLine
 10
1329.0
 20
426.6
 30
0.0
 11
1329.0
 21
411.0
 31
0.0
  0
TEXT
  5
462
330
17
100
AcDbEntity
  8
A-BAY
100
AcDbText
 10
1353.0
 20
418.8
 30
0.0
 40
3.0
  1
BAY E22
  7
SIMPLEX
 72
1
 11
1353.0
 21
418.8
 31
0.0
100
AcDbText
 73
2
  0
CIRCLE
  5
463
330
17
100
AcDbEntity
  8
A-FURN
370
18
100
AcDbCircle
 10
1353.0
 20
403.8
 30
0.0
 40
4.199999999999999
  0
TEXT
  5
464
330
17
100
AcDbEntity
  8
A-FURN
100
AcDbText
 10
1353.0
 20
403.8
 30
0.0
 40
1.5
  1
ADV
  7
SIMPLEX
 72
1
 11
1353.0
 21
403.8
 31
0.0
100
AcDbText
 73
2
  0
CIRCLE
  5
465
330
17
100
AcDbEntity
  8
A-FURN
370
15
100
AcDbCircle
 10
1338.48
 20
433.8
 30
0.0
 40
3.3600000000000003
  0
CIRCLE
  5
466
330
17
100
AcDbEntity
  8
A-FURN
370
15
100
AcDbCircle
 10
1367.52
 20
433.8
 30
0.0
 40
3.3600000000000003
  0
TEXT
  5
467
330
17
100
AcDbEntity
  8
A-FURN
100
AcDbText
 10
1338.48
 20
433.8
 30
0.0
 40
1.125
  1
LIT
  7
SIMPLEX
 72
1
 11
1338.48
 21
433.8
 31
0.0
100
AcDbText
 73
2
  0
TEXT
  5
468
330
17
100
AcDbEntity
  8
A-FURN
100
AcDbText
 10
1367.52
 20
433.8
 30
0.0
 40
1.125
  1
LIT
  7
SIMPLEX
 72
1
 11
1367.52
 21
433.8
 31
0.0
100
AcDbText
 73
2
  0
LINE
  5
469
330
17
100
AcDbEntity
  8
A-JALI
370
20
100
AcDbLine
 10
1320.0
 20
489.6
 30
0.0
 11
1386.0
 21
489.6
 31
0.0
  0
LINE
  5
46A
330
17
100
AcDbEntity
  8
A-JALI
370
20
100
AcDbLine
 10
1320.0
 20
444.0
 30
0.0
 11
1320.0
 21
489.6
 31
0.0
  0
LINE
  5
46B
330
17
100
AcDbEntity
  8
A-BAY
370
15
100
AcDbLine
 10
1386.0
 20
444.0
 30
0.0
 11
1386.0
 21
489.6
 31
0.0
  0
LINE
  5
46C
330
17
100
AcDbEntity
  8
A-BAY
370
15
100
AcDbLine
 10
1320.0
 20
444.0
 30
0.0
 11
1386.0
 21
444.0
 31
0.0
  0
LINE
  5
46D
330
17
100
AcDbEntity
  8
A-FURN
370
20
100
AcDbLine
 10
1329.0
 20
459.0
 30
0.0
 11
1377.0
 21
459.0
 31
0.0
  0
LINE
  5
46E
330
17
100
AcDbEntity
  8
A-FURN
370
20
100
AcDbLine
 10
1377.0
 20
459.0
 30
0.0
 11
1377.0
 21
474.6
 31
0.0
  0
LINE
  5
46F
330
17
100
AcDbEntity
  8
A-FURN
370
20
100
AcDbLine
 10
1377.0
 20
474.6
 30
0.0
 11
1329.0
 21
474.6
 31
0.0
  0
LINE
  5
470
330
17
100
AcDbEntity
  8
A-FURN
370
20
100
AcDbLine
 10
1329.0
 20
474.6
 30
0.0
 11
1329.0
 21
459.0
 31
0.0
  0
TEXT
  5
471
330
17
100
AcDbEntity
  8
A-BAY
100
AcDbText
 10
1353.0
 20
466.8
 30
0.0
 40
3.0
  1
BAY E23
  7
SIMPLEX
 72
1
 11
1353.0
 21
466.8
 31
0.0
100
AcDbText
 73
2
  0
CIRCLE
  5
472
330
17
100
AcDbEntity
  8
A-FURN
370
18
100
AcDbCircle
 10
1353.0
 20
451.8
 30
0.0
 40
4.199999999999999
  0
TEXT
  5
473
330
17
100
AcDbEntity
  8
A-FURN
100
AcDbText
 10
1353.0
 20
451.8
 30
0.0
 40
1.5
  1
ADV
  7
SIMPLEX
 72
1
 11
1353.0
 21
451.8
 31
0.0
100
AcDbText
 73
2
  0
CIRCLE
  5
474
330
17
100
AcDbEntity
  8
A-FURN
370
15
100
AcDbCircle
 10
1338.48
 20
481.8
 30
0.0
 40
3.3600000000000003
  0
CIRCLE
  5
475
330
17
100
AcDbEntity
  8
A-FURN
370
15
100
AcDbCircle
 10
1367.52
 20
481.8
 30
0.0
 40
3.3600000000000003
  0
TEXT
  5
476
330
17
100
AcDbEntity
  8
A-FURN
100
AcDbText
 10
1338.48
 20
481.8
 30
0.0
 40
1.125
  1
LIT
  7
SIMPLEX
 72
1
 11
1338.48
 21
481.8
 31
0.0
100
AcDbText
 73
2
  0
TEXT
  5
477
330
17
100
AcDbEntity
  8
A-FURN
100
AcDbText
 10
1367.52
 20
481.8
 30
0.0
 40
1.125
  1
LIT
  7
SIMPLEX
 72
1
 11
1367.52
 21
481.8
 31
0.0
100
AcDbText
 73
2
  0
LINE
  5
478
330
17
100
AcDbEntity
  8
A-JALI
370
20
100
AcDbLine
 10
1320.0
 20
537.6
 30
0.0
 11
1386.0
 21
537.6
 31
0.0
  0
LINE
  5
479
330
17
100
AcDbEntity
  8
A-JALI
370
20
100
AcDbLine
 10
1320.0
 20
492.0
 30
0.0
 11
1320.0
 21
537.6
 31
0.0
  0
LINE
  5
47A
330
17
100
AcDbEntity
  8
A-BAY
370
15
100
AcDbLine
 10
1386.0
 20
492.0
 30
0.0
 11
1386.0
 21
537.6
 31
0.0
  0
LINE
  5
47B
330
17
100
AcDbEntity
  8
A-BAY
370
15
100
AcDbLine
 10
1320.0
 20
492.0
 30
0.0
 11
1386.0
 21
492.0
 31
0.0
  0
LINE
  5
47C
330
17
100
AcDbEntity
  8
A-FURN
370
20
100
AcDbLine
 10
1329.0
 20
507.0
 30
0.0
 11
1377.0
 21
507.0
 31
0.0
  0
LINE
  5
47D
330
17
100
AcDbEntity
  8
A-FURN
370
20
100
AcDbLine
 10
1377.0
 20
507.0
 30
0.0
 11
1377.0
 21
522.6
 31
0.0
  0
LINE
  5
47E
330
17
100
AcDbEntity
  8
A-FURN
370
20
100
AcDbLine
 10
1377.0
 20
522.6
 30
0.0
 11
1329.0
 21
522.6
 31
0.0
  0
LINE
  5
47F
330
17
100
AcDbEntity
  8
A-FURN
370
20
100
AcDbLine
 10
1329.0
 20
522.6
 30
0.0
 11
1329.0
 21
507.0
 31
0.0
  0
TEXT
  5
480
330
17
100
AcDbEntity
  8
A-BAY
100
AcDbText
 10
1353.0
 20
514.8
 30
0.0
 40
3.0
  1
BAY E24
  7
SIMPLEX
 72
1
 11
1353.0
 21
514.8
 31
0.0
100
AcDbText
 73
2
  0
CIRCLE
  5
481
330
17
100
AcDbEntity
  8
A-FURN
370
18
100
AcDbCircle
 10
1353.0
 20
499.8
 30
0.0
 40
4.199999999999999
  0
TEXT
  5
482
330
17
100
AcDbEntity
  8
A-FURN
100
AcDbText
 10
1353.0
 20
499.8
 30
0.0
 40
1.5
  1
ADV
  7
SIMPLEX
 72
1
 11
1353.0
 21
499.8
 31
0.0
100
AcDbText
 73
2
  0
CIRCLE
  5
483
330
17
100
AcDbEntity
  8
A-FURN
370
15
100
AcDbCircle
 10
1338.48
 20
529.8000000000001
 30
0.0
 40
3.3600000000000003
  0
CIRCLE
  5
484
330
17
100
AcDbEntity
  8
A-FURN
370
15
100
AcDbCircle
 10
1367.52
 20
529.8000000000001
 30
0.0
 40
3.3600000000000003
  0
TEXT
  5
485
330
17
100
AcDbEntity
  8
A-FURN
100
AcDbText
 10
1338.48
 20
529.8000000000001
 30
0.0
 40
1.125
  1
LIT
  7
SIMPLEX
 72
1
 11
1338.48
 21
529.8000000000001
 31
0.0
100
AcDbText
 73
2
  0
TEXT
  5
486
330
17
100
AcDbEntity
  8
A-FURN
100
AcDbText
 10
1367.52
 20
529.8000000000001
 30
0.0
 40
1.125
  1
LIT
  7
SIMPLEX
 72
1
 11
1367.52
 21
529.8000000000001
 31
0.0
100
AcDbText
 73
2
  0
TEXT
  5
487
330
17
100
AcDbEntity
  8
A-TEXT-TTL
100
AcDbText
 10
1284.0
 20
420.0
 30
0.0
 40
6.0
  1
EAST CLUSTER: 24 OPEN BAYS (E1-E24)
 50
90.0
  7
SIMPLEX
 72
1
 11
1284.0
 21
420.0
 31
0.0
100
AcDbText
 73
2
  0
LINE
  5
488
330
17
100
AcDbEntity
  8
A-FURN
100
AcDbLine
 10
372.0
 20
156.0
 30
0.0
 11
576.0
 21
156.0
 31
0.0
  0
LINE
  5
489
330
17
100
AcDbEntity
  8
A-FURN
100
AcDbLine
 10
576.0
 20
156.0
 30
0.0
 11
576.0
 21
240.0
 31
0.0
  0
LINE
  5
48A
330
17
100
AcDbEntity
  8
A-FURN
100
AcDbLine
 10
576.0
 20
240.0
 30
0.0
 11
372.0
 21
240.0
 31
0.0
  0
LINE
  5
48B
330
17
100
AcDbEntity
  8
A-FURN
100
AcDbLine
 10
372.0
 20
240.0
 30
0.0
 11
372.0
 21
156.0
 31
0.0
  0
TEXT
  5
48C
330
17
100
AcDbEntity
  8
A-TEXT-TTL
100
AcDbText
 10
474.0
 20
202.05
 30
0.0
 40
6.0
  1
RECEPTION 17'x8'
  7
SIMPLEX
 72
1
 11
474.0
 21
202.05
 31
0.0
100
AcDbText
 73
2
  0
TEXT
  5
48D
330
17
100
AcDbEntity
  8
A-TEXT-TTL
100
AcDbText
 10
474.0
 20
193.95000000000002
 30
0.0
 40
6.0
  1
(2 Counters + Braille Desk)
  7
SIMPLEX
 72
1
 11
474.0
 21
193.95000000000002
 31
0.0
100
AcDbText
 73
2
  0
LINE
  5
48E
330
17
100
AcDbEntity
  8
A-FURN
100
AcDbLine
 10
876.0
 20
156.0
 30
0.0
 11
1392.0
 21
156.0
 31
0.0
  0
LINE
  5
48F
330
17
100
AcDbEntity
  8
A-FURN
100
AcDbLine
 10
1392.0
 20
156.0
 30
0.0
 11
1392.0
 21
240.0
 31
0.0
  0
LINE
  5
490
330
17
100
AcDbEntity
  8
A-FURN
100
AcDbLine
 10
1392.0
 20
240.0
 30
0.0
 11
876.0
 21
240.0
 31
0.0
  0
LINE
  5
491
330
17
100
AcDbEntity
  8
A-FURN
100
AcDbLine
 10
876.0
 20
240.0
 30
0.0
 11
876.0
 21
156.0
 31
0.0
  0
TEXT
  5
492
330
17
100
AcDbEntity
  8
A-TEXT-TTL
100
AcDbText
 10
1134.0
 20
198.0
 30
0.0
 40
6.0
  1
LITIGANT WAITING HALL 43'x8' (75 CUSHIONED + 50 FOLDING SEATS)
  7
SIMPLEX
 72
1
 11
1134.0
 21
198.0
 31
0.0
100
AcDbText
 73
2
  0
LINE
  5
493
330
17
100
AcDbEntity
  8
A-DOOR
370
40
100
AcDbLine
 10
816.0
 20
132.0
 30
0.0
 11
816.0
 21
150.0
 31
0.0
  0
LINE
  5
494
330
17
100
AcDbEntity
  8
A-DOOR
370
40
100
AcDbLine
 10
936.0
 20
132.0
 30
0.0
 11
936.0
 21
150.0
 31
0.0
  0
TEXT
  5
495
330
17
100
AcDbEntity
  8
A-DOOR
100
AcDbText
 10
876.0
 20
156.0
 30
0.0
 40
6.0
  1
10 ft MAIN CARVED STONE ENTRY ARCH
  7
SIMPLEX
 72
1
 11
876.0
 21
156.0
 31
0.0
100
AcDbText
 73
2
  0
LINE
  5
496
330
17
100
AcDbEntity
  8
A-DIM
370
18
100
AcDbLine
 10
336.0
 20
93.6
 30
0.0
 11
1416.0
 21
93.6
 31
0.0
  0
LINE
  5
497
330
17
100
AcDbEntity
  8
A-DIM
370
13
100
AcDbLine
 10
336.0
 20
105.0
 30
0.0
 11
336.0
 21
89.39999999999999
 31
0.0
  0
LINE
  5
498
330
17
100
AcDbEntity
  8
A-DIM
370
13
100
AcDbLine
 10
1416.0
 20
105.0
 30
0.0
 11
1416.0
 21
89.39999999999999
 31
0.0
  0
LINE
  5
499
330
17
100
AcDbEntity
  8
A-DIM
370
30
100
AcDbLine
 10
335.25
 20
92.85
 30
0.0
 11
336.75
 21
94.35
 31
0.0
  0
LINE
  5
49A
330
17
100
AcDbEntity
  8
A-DIM
370
30
100
AcDbLine
 10
1415.25
 20
92.85
 30
0.0
 11
1416.75
 21
94.35
 31
0.0
  0
TEXT
  5
49B
330
17
100
AcDbEntity
  8
A-DIM
100
AcDbText
 10
876.0
 20
87.83999999999999
 30
0.0
 40
2.25
  1
90'-0" (BUILDABLE WIDTH)
  7
SIMPLEX
 72
1
 11
876.0
 21
87.83999999999999
 31
0.0
100
AcDbText
 73
3
  0
LINE
  5
49C
330
17
100
AcDbEntity
  8
A-DIM
370
18
100
AcDbLine
 10
297.6
 20
132.0
 30
0.0
 11
297.6
 21
1020.0
 31
0.0
  0
LINE
  5
49D
330
17
100
AcDbEntity
  8
A-DIM
370
13
100
AcDbLine
 10
309.0
 20
132.0
 30
0.0
 11
293.40000000000003
 21
132.0
 31
0.0
  0
LINE
  5
49E
330
17
100
AcDbEntity
  8
A-DIM
370
13
100
AcDbLine
 10
309.0
 20
1020.0
 30
0.0
 11
293.40000000000003
 21
1020.0
 31
0.0
  0
LINE
  5
49F
330
17
100
AcDbEntity
  8
A-DIM
370
30
100
AcDbLine
 10
296.85
 20
131.25
 30
0.0
 11
298.35
 21
132.75
 31
0.0
  0
LINE
  5
4A0
330
17
100
AcDbEntity
  8
A-DIM
370
30
100
AcDbLine
 10
296.85
 20
1019.25
 30
0.0
 11
298.35
 21
1020.75
 31
0.0
  0
TEXT
  5
4A1
330
17
100
AcDbEntity
  8
A-DIM
100
AcDbText
 10
293.40000000000003
 20
576.0
 30
0.0
 40
2.25
  1
90'-0" (BUILDABLE DEPTH)
 50
90.0
  7
SIMPLEX
 72
1
 11
293.40000000000003
 21
576.0
 31
0.0
100
AcDbText
 73
3
  0
LINE
  5
4A2
330
17
100
AcDbEntity
  8
A-TTLB
370
50
100
AcDbLine
 10
0.0
 20
0.0
 30
0.0
 11
1800.0
 21
0.0
 31
0.0
  0
LINE
  5
4A3
330
17
100
AcDbEntity
  8
A-TTLB
370
50
100
AcDbLine
 10
1800.0
 20
0.0
 30
0.0
 11
1800.0
 21
1190.6614785992217
 31
0.0
  0
LINE
  5
4A4
330
17
100
AcDbEntity
  8
A-TTLB
370
50
100
AcDbLine
 10
1800.0
 20
1190.6614785992217
 30
0.0
 11
0.0
 21
1190.6614785992217
 31
0.0
  0
LINE
  5
4A5
330
17
100
AcDbEntity
  8
A-TTLB
370
50
100
AcDbLine
 10
0.0
 20
1190.6614785992217
 30
0.0
 11
0.0
 21
0.0
 31
0.0
  0
LINE
  5
4A6
330
17
100
AcDbEntity
  8
A-TTLB
370
25
100
AcDbLine
 10
6.0
 20
6.0
 30
0.0
 11
1794.0
 21
6.0
 31
0.0
  0
LINE
  5
4A7
330
17
100
AcDbEntity
  8
A-TTLB
370
25
100
AcDbLine
 10
1794.0
 20
6.0
 30
0.0
 11
1794.0
 21
1184.6614785992217
 31
0.0
  0
LINE
  5
4A8
330
17
100
AcDbEntity
  8
A-TTLB
370
25
100
AcDbLine
 10
1794.0
 20
1184.6614785992217
 30
0.0
 11
6.0
 21
1184.6614785992217
 31
0.0
  0
LINE
  5
4A9
330
17
100
AcDbEntity
  8
A-TTLB
370
25
100
AcDbLine
 10
6.0
 20
1184.6614785992217
 30
0.0
 11
6.0
 21
6.0
 31
0.0
  0
LINE
  5
4AA
330
17
100
AcDbEntity
  8
A-TTLB
370
35
100
AcDbLine
 10
6.0
 20
1118.6614785992217
 30
0.0
 11
1794.0
 21
1118.6614785992217
 31
0.0
  0
LINE
  5
4AB
330
17
100
AcDbEntity
  8
A-TTLB
370
35
100
AcDbLine
 10
1794.0
 20
1118.6614785992217
 30
0.0
 11
1794.0
 21
1184.6614785992217
 31
0.0
  0
LINE
  5
4AC
330
17
100
AcDbEntity
  8
A-TTLB
370
35
100
AcDbLine
 10
1794.0
 20
1184.6614785992217
 30
0.0
 11
6.0
 21
1184.6614785992217
 31
0.0
  0
LINE
  5
4AD
330
17
100
AcDbEntity
  8
A-TTLB
370
35
100
AcDbLine
 10
6.0
 20
1184.6614785992217
 30
0.0
 11
6.0
 21
1118.6614785992217
 31
0.0
  0
TEXT
  5
4AE
330
17
100
AcDbEntity
  8
A-TEXT-TTL
100
AcDbText
 10
900.0
 20
1163.0614785992218
 30
0.0
 40
9.0
  1
SHEET 07 OF 16  -  OPTION 2 - PLOT 1 GROUND FLOOR PLAN (60 BAYS + COURTYARD)
  7
SIMPLEX
 72
1
 11
900.0
 21
1163.0614785992218
 31
0.0
100
AcDbText
 73
2
  0
TEXT
  5
4AF
330
17
100
AcDbEntity
  8
A-TEXT-TTL
100
AcDbText
 10
900.0
 20
1135.4614785992217
 30
0.0
 40
3.75
  1
PROJECT TITLE  |  CLIENT  |  SCALE: 1/8" = 1'-0"
  7
SIMPLEX
 72
1
 11
900.0
 21
1135.4614785992217
 31
0.0
100
AcDbText
 73
2
  0
LINE
  5
4B0
330
17
100
AcDbEntity
  8
A-TTLB
370
35
100
AcDbLine
 10
1122.0
 20
6.0
 30
0.0
 11
1794.0
 21
6.0
 31
0.0
  0
LINE
  5
4B1
330
17
100
AcDbEntity
  8
A-TTLB
370
35
100
AcDbLine
 10
1794.0
 20
6.0
 30
0.0
 11
1794.0
 21
109.19999999999999
 31
0.0
  0
LINE
  5
4B2
330
17
100
AcDbEntity
  8
A-TTLB
370
35
100
AcDbLine
 10
1794.0
 20
109.19999999999999
 30
0.0
 11
1122.0
 21
109.19999999999999
 31
0.0
  0
LINE
  5
4B3
330
17
100
AcDbEntity
  8
A-TTLB
370
35
100
AcDbLine
 10
1122.0
 20
109.19999999999999
 30
0.0
 11
1122.0
 21
6.0
 31
0.0
  0
LINE
  5
4B4
330
17
100
AcDbEntity
  8
A-TTLB
370
20
100
AcDbLine
 10
1122.0
 20
20.4
 30
0.0
 11
1794.0
 21
20.4
 31
0.0
  0
LINE
  5
4B5
330
17
100
AcDbEntity
  8
A-TTLB
370
20
100
AcDbLine
 10
1122.0
 20
34.8
 30
0.0
 11
1794.0
 21
34.8
 31
0.0
  0
LINE
  5
4B6
330
17
100
AcDbEntity
  8
A-TTLB
370
20
100
AcDbLine
 10
1122.0
 20
56.400000000000006
 30
0.0
 11
1794.0
 21
56.400000000000006
 31
0.0
  0
LINE
  5
4B7
330
17
100
AcDbEntity
  8
A-TTLB
370
20
100
AcDbLine
 10
1122.0
 20
80.4
 30
0.0
 11
1794.0
 21
80.4
 31
0.0
  0
LINE
  5
4B8
330
17
100
AcDbEntity
  8
A-TTLB
370
20
100
AcDbLine
 10
1254.0
 20
6.0
 30
0.0
 11
1254.0
 21
109.19999999999999
 31
0.0
  0
LINE
  5
4B9
330
17
100
AcDbEntity
  8
A-TTLB
370
20
100
AcDbLine
 10
1530.0
 20
6.0
 30
0.0
 11
1530.0
 21
56.400000000000006
 31
0.0
  0
LINE
  5
4BA
330
17
100
AcDbEntity
  8
A-TTLB
370
20
100
AcDbLine
 10
1650.0
 20
6.0
 30
0.0
 11
1650.0
 21
56.400000000000006
 31
0.0
  0
TEXT
  5
4BB
330
17
100
AcDbEntity
  8
A-TEXT-TTL
100
AcDbText
 10
1128.0
 20
95.99999999999999
 30
0.0
 40
2.25
  1
PROJECT:
  7
SIMPLEX
 11
1128.0
 21
95.99999999999999
 31
0.0
100
AcDbText
  0
TEXT
  5
4BC
330
17
100
AcDbEntity
  8
A-TEXT-TTL
100
AcDbText
 10
1261.2
 20
95.99999999999999
 30
0.0
 40
3.0
  1
PROJECT TITLE
  7
SIMPLEX
 11
1261.2
 21
95.99999999999999
 31
0.0
100
AcDbText
  0
TEXT
  5
4BD
330
17
100
AcDbEntity
  8
A-TEXT-TTL
100
AcDbText
 10
1128.0
 20
68.4
 30
0.0
 40
2.25
  1
DRAWING TITLE:
  7
SIMPLEX
 11
1128.0
 21
68.4
 31
0.0
100
AcDbText
  0
TEXT
  5
4BE
330
17
100
AcDbEntity
  8
A-TEXT-TTL
100
AcDbText
 10
1261.2
 20
68.4
 30
0.0
 40
3.0
  1
OPTION 2 - PLOT 1 GROUND FLOOR PLAN (60 BAYS + COURTYARD)
  7
SIMPLEX
 11
1261.2
 21
68.4
 31
0.0
100
AcDbText
  0
TEXT
  5
4BF
330
17
100
AcDbEntity
  8
A-TEXT-TTL
100
AcDbText
 10
1128.0
 20
45.599999999999994
 30
0.0
 40
2.25
  1
CLIENT:
  7
SIMPLEX
 11
1128.0
 21
45.599999999999994
 31
0.0
100
AcDbText
  0
TEXT
  5
4C0
330
17
100
AcDbEntity
  8
A-TEXT
100
AcDbText
 10
1261.2
 20
45.599999999999994
 30
0.0
 40
2.25
  1
CLIENT
  7
SIMPLEX
 11
1261.2
 21
45.599999999999994
 31
0.0
100
AcDbText
  0
TEXT
  5
4C1
330
17
100
AcDbEntity
  8
A-TEXT-TTL
100
AcDbText
 10
1536.0
 20
45.599999999999994
 30
0.0
 40
2.25
  1
SHEET NO:
  7
SIMPLEX
 11
1536.0
 21
45.599999999999994
 31
0.0
100
AcDbText
  0
TEXT
  5
4C2
330
17
100
AcDbEntity
  8
A-TEXT-TTL
100
AcDbText
 10
1656.0
 20
45.599999999999994
 30
0.0
 40
3.0
  1
SHEET 07 OF 16
  7
SIMPLEX
 11
1656.0
 21
45.599999999999994
 31
0.0
100
AcDbText
  0
TEXT
  5
4C3
330
17
100
AcDbEntity
  8
A-TEXT-TTL
100
AcDbText
 10
1128.0
 20
27.6
 30
0.0
 40
2.25
  1
SCALE:
  7
SIMPLEX
 11
1128.0
 21
27.6
 31
0.0
100
AcDbText
  0
TEXT
  5
4C4
330
17
100
AcDbEntity
  8
A-TEXT
100
AcDbText
 10
1261.2
 20
27.6
 30
0.0
 40
2.25
  1
1/8" = 1'-0"
  7
SIMPLEX
 11
1261.2
 21
27.6
 31
0.0
100
AcDbText
  0
TEXT
  5
4C5
330
17
100
AcDbEntity
  8
A-TEXT-TTL
100
AcDbText
 10
1536.0
 20
27.6
 30
0.0
 40
2.25
  1
DATE:
  7
SIMPLEX
 11
1536.0
 21
27.6
 31
0.0
100
AcDbText
  0
TEXT
  5
4C6
330
17
100
AcDbEntity
  8
A-TEXT
100
AcDbText
 10
1656.0
 20
27.6
 30
0.0
 40
2.25
  1
DATE
  7
SIMPLEX
 11
1656.0
 21
27.6
 31
0.0
100
AcDbText
  0
TEXT
  5
4C7
330
17
100
AcDbEntity
  8
A-TEXT-TTL
100
AcDbText
 10
1128.0
 20
13.2
 30
0.0
 40
2.25
  1
CODES / REF:
  7
SIMPLEX
 11
1128.0
 21
13.2
 31
0.0
100
AcDbText
  0
TEXT
  5
4C8
330
17
100
AcDbEntity
  8
A-TEXT
100
AcDbText
 10
1261.2
 20
13.2
 30
0.0
 40
1.5
  1
NBC 2016  |  DOC: DOC-REF  |  REV: 0
  7
SIMPLEX
 11
1261.2
 21
13.2
 31
0.0
100
AcDbText
  0
CIRCLE
  5
4C9
330
17
100
AcDbEntity
  8
A-TTLB
370
20
100
AcDbCircle
 10
1740.0
 20
1076.6614785992217
 30
0.0
 40
15.600000000000001
  0
HATCH
  5
4CA
330
17
100
AcDbEntity
  8
A-TTLB
 62
7
100
AcDbHatch
 10
0.0
 20
0.0
 30
0.0
210
0.0
220
0.0
230
1.0
  2
SOLID
 70
0
 71
0
 91
1
 92
3
 72
0
 73
1
 93
3
 10
1740.0
 20
1090.7014785992217
 10
1732.98
 20
1069.6414785992217
 10
1740.0
 20
1074.3214785992218
 97
0
 75
1
 76
1
 52
0.0
 41
1.0
 77
0
 78
1
 53
45.0
 43
0.0
 44
0.0
 45
-0.0034798562
 46
0.0034798562
 79
0
 98
0
  0
LINE
  5
4CB
330
17
100
AcDbEntity
  8
A-TTLB
370
20
100
AcDbLine
 10
1740.0
 20
1090.7014785992217
 30
0.0
 11
1747.02
 21
1069.6414785992217
 31
0.0
  0
LINE
  5
4CC
330
17
100
AcDbEntity
  8
A-TTLB
370
20
100
AcDbLine
 10
1747.02
 20
1069.6414785992217
 30
0.0
 11
1740.0
 21
1074.3214785992218
 31
0.0
  0
TEXT
  5
4CD
330
17
100
AcDbEntity
  8
A-TEXT-TTL
100
AcDbText
 10
1740.0
 20
1098.2614785992216
 30
0.0
 40
3.0
  1
N
  7
SIMPLEX
 72
1
 11
1740.0
 21
1098.2614785992216
 31
0.0
100
AcDbText
 73
2
  0
LINE
  5
4CE
330
17
100
AcDbEntity
  8
A-TTLB
370
20
100
AcDbLine
 10
12.0
 20
12.0
 30
0.0
 11
660.0
 21
12.0
 31
0.0
  0
LINE
  5
4CF
330
17
100
AcDbEntity
  8
A-TTLB
370
20
100
AcDbLine
 10
660.0
 20
12.0
 30
0.0
 11
660.0
 21
108.0
 31
0.0
  0
LINE
  5
4D0
330
17
100
AcDbEntity
  8
A-TTLB
370
20
100
AcDbLine
 10
660.0
 20
108.0
 30
0.0
 11
12.0
 21
108.0
 31
0.0
  0
LINE
  5
4D1
330
17
100
AcDbEntity
  8
A-TTLB
370
20
100
AcDbLine
 10
12.0
 20
108.0
 30
0.0
 11
12.0
 21
12.0
 31
0.0
  0
TEXT
  5
4D2
330
17
100
AcDbEntity
  8
A-TEXT-TTL
100
AcDbText
 10
19.2
 20
100.8
 30
0.0
 40
3.0
  1
GENERAL NOTES & COMPLIANCE:
  7
SIMPLEX
 11
19.2
 21
100.8
 31
0.0
100
AcDbText
  0
TEXT
  5
4D3
330
17
100
AcDbEntity
  8
A-TEXT
100
AcDbText
 10
19.2
 20
91.2
 30
0.0
 40
2.25
  1
* Option 2 Ground Floor Capacity: 8 Senior Advocate Premium Cabins (N1-N8) + 52 Open Workstations = 60 ADVOCATES.
  7
SIMPLEX
 11
19.2
 21
91.2
 31
0.0
100
AcDbText
  0
TEXT
  5
4D4
330
17
100
AcDbEntity
  8
A-TEXT
100
AcDbText
 10
19.2
 20
84.0
 30
0.0
 40
2.25
  1
* Ergonomic Arrangement: Advocate seated on inner side of desk; clients/litigants seated on opposite side.
  7
SIMPLEX
 11
19.2
 21
84.0
 31
0.0
100
AcDbText
  0
TEXT
  5
4D5
330
17
100
AcDbEntity
  8
A-TEXT
100
AcDbText
 10
19.2
 20
76.80000000000001
 30
0.0
 40
2.25
  1
* Central Courtyard: 24'x24' double-height open-to-sky haveli courtyard creating natural stack ventilation.
  7
SIMPLEX
 11
19.2
 21
76.80000000000001
 31
0.0
100
AcDbText
  0
TEXT
  5
4D6
330
17
100
AcDbEntity
  8
A-TEXT
100
AcDbText
 10
19.2
 20
69.60000000000001
 30
0.0
 40
2.25
  1
* Vertical Circulation: 2 High-Speed 13-Passenger Lifts (MRL with ARD) + 2 RPwD Compliant 5 ft Staircases.
  7
SIMPLEX
 11
19.2
 21
69.60000000000001
 31
0.0
100
AcDbText
  0
ENDSEC
  0
SECTION
  2
OBJECTS
  0
DICTIONARY
  5
A
330
0
100
AcDbDictionary
281
1
  3
ACAD_COLOR
350
B
  3
ACAD_GROUP
350
C
  3
ACAD_LAYOUT
350
D
  3
ACAD_MATERIAL
350
E
  3
ACAD_MLEADERSTYLE
350
F
  3
ACAD_MLINESTYLE
350
10
  3
ACAD_PLOTSETTINGS
350
11
  3
ACAD_PLOTSTYLENAME
350
12
  3
ACAD_SCALELIST
350
14
  3
ACAD_TABLESTYLE
350
15
  3
ACAD_VISUALSTYLE
350
16
  3
EZDXF_META
350
2D
  0
DICTIONARY
  5
B
330
A
100
AcDbDictionary
281
1
  0
DICTIONARY
  5
C
330
A
100
AcDbDictionary
281
1
  0
DICTIONARY
  5
D
330
A
100
AcDbDictionary
281
1
  3
Model
350
1A
  3
Layout1
350
1E
  0
DICTIONARY
  5
E
330
A
100
AcDbDictionary
281
1
  3
ByBlock
350
1F
  3
ByLayer
350
20
  3
Global
350
21
  0
DICTIONARY
  5
F
330
A
100
AcDbDictionary
281
1
  3
Standard
350
2C
  0
DICTIONARY
  5
10
330
A
100
AcDbDictionary
281
1
  3
Standard
350
22
  0
DICTIONARY
  5
11
330
A
100
AcDbDictionary
281
1
  0
ACDBDICTIONARYWDFLT
  5
12
330
A
100
AcDbDictionary
281
1
  3
Normal
350
13
100
AcDbDictionaryWithDefault
340
13
  0
ACDBPLACEHOLDER
  5
13
330
12
  0
DICTIONARY
  5
14
330
A
100
AcDbDictionary
281
1
  0
DICTIONARY
  5
15
330
A
100
AcDbDictionary
281
1
  0
DICTIONARY
  5
16
330
A
100
AcDbDictionary
281
1
  3
2dWireframe
350
5A
  3
Basic
350
5B
  3
Brighten
350
5C
  3
ColorChange
350
5D
  3
Conceptual
350
5E
  3
Dim
350
5F
  3
EdgeColorOff
350
60
  3
Facepattern
350
61
  3
Flat
350
62
  3
FlatWithEdges
350
63
  3
Gouraud
350
64
  3
GouraudWithEdges
350
65
  3
Hidden
350
66
  3
JitterOff
350
67
  3
Linepattern
350
68
  3
Modeling
350
69
  3
OverhangOff
350
6A
  3
Realistic
350
6B
  3
Shaded
350
6C
  3
Shaded with edges
350
6D
  3
Shades of Gray
350
6E
  3
Sketchy
350
6F
  3
Thicken
350
70
  3
Wireframe
350
71
  3
X-Ray
350
72
  0
LAYOUT
  5
1A
330
D
100
AcDbPlotSettings
  1

  4
A3
  6

 40
7.5
 41
20.0
 42
7.5
 43
20.0
 44
420.0
 45
297.0
 46
0.0
 47
0.0
 48
0.0
 49
0.0
140
0.0
141
0.0
142
1.0
143
1.0
 70
1024
 72
1
 73
0
 74
5
  7

 75
16
 76
0
 77
2
 78
300
147
1.0
148
0.0
149
0.0
100
AcDbLayout
  1
Model
 70
1
 71
0
 10
0.0
 20
0.0
 11
420.0
 21
297.0
 12
0.0
 22
0.0
 32
0.0
 14
1e+20
 24
1e+20
 34
1e+20
 15
-1e+20
 25
-1e+20
 35
-1e+20
146
0.0
 13
0.0
 23
0.0
 33
0.0
 16
1.0
 26
0.0
 36
0.0
 17
0.0
 27
1.0
 37
0.0
 76
1
330
17
  0
LAYOUT
  5
1E
330
D
100
AcDbPlotSettings
  1

  4
A3
  6

 40
7.5
 41
20.0
 42
7.5
 43
20.0
 44
420.0
 45
297.0
 46
0.0
 47
0.0
 48
0.0
 49
0.0
140
0.0
141
0.0
142
1.0
143
1.0
 70
0
 72
1
 73
0
 74
5
  7

 75
16
 76
0
 77
2
 78
300
147
1.0
148
0.0
149
0.0
100
AcDbLayout
  1
Layout1
 70
1
 71
1
 10
0.0
 20
0.0
 11
420.0
 21
297.0
 12
0.0
 22
0.0
 32
0.0
 14
1e+20
 24
1e+20
 34
1e+20
 15
-1e+20
 25
-1e+20
 35
-1e+20
146
0.0
 13
0.0
 23
0.0
 33
0.0
 16
1.0
 26
0.0
 36
0.0
 17
0.0
 27
1.0
 37
0.0
 76
1
330
1B
  0
MATERIAL
  5
1F
102
{ACAD_REACTORS
330
E
102
}
330
E
100
AcDbMaterial
  1
ByBlock
  2

 70
0
 40
1.0
 71
1
 41
1.0
 91
-1023410177
 42
1.0
 72
1
  3

 73
1
 74
1
 75
1
 44
0.5
 73
0
 45
1.0
 46
1.0
 77
1
  4

 78
1
 79
1
170
1
 48
1.0
171
1
  6

172
1
173
1
174
1
140
1.0
141
1.0
175
1
  7

176
1
177
1
178
1
143
1.0
179
1
  8

270
1
271
1
272
1
145
1.0
146
1.0
273
1
  9

274
1
275
1
276
1
 42
1.0
 72
1
  3

 73
1
 74
1
 75
1
 94
63
  0
MATERIAL
  5
20
102
{ACAD_REACTORS
330
E
102
}
330
E
100
AcDbMaterial
  1
ByLayer
  2

 70
0
 40
1.0
 71
1
 41
1.0
 91
-1023410177
 42
1.0
 72
1
  3

 73
1
 74
1
 75
1
 44
0.5
 73
0
 45
1.0
 46
1.0
 77
1
  4

 78
1
 79
1
170
1
 48
1.0
171
1
  6

172
1
173
1
174
1
140
1.0
141
1.0
175
1
  7

176
1
177
1
178
1
143
1.0
179
1
  8

270
1
271
1
272
1
145
1.0
146
1.0
273
1
  9

274
1
275
1
276
1
 42
1.0
 72
1
  3

 73
1
 74
1
 75
1
 94
63
  0
MATERIAL
  5
21
102
{ACAD_REACTORS
330
E
102
}
330
E
100
AcDbMaterial
  1
Global
  2

 70
0
 40
1.0
 71
1
 41
1.0
 91
-1023410177
 42
1.0
 72
1
  3

 73
1
 74
1
 75
1
 44
0.5
 73
0
 45
1.0
 46
1.0
 77
1
  4

 78
1
 79
1
170
1
 48
1.0
171
1
  6

172
1
173
1
174
1
140
1.0
141
1.0
175
1
  7

176
1
177
1
178
1
143
1.0
179
1
  8

270
1
271
1
272
1
145
1.0
146
1.0
273
1
  9

274
1
275
1
276
1
 42
1.0
 72
1
  3

 73
1
 74
1
 75
1
 94
63
  0
MLINESTYLE
  5
22
102
{ACAD_REACTORS
330
10
102
}
330
10
100
AcDbMlineStyle
  2
Standard
 70
0
  3

 62
256
 51
90.0
 52
90.0
 71
2
 49
0.5
 62
256
  6
BYLAYER
 49
-0.5
 62
256
  6
BYLAYER
  0
MLEADERSTYLE
  5
2C
102
{ACAD_REACTORS
330
F
102
}
330
F
100
AcDbMLeaderStyle
179
2
170
2
171
1
172
0
 90
2
 40
0.0
 41
0.0
173
1
 91
-1056964608
 92
-2
290
1
 42
2.0
291
1
 43
8.0
  3
Standard
 44
4.0
300

342
29
174
1
175
1
176
0
178
1
 93
-1056964608
 45
4.0
292
0
297
0
 46
4.0
 94
-1056964608
 47
1.0
 49
1.0
140
1.0
294
1
141
0.0
177
0
142
1.0
295
0
296
0
143
3.75
271
0
272
9
273
9
  0
DICTIONARY
  5
2D
330
A
100
AcDbDictionary
280
1
281
1
  3
CREATED_BY_EZDXF
350
2E
  3
WRITTEN_BY_EZDXF
350
4D9
  0
DICTIONARYVAR
  5
2E
330
2D
100
DictionaryVariables
280
0
  1
1.4.4 @ 2026-08-26T10:38:35.054615+00:00
  0
VISUALSTYLE
  5
5A
102
{ACAD_REACTORS
330
16
102
}
330
16
100
AcDbVisualStyle
  2
2dWireframe
 70
4
177
3
291
0
 70
58
 90
2
176
1
 90
2
176
1
 90
0
176
1
 90
0
176
1
 40
0.6
176
1
 40
30.0
176
1
 62
7
420
16777215
176
1
 90
1
176
1
 90
4
176
1
 62
7
176
1
 62
257
176
1
 90
1
176
1
 90
1
176
1
 40
1.0
176
1
 90
8
176
1
 62
7
176
1
 40
1.0
176
1
 90
1
176
1
 90
6
176
1
 90
2
176
1
 62
7
176
1
 90
5
176
1
 90
0
176
1
 90
0
176
1
290
0
176
1
 90
1
176
1
 40
0.0
176
1
 90
0
176
1
290
1
176
1
290
1
176
1
290
0
176
1
290
0
176
1
290
0
176
1
290
0
176
1
290
0
176
1
290
0
176
1
290
0
176
1
 90
50
176
1
 40
0.0
176
1
 40
1.0
176
1
 90
0
176
1
 62
18
420
0
176
1
 90
50
176
1
 90
3
176
1
 62
5
420
255
176
1
290
0
176
1
 90
50
176
1
 90
50
176
1
 90
50
176
1
290
0
176
1
 90
50
176
1
 62
256
176
0
 40
1.0
176
0
 90
2
176
1
  1
strokes_ogs.tif
176
1
290
0
176
1
 40
1.0
176
1
 40
1.0
176
1
  0
VISUALSTYLE
  5
5B
102
{ACAD_REACTORS
330
16
102
}
330
16
100
AcDbVisualStyle
  2
Basic
 70
7
177
3
291
1
 70
58
 90
2
176
1
 90
2
176
1
 90
0
176
1
 90
1
176
1
 40
0.6
176
1
 40
30.0
176
1
 62
7
420
16777215
176
1
 90
1
176
1
 90
4
176
1
 62
7
176
1
 62
257
176
1
 90
1
176
1
 90
1
176
1
 40
1.0
176
1
 90
8
176
1
 62
7
176
1
 40
1.0
176
1
 90
1
176
1
 90
6
176
1
 90
2
176
1
 62
7
176
1
 90
5
176
1
 90
0
176
1
 90
0
176
1
290
0
176
1
 90
1
176
1
 40
0.0
176
1
 90
0
176
1
290
0
176
1
290
1
176
1
290
1
176
1
290
0
176
1
290
0
176
1
290
0
176
1
290
0
176
1
290
0
176
1
290
0
176
1
 90
50
176
1
 40
0.0
176
1
 40
1.0
176
1
 90
0
176
1
 62
18
420
0
176
1
 90
50
176
1
 90
3
176
1
 62
5
420
255
176
1
290
0
176
1
 90
50
176
1
 90
50
176
1
 90
50
176
1
290
0
176
1
 90
50
176
1
 62
256
176
0
 40
1.0
176
0
 90
2
176
1
  1
strokes_ogs.tif
176
1
290
0
176
1
 40
1.0
176
1
 40
1.0
176
1
  0
VISUALSTYLE
  5
5C
102
{ACAD_REACTORS
330
16
102
}
330
16
100
AcDbVisualStyle
  2
Brighten
 70
12
177
3
291
1
 70
58
 90
2
176
1
 90
2
176
1
 90
0
176
1
 90
2
176
1
 40
0.6
176
1
 40
30.0
176
1
 62
7
420
16777215
176
1
 90
1
176
1
 90
4
176
1
 62
7
176
1
 62
257
176
1
 90
1
176
1
 90
1
176
1
 40
1.0
176
1
 90
8
176
1
 62
7
176
1
 40
1.0
176
1
 90
1
176
1
 90
6
176
1
 90
2
176
1
 62
7
176
1
 90
5
176
1
 90
0
176
1
 90
0
176
1
290
0
176
1
 90
1
176
1
 40
0.0
176
1
 90
0
176
1
290
0
176
1
290
1
176
1
290
1
176
1
290
0
176
1
290
0
176
1
290
0
176
1
290
0
176
1
290
0
176
1
290
0
176
1
 90
50
176
1
 40
0.0
176
1
 40
1.0
176
1
 90
0
176
1
 62
18
420
0
176
1
 90
50
176
1
 90
3
176
1
 62
5
420
255
176
1
290
0
176
1
 90
50
176
1
 90
50
176
1
 90
50
176
1
290
0
176
1
 90
50
176
1
 62
256
176
0
 40
1.0
176
0
 90
2
176
1
  1
strokes_ogs.tif
176
1
290
0
176
1
 40
1.0
176
1
 40
1.0
176
1
  0
VISUALSTYLE
  5
5D
102
{ACAD_REACTORS
330
16
102
}
330
16
100
AcDbVisualStyle
  2
ColorChange
 70
16
177
3
291
1
 70
58
 90
2
176
1
 90
2
176
1
 90
0
176
1
 90
2
176
1
 40
0.6
176
1
 40
30.0
176
1
 62
7
420
16777215
176
1
 90
1
176
1
 90
4
176
1
 62
7
176
1
 62
257
176
1
 90
1
176
1
 90
1
176
1
 40
1.0
176
1
 90
8
176
1
 62
7
176
1
 40
1.0
176
1
 90
1
176
1
 90
6
176
1
 90
2
176
1
 62
7
176
1
 90
5
176
1
 90
0
176
1
 90
0
176
1
290
0
176
1
 90
1
176
1
 40
0.0
176
1
 90
0
176
1
290
0
176
1
290
1
176
1
290
1
176
1
290
0
176
1
290
0
176
1
290
0
176
1
290
0
176
1
290
0
176
1
290
0
176
1
 90
50
176
1
 40
0.0
176
1
 40
1.0
176
1
 90
0
176
1
 62
18
420
0
176
1
 90
50
176
1
 90
3
176
1
 62
5
420
255
176
1
290
0
176
1
 90
50
176
1
 90
50
176
1
 90
50
176
1
290
0
176
1
 90
50
176
1
 62
256
176
0
 40
1.0
176
0
 90
2
176
1
  1
strokes_ogs.tif
176
1
290
0
176
1
 40
1.0
176
1
 40
1.0
176
1
  0
VISUALSTYLE
  5
5E
102
{ACAD_REACTORS
330
16
102
}
330
16
100
AcDbVisualStyle
  2
Conceptual
 70
9
177
3
291
0
 70
58
 90
2
176
1
 90
2
176
1
 90
0
176
1
 90
3
176
1
 40
0.6
176
1
 40
30.0
176
1
 62
7
420
16777215
176
1
 90
1
176
1
 90
4
176
1
 62
7
176
1
 62
257
176
1
 90
1
176
1
 90
1
176
1
 40
1.0
176
1
 90
8
176
1
 62
7
176
1
 40
1.0
176
1
 90
1
176
1
 90
6
176
1
 90
2
176
1
 62
7
176
1
 90
5
176
1
 90
0
176
1
 90
0
176
1
290
0
176
1
 90
1
176
1
 40
0.0
176
1
 90
0
176
1
290
0
176
1
290
1
176
1
290
1
176
1
290
0
176
1
290
0
176
1
290
0
176
1
290
0
176
1
290
0
176
1
290
0
176
1
 90
50
176
1
 40
0.0
176
1
 40
1.0
176
1
 90
0
176
1
 62
18
420
0
176
1
 90
50
176
1
 90
3
176
1
 62
5
420
255
176
1
290
0
176
1
 90
50
176
1
 90
50
176
1
 90
50
176
1
290
0
176
1
 90
50
176
1
 62
256
176
0
 40
1.0
176
0
 90
2
176
1
  1
strokes_ogs.tif
176
1
290
0
176
1
 40
1.0
176
1
 40
1.0
176
1
  0
VISUALSTYLE
  5
5F
102
{ACAD_REACTORS
330
16
102
}
330
16
100
AcDbVisualStyle
  2
Dim
 70
11
177
3
291
1
 70
58
 90
2
176
1
 90
2
176
1
 90
0
176
1
 90
2
176
1
 40
0.6
176
1
 40
30.0
176
1
 62
7
420
16777215
176
1
 90
1
176
1
 90
4
176
1
 62
7
176
1
 62
257
176
1
 90
1
176
1
 90
1
176
1
 40
1.0
176
1
 90
8
176
1
 62
7
176
1
 40
1.0
176
1
 90
1
176
1
 90
6
176
1
 90
2
176
1
 62
7
176
1
 90
5
176
1
 90
0
176
1
 90
0
176
1
290
0
176
1
 90
1
176
1
 40
0.0
176
1
 90
0
176
1
290
0
176
1
290
1
176
1
290
1
176
1
290
0
176
1
290
0
176
1
290
0
176
1
290
0
176
1
290
0
176
1
290
0
176
1
 90
50
176
1
 40
0.0
176
1
 40
1.0
176
1
 90
0
176
1
 62
18
420
0
176
1
 90
50
176
1
 90
3
176
1
 62
5
420
255
176
1
290
0
176
1
 90
50
176
1
 90
50
176
1
 90
50
176
1
290
0
176
1
 90
50
176
1
 62
256
176
0
 40
1.0
176
0
 90
2
176
1
  1
strokes_ogs.tif
176
1
290
0
176
1
 40
1.0
176
1
 40
1.0
176
1
  0
VISUALSTYLE
  5
60
102
{ACAD_REACTORS
330
16
102
}
330
16
100
AcDbVisualStyle
  2
EdgeColorOff
 70
22
177
3
291
1
 70
58
 90
2
176
1
 90
2
176
1
 90
0
176
1
 90
2
176
1
 40
0.6
176
1
 40
30.0
176
1
 62
7
420
16777215
176
1
 90
1
176
1
 90
4
176
1
 62
7
176
1
 62
257
176
1
 90
1
176
1
 90
1
176
1
 40
1.0
176
1
 90
8
176
1
 62
7
176
1
 40
1.0
176
1
 90
1
176
1
 90
6
176
1
 90
2
176
1
 62
7
176
1
 90
5
176
1
 90
0
176
1
 90
0
176
1
290
0
176
1
 90
1
176
1
 40
0.0
176
1
 90
0
176
1
290
0
176
1
290
1
176
1
290
1
176
1
290
0
176
1
290
0
176
1
290
0
176
1
290
0
176
1
290
0
176
1
290
0
176
1
 90
50
176
1
 40
0.0
176
1
 40
1.0
176
1
 90
0
176
1
 62
18
420
0
176
1
 90
50
176
1
 90
3
176
1
 62
5
420
255
176
1
290
0
176
1
 90
50
176
1
 90
50
176
1
 90
50
176
1
290
0
176
1
 90
50
176
1
 62
256
176
0
 40
1.0
176
0
 90
2
176
1
  1
strokes_ogs.tif
176
1
290
0
176
1
 40
1.0
176
1
 40
1.0
176
1
  0
VISUALSTYLE
  5
61
102
{ACAD_REACTORS
330
16
102
}
330
16
100
AcDbVisualStyle
  2
Facepattern
 70
15
177
3
291
1
 70
58
 90
2
176
1
 90
2
176
1
 90
0
176
1
 90
2
176
1
 40
0.6
176
1
 40
30.0
176
1
 62
7
420
16777215
176
1
 90
1
176
1
 90
4
176
1
 62
7
176
1
 62
257
176
1
 90
1
176
1
 90
1
176
1
 40
1.0
176
1
 90
8
176
1
 62
7
176
1
 40
1.0
176
1
 90
1
176
1
 90
6
176
1
 90
2
176
1
 62
7
176
1
 90
5
176
1
 90
0
176
1
 90
0
176
1
290
0
176
1
 90
1
176
1
 40
0.0
176
1
 90
0
176
1
290
0
176
1
290
1
176
1
290
1
176
1
290
0
176
1
290
0
176
1
290
0
176
1
290
0
176
1
290
0
176
1
290
0
176
1
 90
50
176
1
 40
0.0
176
1
 40
1.0
176
1
 90
0
176
1
 62
18
420
0
176
1
 90
50
176
1
 90
3
176
1
 62
5
420
255
176
1
290
0
176
1
 90
50
176
1
 90
50
176
1
 90
50
176
1
290
0
176
1
 90
50
176
1
 62
256
176
0
 40
1.0
176
0
 90
2
176
1
  1
strokes_ogs.tif
176
1
290
0
176
1
 40
1.0
176
1
 40
1.0
176
1
  0
VISUALSTYLE
  5
62
102
{ACAD_REACTORS
330
16
102
}
330
16
100
AcDbVisualStyle
  2
Flat
 70
0
177
3
291
1
 70
58
 90
2
176
1
 90
2
176
1
 90
0
176
1
 90
2
176
1
 40
0.6
176
1
 40
30.0
176
1
 62
7
420
16777215
176
1
 90
1
176
1
 90
4
176
1
 62
7
176
1
 62
257
176
1
 90
1
176
1
 90
1
176
1
 40
1.0
176
1
 90
8
176
1
 62
7
176
1
 40
1.0
176
1
 90
1
176
1
 90
6
176
1
 90
2
176
1
 62
7
176
1
 90
5
176
1
 90
0
176
1
 90
0
176
1
290
0
176
1
 90
1
176
1
 40
0.0
176
1
 90
0
176
1
290
0
176
1
290
1
176
1
290
1
176
1
290
0
176
1
290
0
176
1
290
0
176
1
290
0
176
1
290
0
176
1
290
0
176
1
 90
50
176
1
 40
0.0
176
1
 40
1.0
176
1
 90
0
176
1
 62
18
420
0
176
1
 90
50
176
1
 90
3
176
1
 62
5
420
255
176
1
290
0
176
1
 90
50
176
1
 90
50
176
1
 90
50
176
1
290
0
176
1
 90
50
176
1
 62
256
176
0
 40
1.0
176
0
 90
2
176
1
  1
strokes_ogs.tif
176
1
290
0
176
1
 40
1.0
176
1
 40
1.0
176
1
  0
VISUALSTYLE
  5
63
102
{ACAD_REACTORS
330
16
102
}
330
16
100
AcDbVisualStyle
  2
FlatWithEdges
 70
1
177
3
291
1
 70
58
 90
2
176
1
 90
2
176
1
 90
0
176
1
 90
2
176
1
 40
0.6
176
1
 40
30.0
176
1
 62
7
420
16777215
176
1
 90
1
176
1
 90
4
176
1
 62
7
176
1
 62
257
176
1
 90
1
176
1
 90
1
176
1
 40
1.0
176
1
 90
8
176
1
 62
7
176
1
 40
1.0
176
1
 90
1
176
1
 90
6
176
1
 90
2
176
1
 62
7
176
1
 90
5
176
1
 90
0
176
1
 90
0
176
1
290
0
176
1
 90
1
176
1
 40
0.0
176
1
 90
0
176
1
290
0
176
1
290
1
176
1
290
1
176
1
290
0
176
1
290
0
176
1
290
0
176
1
290
0
176
1
290
0
176
1
290
0
176
1
 90
50
176
1
 40
0.0
176
1
 40
1.0
176
1
 90
0
176
1
 62
18
420
0
176
1
 90
50
176
1
 90
3
176
1
 62
5
420
255
176
1
290
0
176
1
 90
50
176
1
 90
50
176
1
 90
50
176
1
290
0
176
1
 90
50
176
1
 62
256
176
0
 40
1.0
176
0
 90
2
176
1
  1
strokes_ogs.tif
176
1
290
0
176
1
 40
1.0
176
1
 40
1.0
176
1
  0
VISUALSTYLE
  5
64
102
{ACAD_REACTORS
330
16
102
}
330
16
100
AcDbVisualStyle
  2
Gouraud
 70
2
177
3
291
1
 70
58
 90
2
176
1
 90
2
176
1
 90
0
176
1
 90
2
176
1
 40
0.6
176
1
 40
30.0
176
1
 62
7
420
16777215
176
1
 90
1
176
1
 90
4
176
1
 62
7
176
1
 62
257
176
1
 90
1
176
1
 90
1
176
1
 40
1.0
176
1
 90
8
176
1
 62
7
176
1
 40
1.0
176
1
 90
1
176
1
 90
6
176
1
 90
2
176
1
 62
7
176
1
 90
5
176
1
 90
0
176
1
 90
0
176
1
290
0
176
1
 90
1
176
1
 40
0.0
176
1
 90
0
176
1
290
0
176
1
290
1
176
1
290
1
176
1
290
0
176
1
290
0
176
1
290
0
176
1
290
0
176
1
290
0
176
1
290
0
176
1
 90
50
176
1
 40
0.0
176
1
 40
1.0
176
1
 90
0
176
1
 62
18
420
0
176
1
 90
50
176
1
 90
3
176
1
 62
5
420
255
176
1
290
0
176
1
 90
50
176
1
 90
50
176
1
 90
50
176
1
290
0
176
1
 90
50
176
1
 62
256
176
0
 40
1.0
176
0
 90
2
176
1
  1
strokes_ogs.tif
176
1
290
0
176
1
 40
1.0
176
1
 40
1.0
176
1
  0
VISUALSTYLE
  5
65
102
{ACAD_REACTORS
330
16
102
}
330
16
100
AcDbVisualStyle
  2
GouraudWithEdges
 70
3
177
3
291
1
 70
58
 90
2
176
1
 90
2
176
1
 90
0
176
1
 90
2
176
1
 40
0.6
176
1
 40
30.0
176
1
 62
7
420
16777215
176
1
 90
1
176
1
 90
4
176
1
 62
7
176
1
 62
257
176
1
 90
1
176
1
 90
1
176
1
 40
1.0
176
1
 90
8
176
1
 62
7
176
1
 40
1.0
176
1
 90
1
176
1
 90
6
176
1
 90
2
176
1
 62
7
176
1
 90
5
176
1
 90
0
176
1
 90
0
176
1
290
0
176
1
 90
1
176
1
 40
0.0
176
1
 90
0
176
1
290
0
176
1
290
1
176
1
290
1
176
1
290
0
176
1
290
0
176
1
290
0
176
1
290
0
176
1
290
0
176
1
290
0
176
1
 90
50
176
1
 40
0.0
176
1
 40
1.0
176
1
 90
0
176
1
 62
18
420
0
176
1
 90
50
176
1
 90
3
176
1
 62
5
420
255
176
1
290
0
176
1
 90
50
176
1
 90
50
176
1
 90
50
176
1
290
0
176
1
 90
50
176
1
 62
256
176
0
 40
1.0
176
0
 90
2
176
1
  1
strokes_ogs.tif
176
1
290
0
176
1
 40
1.0
176
1
 40
1.0
176
1
  0
VISUALSTYLE
  5
66
102
{ACAD_REACTORS
330
16
102
}
330
16
100
AcDbVisualStyle
  2
Hidden
 70
6
177
3
291
0
 70
58
 90
2
176
1
 90
2
176
1
 90
0
176
1
 90
1
176
1
 40
0.6
176
1
 40
30.0
176
1
 62
7
420
16777215
176
1
 90
1
176
1
 90
4
176
1
 62
7
176
1
 62
257
176
1
 90
1
176
1
 90
1
176
1
 40
1.0
176
1
 90
8
176
1
 62
7
176
1
 40
1.0
176
1
 90
1
176
1
 90
6
176
1
 90
2
176
1
 62
7
176
1
 90
5
176
1
 90
0
176
1
 90
0
176
1
290
0
176
1
 90
1
176
1
 40
0.0
176
1
 90
0
176
1
290
0
176
1
290
1
176
1
290
1
176
1
290
0
176
1
290
0
176
1
290
0
176
1
290
0
176
1
290
0
176
1
290
0
176
1
 90
50
176
1
 40
0.0
176
1
 40
1.0
176
1
 90
0
176
1
 62
18
420
0
176
1
 90
50
176
1
 90
3
176
1
 62
5
420
255
176
1
290
0
176
1
 90
50
176
1
 90
50
176
1
 90
50
176
1
290
0
176
1
 90
50
176
1
 62
256
176
0
 40
1.0
176
0
 90
2
176
1
  1
strokes_ogs.tif
176
1
290
0
176
1
 40
1.0
176
1
 40
1.0
176
1
  0
VISUALSTYLE
  5
67
102
{ACAD_REACTORS
330
16
102
}
330
16
100
AcDbVisualStyle
  2
JitterOff
 70
20
177
3
291
1
 70
58
 90
2
176
1
 90
2
176
1
 90
0
176
1
 90
2
176
1
 40
0.6
176
1
 40
30.0
176
1
 62
7
420
16777215
176
1
 90
1
176
1
 90
4
176
1
 62
7
176
1
 62
257
176
1
 90
1
176
1
 90
1
176
1
 40
1.0
176
1
 90
8
176
1
 62
7
176
1
 40
1.0
176
1
 90
1
176
1
 90
6
176
1
 90
2
176
1
 62
7
176
1
 90
5
176
1
 90
0
176
1
 90
0
176
1
290
0
176
1
 90
1
176
1
 40
0.0
176
1
 90
0
176
1
290
0
176
1
290
1
176
1
290
1
176
1
290
0
176
1
290
0
176
1
290
0
176
1
290
0
176
1
290
0
176
1
290
0
176
1
 90
50
176
1
 40
0.0
176
1
 40
1.0
176
1
 90
0
176
1
 62
18
420
0
176
1
 90
50
176
1
 90
3
176
1
 62
5
420
255
176
1
290
0
176
1
 90
50
176
1
 90
50
176
1
 90
50
176
1
290
0
176
1
 90
50
176
1
 62
256
176
0
 40
1.0
176
0
 90
2
176
1
  1
strokes_ogs.tif
176
1
290
0
176
1
 40
1.0
176
1
 40
1.0
176
1
  0
VISUALSTYLE
  5
68
102
{ACAD_REACTORS
330
16
102
}
330
16
100
AcDbVisualStyle
  2
Linepattern
 70
14
177
3
291
1
 70
58
 90
2
176
1
 90
2
176
1
 90
0
176
1
 90
2
176
1
 40
0.6
176
1
 40
30.0
176
1
 62
7
420
16777215
176
1
 90
1
176
1
 90
4
176
1
 62
7
176
1
 62
257
176
1
 90
1
176
1
 90
1
176
1
 40
1.0
176
1
 90
8
176
1
 62
7
176
1
 40
1.0
176
1
 90
1
176
1
 90
6
176
1
 90
2
176
1
 62
7
176
1
 90
5
176
1
 90
0
176
1
 90
0
176
1
290
0
176
1
 90
1
176
1
 40
0.0
176
1
 90
0
176
1
290
0
176
1
290
1
176
1
290
1
176
1
290
0
176
1
290
0
176
1
290
0
176
1
290
0
176
1
290
0
176
1
290
0
176
1
 90
50
176
1
 40
0.0
176
1
 40
1.0
176
1
 90
0
176
1
 62
18
420
0
176
1
 90
50
176
1
 90
3
176
1
 62
5
420
255
176
1
290
0
176
1
 90
50
176
1
 90
50
176
1
 90
50
176
1
290
0
176
1
 90
50
176
1
 62
256
176
0
 40
1.0
176
0
 90
2
176
1
  1
strokes_ogs.tif
176
1
290
0
176
1
 40
1.0
176
1
 40
1.0
176
1
  0
VISUALSTYLE
  5
69
102
{ACAD_REACTORS
330
16
102
}
330
16
100
AcDbVisualStyle
  2
Modeling
 70
10
177
3
291
0
 70
58
 90
2
176
1
 90
2
176
1
 90
0
176
1
 90
2
176
1
 40
0.6
176
1
 40
30.0
176
1
 62
7
420
16777215
176
1
 90
1
176
1
 90
4
176
1
 62
7
176
1
 62
257
176
1
 90
1
176
1
 90
1
176
1
 40
1.0
176
1
 90
8
176
1
 62
7
176
1
 40
1.0
176
1
 90
1
176
1
 90
6
176
1
 90
2
176
1
 62
7
176
1
 90
5
176
1
 90
0
176
1
 90
0
176
1
290
0
176
1
 90
1
176
1
 40
0.0
176
1
 90
0
176
1
290
0
176
1
290
1
176
1
290
1
176
1
290
0
176
1
290
0
176
1
290
0
176
1
290
0
176
1
290
0
176
1
290
0
176
1
 90
50
176
1
 40
0.0
176
1
 40
1.0
176
1
 90
0
176
1
 62
18
420
0
176
1
 90
50
176
1
 90
3
176
1
 62
5
420
255
176
1
290
0
176
1
 90
50
176
1
 90
50
176
1
 90
50
176
1
290
0
176
1
 90
50
176
1
 62
256
176
0
 40
1.0
176
0
 90
2
176
1
  1
strokes_ogs.tif
176
1
290
0
176
1
 40
1.0
176
1
 40
1.0
176
1
  0
VISUALSTYLE
  5
6A
102
{ACAD_REACTORS
330
16
102
}
330
16
100
AcDbVisualStyle
  2
OverhangOff
 70
21
177
3
291
1
 70
58
 90
2
176
1
 90
2
176
1
 90
0
176
1
 90
2
176
1
 40
0.6
176
1
 40
30.0
176
1
 62
7
420
16777215
176
1
 90
1
176
1
 90
4
176
1
 62
7
176
1
 62
257
176
1
 90
1
176
1
 90
1
176
1
 40
1.0
176
1
 90
8
176
1
 62
7
176
1
 40
1.0
176
1
 90
1
176
1
 90
6
176
1
 90
2
176
1
 62
7
176
1
 90
5
176
1
 90
0
176
1
 90
0
176
1
290
0
176
1
 90
1
176
1
 40
0.0
176
1
 90
0
176
1
290
0
176
1
290
1
176
1
290
1
176
1
290
0
176
1
290
0
176
1
290
0
176
1
290
0
176
1
290
0
176
1
290
0
176
1
 90
50
176
1
 40
0.0
176
1
 40
1.0
176
1
 90
0
176
1
 62
18
420
0
176
1
 90
50
176
1
 90
3
176
1
 62
5
420
255
176
1
290
0
176
1
 90
50
176
1
 90
50
176
1
 90
50
176
1
290
0
176
1
 90
50
176
1
 62
256
176
0
 40
1.0
176
0
 90
2
176
1
  1
strokes_ogs.tif
176
1
290
0
176
1
 40
1.0
176
1
 40
1.0
176
1
  0
VISUALSTYLE
  5
6B
102
{ACAD_REACTORS
330
16
102
}
330
16
100
AcDbVisualStyle
  2
Realistic
 70
8
177
3
291
0
 70
58
 90
2
176
1
 90
2
176
1
 90
0
176
1
 90
2
176
1
 40
0.6
176
1
 40
30.0
176
1
 62
7
420
16777215
176
1
 90
1
176
1
 90
4
176
1
 62
7
176
1
 62
257
176
1
 90
1
176
1
 90
1
176
1
 40
1.0
176
1
 90
8
176
1
 62
7
176
1
 40
1.0
176
1
 90
1
176
1
 90
6
176
1
 90
2
176
1
 62
7
176
1
 90
5
176
1
 90
0
176
1
 90
0
176
1
290
0
176
1
 90
1
176
1
 40
0.0
176
1
 90
0
176
1
290
0
176
1
290
1
176
1
290
1
176
1
290
0
176
1
290
0
176
1
290
0
176
1
290
0
176
1
290
0
176
1
290
0
176
1
 90
50
176
1
 40
0.0
176
1
 40
1.0
176
1
 90
0
176
1
 62
18
420
0
176
1
 90
50
176
1
 90
3
176
1
 62
5
420
255
176
1
290
0
176
1
 90
50
176
1
 90
50
176
1
 90
50
176
1
290
0
176
1
 90
50
176
1
 62
256
176
0
 40
1.0
176
0
 90
2
176
1
  1
strokes_ogs.tif
176
1
290
0
176
1
 40
1.0
176
1
 40
1.0
176
1
  0
VISUALSTYLE
  5
6C
102
{ACAD_REACTORS
330
16
102
}
330
16
100
AcDbVisualStyle
  2
Shaded
 70
27
177
3
291
0
 70
58
 90
2
176
1
 90
2
176
1
 90
0
176
1
 90
2
176
1
 40
0.6
176
1
 40
30.0
176
1
 62
7
420
16777215
176
1
 90
1
176
1
 90
4
176
1
 62
7
176
1
 62
257
176
1
 90
1
176
1
 90
1
176
1
 40
1.0
176
1
 90
8
176
1
 62
7
176
1
 40
1.0
176
1
 90
1
176
1
 90
6
176
1
 90
2
176
1
 62
7
176
1
 90
5
176
1
 90
0
176
1
 90
0
176
1
290
0
176
1
 90
1
176
1
 40
0.0
176
1
 90
0
176
1
290
0
176
1
290
1
176
1
290
1
176
1
290
0
176
1
290
0
176
1
290
0
176
1
290
0
176
1
290
0
176
1
290
0
176
1
 90
50
176
1
 40
0.0
176
1
 40
1.0
176
1
 90
0
176
1
 62
18
420
0
176
1
 90
50
176
1
 90
3
176
1
 62
5
420
255
176
1
290
0
176
1
 90
50
176
1
 90
50
176
1
 90
50
176
1
290
0
176
1
 90
50
176
1
 62
256
176
0
 40
1.0
176
0
 90
2
176
1
  1
strokes_ogs.tif
176
1
290
0
176
1
 40
1.0
176
1
 40
1.0
176
1
  0
VISUALSTYLE
  5
6D
102
{ACAD_REACTORS
330
16
102
}
330
16
100
AcDbVisualStyle
  2
Shaded with edges
 70
26
177
3
291
0
 70
58
 90
2
176
1
 90
2
176
1
 90
0
176
1
 90
2
176
1
 40
0.6
176
1
 40
30.0
176
1
 62
7
420
16777215
176
1
 90
1
176
1
 90
4
176
1
 62
7
176
1
 62
257
176
1
 90
1
176
1
 90
1
176
1
 40
1.0
176
1
 90
8
176
1
 62
7
176
1
 40
1.0
176
1
 90
1
176
1
 90
6
176
1
 90
2
176
1
 62
7
176
1
 90
5
176
1
 90
0
176
1
 90
0
176
1
290
0
176
1
 90
1
176
1
 40
0.0
176
1
 90
0
176
1
290
0
176
1
290
1
176
1
290
1
176
1
290
0
176
1
290
0
176
1
290
0
176
1
290
0
176
1
290
0
176
1
290
0
176
1
 90
50
176
1
 40
0.0
176
1
 40
1.0
176
1
 90
0
176
1
 62
18
420
0
176
1
 90
50
176
1
 90
3
176
1
 62
5
420
255
176
1
290
0
176
1
 90
50
176
1
 90
50
176
1
 90
50
176
1
290
0
176
1
 90
50
176
1
 62
256
176
0
 40
1.0
176
0
 90
2
176
1
  1
strokes_ogs.tif
176
1
290
0
176
1
 40
1.0
176
1
 40
1.0
176
1
  0
VISUALSTYLE
  5
6E
102
{ACAD_REACTORS
330
16
102
}
330
16
100
AcDbVisualStyle
  2
Shades of Gray
 70
23
177
3
291
0
 70
58
 90
2
176
1
 90
2
176
1
 90
0
176
1
 90
2
176
1
 40
0.6
176
1
 40
30.0
176
1
 62
7
420
16777215
176
1
 90
1
176
1
 90
4
176
1
 62
7
176
1
 62
257
176
1
 90
1
176
1
 90
1
176
1
 40
1.0
176
1
 90
8
176
1
 62
7
176
1
 40
1.0
176
1
 90
1
176
1
 90
6
176
1
 90
2
176
1
 62
7
176
1
 90
5
176
1
 90
0
176
1
 90
0
176
1
290
0
176
1
 90
1
176
1
 40
0.0
176
1
 90
0
176
1
290
0
176
1
290
1
176
1
290
1
176
1
290
0
176
1
290
0
176
1
290
0
176
1
290
0
176
1
290
0
176
1
290
0
176
1
 90
50
176
1
 40
0.0
176
1
 40
1.0
176
1
 90
0
176
1
 62
18
420
0
176
1
 90
50
176
1
 90
3
176
1
 62
5
420
255
176
1
290
0
176
1
 90
50
176
1
 90
50
176
1
 90
50
176
1
290
0
176
1
 90
50
176
1
 62
256
176
0
 40
1.0
176
0
 90
2
176
1
  1
strokes_ogs.tif
176
1
290
0
176
1
 40
1.0
176
1
 40
1.0
176
1
  0
VISUALSTYLE
  5
6F
102
{ACAD_REACTORS
330
16
102
}
330
16
100
AcDbVisualStyle
  2
Sketchy
 70
24
177
3
291
0
 70
58
 90
2
176
1
 90
2
176
1
 90
0
176
1
 90
1
176
1
 40
0.6
176
1
 40
30.0
176
1
 62
7
420
16777215
176
1
 90
1
176
1
 90
4
176
1
 62
7
176
1
 62
257
176
1
 90
1
176
1
 90
1
176
1
 40
1.0
176
1
 90
8
176
1
 62
7
176
1
 40
1.0
176
1
 90
1
176
1
 90
6
176
1
 90
2
176
1
 62
7
176
1
 90
5
176
1
 90
0
176
1
 90
0
176
1
290
0
176
1
 90
1
176
1
 40
0.0
176
1
 90
0
176
1
290
0
176
1
290
1
176
1
290
1
176
1
290
0
176
1
290
0
176
1
290
0
176
1
290
0
176
1
290
0
176
1
290
0
176
1
 90
50
176
1
 40
0.0
176
1
 40
1.0
176
1
 90
0
176
1
 62
18
420
0
176
1
 90
50
176
1
 90
3
176
1
 62
5
420
255
176
1
290
0
176
1
 90
50
176
1
 90
50
176
1
 90
50
176
1
290
0
176
1
 90
50
176
1
 62
256
176
0
 40
1.0
176
0
 90
2
176
1
  1
strokes_ogs.tif
176
1
290
0
176
1
 40
1.0
176
1
 40
1.0
176
1
  0
VISUALSTYLE
  5
70
102
{ACAD_REACTORS
330
16
102
}
330
16
100
AcDbVisualStyle
  2
Thicken
 70
13
177
3
291
1
 70
58
 90
2
176
1
 90
2
176
1
 90
0
176
1
 90
2
176
1
 40
0.6
176
1
 40
30.0
176
1
 62
7
420
16777215
176
1
 90
1
176
1
 90
4
176
1
 62
7
176
1
 62
257
176
1
 90
1
176
1
 90
1
176
1
 40
1.0
176
1
 90
8
176
1
 62
7
176
1
 40
1.0
176
1
 90
1
176
1
 90
6
176
1
 90
2
176
1
 62
7
176
1
 90
5
176
1
 90
0
176
1
 90
0
176
1
290
0
176
1
 90
1
176
1
 40
0.0
176
1
 90
0
176
1
290
0
176
1
290
1
176
1
290
1
176
1
290
0
176
1
290
0
176
1
290
0
176
1
290
0
176
1
290
0
176
1
290
0
176
1
 90
50
176
1
 40
0.0
176
1
 40
1.0
176
1
 90
0
176
1
 62
18
420
0
176
1
 90
50
176
1
 90
3
176
1
 62
5
420
255
176
1
290
0
176
1
 90
50
176
1
 90
50
176
1
 90
50
176
1
290
0
176
1
 90
50
176
1
 62
256
176
0
 40
1.0
176
0
 90
2
176
1
  1
strokes_ogs.tif
176
1
290
0
176
1
 40
1.0
176
1
 40
1.0
176
1
  0
VISUALSTYLE
  5
71
102
{ACAD_REACTORS
330
16
102
}
330
16
100
AcDbVisualStyle
  2
Wireframe
 70
5
177
3
291
0
 70
58
 90
2
176
1
 90
2
176
1
 90
0
176
1
 90
0
176
1
 40
0.6
176
1
 40
30.0
176
1
 62
7
420
16777215
176
1
 90
1
176
1
 90
4
176
1
 62
7
176
1
 62
257
176
1
 90
1
176
1
 90
1
176
1
 40
1.0
176
1
 90
8
176
1
 62
7
176
1
 40
1.0
176
1
 90
1
176
1
 90
6
176
1
 90
2
176
1
 62
7
176
1
 90
5
176
1
 90
0
176
1
 90
0
176
1
290
0
176
1
 90
1
176
1
 40
0.0
176
1
 90
0
176
1
290
0
176
1
290
1
176
1
290
1
176
1
290
0
176
1
290
0
176
1
290
0
176
1
290
0
176
1
290
0
176
1
290
0
176
1
 90
50
176
1
 40
0.0
176
1
 40
1.0
176
1
 90
0
176
1
 62
18
420
0
176
1
 90
50
176
1
 90
3
176
1
 62
5
420
255
176
1
290
0
176
1
 90
50
176
1
 90
50
176
1
 90
50
176
1
290
0
176
1
 90
50
176
1
 62
256
176
0
 40
1.0
176
0
 90
2
176
1
  1
strokes_ogs.tif
176
1
290
0
176
1
 40
1.0
176
1
 40
1.0
176
1
  0
VISUALSTYLE
  5
72
102
{ACAD_REACTORS
330
16
102
}
330
16
100
AcDbVisualStyle
  2
X-Ray
 70
25
177
3
291
0
 70
58
 90
2
176
1
 90
2
176
1
 90
0
176
1
 90
2
176
1
 40
0.5
176
1
 40
30.0
176
1
 62
7
420
16777215
176
1
 90
1
176
1
 90
4
176
1
 62
7
176
1
 62
257
176
1
 90
1
176
1
 90
1
176
1
 40
1.0
176
1
 90
8
176
1
 62
7
176
1
 40
1.0
176
1
 90
1
176
1
 90
6
176
1
 90
2
176
1
 62
7
176
1
 90
5
176
1
 90
0
176
1
 90
0
176
1
290
0
176
1
 90
1
176
1
 40
0.0
176
1
 90
0
176
1
290
0
176
1
290
1
176
1
290
1
176
1
290
0
176
1
290
0
176
1
290
0
176
1
290
0
176
1
290
0
176
1
290
0
176
1
 90
50
176
1
 40
0.0
176
1
 40
1.0
176
1
 90
0
176
1
 62
18
420
0
176
1
 90
50
176
1
 90
3
176
1
 62
5
420
255
176
1
290
0
176
1
 90
50
176
1
 90
50
176
1
 90
50
176
1
290
0
176
1
 90
50
176
1
 62
256
176
0
 40
1.0
176
0
 90
2
176
1
  1
strokes_ogs.tif
176
1
290
0
176
1
 40
1.0
176
1
 40
1.0
176
1
  0
DICTIONARYVAR
  5
4D9
330
2D
100
DictionaryVariables
280
0
  1
1.4.4 @ 2026-08-26T10:38:35.249519+00:00
  0
ENDSEC
  0
EOF
