  0
SECTION
  2
HEADER
  9
$ACADVER
  1
AC1032
  9
$ACADMAINTVER
 90
4
  9
$DWGCODEPAGE
  3
ANSI_1252
  9
$LASTSAVEDBY
  1
ezdxf
  9
$REQUIREDVERSIONS
160
0
  9
$INSBASE
 10
0.0
 20
0.0
 30
0.0
  9
$EXTMIN
 10
1e+20
 20
1e+20
 30
1e+20
  9
$EXTMAX
 10
-1e+20
 20
-1e+20
 30
-1e+20
  9
$LIMMIN
 10
0.0
 20
0.0
  9
$LIMMAX
 10
420.0
 20
297.0
  9
$ORTHOMODE
 70
0
  9
$REGENMODE
 70
1
  9
$FILLMODE
 70
1
  9
$QTEXTMODE
 70
0
  9
$MIRRTEXT
 70
1
  9
$LTSCALE
 40
1.0
  9
$ATTMODE
 70
1
  9
$TEXTSIZE
 40
2.5
  9
$TRACEWID
 40
1.0
  9
$TEXTSTYLE
  7
OpenSans
  9
$CLAYER
  8
0
  9
$CELTYPE
  6
ByLayer
  9
$CECOLOR
 62
256
  9
$CELTSCALE
 40
1.0
  9
$DISPSILH
 70
0
  9
$DIMSCALE
 40
1.0
  9
$DIMASZ
 40
0.175
  9
$DIMEXO
 40
0.125
  9
$DIMDLI
 40
3.75
  9
$DIMRND
 40
0.0
  9
$DIMDLE
 40
0.0
  9
$DIMEXE
 40
0.375
  9
$DIMTP
 40
0.0
  9
$DIMTM
 40
0.0
  9
$DIMTXT
 40
0.25
  9
$DIMCEN
 40
2.5
  9
$DIMTSZ
 40
0.0
  9
$DIMTOL
 70
0
  9
$DIMLIM
 70
0
  9
$DIMTIH
 70
0
  9
$DIMTOH
 70
0
  9
$DIMSE1
 70
0
  9
$DIMSE2
 70
0
  9
$DIMTAD
 70
1
  9
$DIMZIN
 70
12
  9
$DIMBLK
  1
ARCHTICK
  9
$DIMASO
 70
1
  9
$DIMSHO
 70
1
  9
$DIMPOST
  1

  9
$DIMAPOST
  1

  9
$DIMALT
 70
0
  9
$DIMALTD
 70
3
  9
$DIMALTF
 40
0.03937007874
  9
$DIMLFAC
 40
100.0
  9
$DIMTOFL
 70
1
  9
$DIMTVP
 40
0.0
  9
$DIMTIX
 70
0
  9
$DIMSOXD
 70
0
  9
$DIMSAH
 70
0
  9
$DIMBLK1
  1

  9
$DIMBLK2
  1

  9
$DIMSTYLE
  2
EZDXF
  9
$DIMCLRD
 70
0
  9
$DIMCLRE
 70
0
  9
$DIMCLRT
 70
0
  9
$DIMTFAC
 40
0.5
  9
$DIMGAP
 40
0.1
  9
$DIMJUST
 70
0
  9
$DIMSD1
 70
0
  9
$DIMSD2
 70
0
  9
$DIMTOLJ
 70
0
  9
$DIMTZIN
 70
8
  9
$DIMALTZ
 70
0
  9
$DIMALTTZ
 70
0
  9
$DIMUPT
 70
1
  9
$DIMDEC
 70
2
  9
$DIMTDEC
 70
2
  9
$DIMALTU
 70
2
  9
$DIMALTTD
 70
3
  9
$DIMTXSTY
  7
OpenSansCondensed-Light
  9
$DIMAUNIT
 70
0
  9
$DIMADEC
 70
2
  9
$DIMALTRND
 40
0.0
  9
$DIMAZIN
 70
3
  9
$DIMDSEP
 70
46
  9
$DIMATFIT
 70
3
  9
$DIMFRAC
 70
0
  9
$DIMLDRBLK
  1

  9
$DIMLUNIT
 70
2
  9
$DIMLWD
 70
-2
  9
$DIMLWE
 70
-2
  9
$DIMTMOVE
 70
2
  9
$DIMFXL
 40
1.0
  9
$DIMFXLON
 70
0
  9
$DIMJOGANG
 40
0.785398163397
  9
$DIMTFILL
 70
0
  9
$DIMTFILLCLR
 70
0
  9
$DIMARCSYM
 70
0
  9
$DIMLTYPE
  6

  9
$DIMLTEX1
  6

  9
$DIMLTEX2
  6

  9
$DIMTXTDIRECTION
 70
0
  9
$LUNITS
 70
2
  9
$LUPREC
 70
4
  9
$SKETCHINC
 40
1.0
  9
$FILLETRAD
 40
10.0
  9
$AUNITS
 70
0
  9
$AUPREC
 70
2
  9
$MENU
  1
.
  9
$ELEVATION
 40
0.0
  9
$PELEVATION
 40
0.0
  9
$THICKNESS
 40
0.0
  9
$LIMCHECK
 70
0
  9
$CHAMFERA
 40
0.0
  9
$CHAMFERB
 40
0.0
  9
$CHAMFERC
 40
0.0
  9
$CHAMFERD
 40
0.0
  9
$SKPOLY
 70
0
  9
$TDCREATE
 40
2461302.460787037
  9
$TDUCREATE
 40
2458532.153996898
  9
$TDUPDATE
 40
2461302.460787037
  9
$TDUUPDATE
 40
2458532.1544311
  9
$TDINDWG
 40
0.0
  9
$TDUSRTIMER
 40
0.0
  9
$USRTIMER
 70
1
  9
$ANGBASE
 50
0.0
  9
$ANGDIR
 70
0
  9
$PDMODE
 70
0
  9
$PDSIZE
 40
0.0
  9
$PLINEWID
 40
0.0
  9
$SPLFRAME
 70
0
  9
$SPLINETYPE
 70
6
  9
$SPLINESEGS
 70
8
  9
$HANDSEED
  5
5AD
  9
$SURFTAB1
 70
6
  9
$SURFTAB2
 70
6
  9
$SURFTYPE
 70
6
  9
$SURFU
 70
6
  9
$SURFV
 70
6
  9
$UCSBASE
  2

  9
$UCSNAME
  2

  9
$UCSORG
 10
0.0
 20
0.0
 30
0.0
  9
$UCSXDIR
 10
1.0
 20
0.0
 30
0.0
  9
$UCSYDIR
 10
0.0
 20
1.0
 30
0.0
  9
$UCSORTHOREF
  2

  9
$UCSORTHOVIEW
 70
0
  9
$UCSORGTOP
 10
0.0
 20
0.0
 30
0.0
  9
$UCSORGBOTTOM
 10
0.0
 20
0.0
 30
0.0
  9
$UCSORGLEFT
 10
0.0
 20
0.0
 30
0.0
  9
$UCSORGRIGHT
 10
0.0
 20
0.0
 30
0.0
  9
$UCSORGFRONT
 10
0.0
 20
0.0
 30
0.0
  9
$UCSORGBACK
 10
0.0
 20
0.0
 30
0.0
  9
$PUCSBASE
  2

  9
$PUCSNAME
  2

  9
$PUCSORG
 10
0.0
 20
0.0
 30
0.0
  9
$PUCSXDIR
 10
1.0
 20
0.0
 30
0.0
  9
$PUCSYDIR
 10
0.0
 20
1.0
 30
0.0
  9
$PUCSORTHOREF
  2

  9
$PUCSORTHOVIEW
 70
0
  9
$PUCSORGTOP
 10
0.0
 20
0.0
 30
0.0
  9
$PUCSORGBOTTOM
 10
0.0
 20
0.0
 30
0.0
  9
$PUCSORGLEFT
 10
0.0
 20
0.0
 30
0.0
  9
$PUCSORGRIGHT
 10
0.0
 20
0.0
 30
0.0
  9
$PUCSORGFRONT
 10
0.0
 20
0.0
 30
0.0
  9
$PUCSORGBACK
 10
0.0
 20
0.0
 30
0.0
  9
$USERI1
 70
0
  9
$USERI2
 70
0
  9
$USERI3
 70
0
  9
$USERI4
 70
0
  9
$USERI5
 70
0
  9
$USERR1
 40
0.0
  9
$USERR2
 40
0.0
  9
$USERR3
 40
0.0
  9
$USERR4
 40
0.0
  9
$USERR5
 40
0.0
  9
$WORLDVIEW
 70
1
  9
$SHADEDGE
 70
3
  9
$SHADEDIF
 70
70
  9
$TILEMODE
 70
1
  9
$MAXACTVP
 70
64
  9
$PINSBASE
 10
0.0
 20
0.0
 30
0.0
  9
$PLIMCHECK
 70
0
  9
$PEXTMIN
 10
1e+20
 20
1e+20
 30
1e+20
  9
$PEXTMAX
 10
-1e+20
 20
-1e+20
 30
-1e+20
  9
$PLIMMIN
 10
0.0
 20
0.0
  9
$PLIMMAX
 10
420.0
 20
297.0
  9
$UNITMODE
 70
0
  9
$VISRETAIN
 70
1
  9
$PLINEGEN
 70
0
  9
$PSLTSCALE
 70
1
  9
$TREEDEPTH
 70
3020
  9
$CMLSTYLE
  2
Standard
  9
$CMLJUST
 70
0
  9
$CMLSCALE
 40
20.0
  9
$PROXYGRAPHICS
 70
1
  9
$MEASUREMENT
 70
0
  9
$CELWEIGHT
370
-1
  9
$ENDCAPS
280
0
  9
$JOINSTYLE
280
0
  9
$LWDISPLAY
290
0
  9
$INSUNITS
 70
1
  9
$HYPERLINKBASE
  1

  9
$STYLESHEET
  1

  9
$XEDIT
290
1
  9
$CEPSNTYPE
380
0
  9
$PSTYLEMODE
290
1
  9
$FINGERPRINTGUID
  2
{EBFB8B78-46E1-44C3-A4BF-4417809351C8}
  9
$VERSIONGUID
  2
{6B58DAA1-DB02-4C3A-AB6D-901FF789FD15}
  9
$EXTNAMES
290
1
  9
$PSVPSCALE
 40
0.0
  9
$OLESTARTUP
290
0
  9
$SORTENTS
280
127
  9
$INDEXCTL
280
0
  9
$HIDETEXT
280
1
  9
$XCLIPFRAME
280
1
  9
$HALOGAP
280
0
  9
$OBSCOLOR
 70
257
  9
$OBSLTYPE
280
0
  9
$INTERSECTIONDISPLAY
280
0
  9
$INTERSECTIONCOLOR
 70
257
  9
$DIMASSOC
280
2
  9
$PROJECTNAME
  1

  9
$CAMERADISPLAY
290
0
  9
$LENSLENGTH
 40
50.0
  9
$CAMERAHEIGHT
 40
0.0
  9
$STEPSPERSEC
 40
24.0
  9
$STEPSIZE
 40
100.0
  9
$3DDWFPREC
 40
2.0
  9
$PSOLWIDTH
 40
0.005
  9
$PSOLHEIGHT
 40
0.08
  9
$LOFTANG1
 40
1.570796326795
  9
$LOFTANG2
 40
1.570796326795
  9
$LOFTMAG1
 40
0.0
  9
$LOFTMAG2
 40
0.0
  9
$LOFTPARAM
 70
7
  9
$LOFTNORMALS
280
1
  9
$LATITUDE
 40
37.795
  9
$LONGITUDE
 40
-122.394
  9
$NORTHDIRECTION
 40
0.0
  9
$TIMEZONE
 70
-8000
  9
$LIGHTGLYPHDISPLAY
280
1
  9
$TILEMODELIGHTSYNCH
280
1
  9
$CMATERIAL
347
20
  9
$SOLIDHIST
280
0
  9
$SHOWHIST
280
1
  9
$DWFFRAME
280
2
  9
$DGNFRAME
280
2
  9
$REALWORLDSCALE
290
1
  9
$INTERFERECOLOR
 62
256
  9
$CSHADOW
280
0
  9
$SHADOWPLANELOCATION
 40
0.0
  0
ENDSEC
  0
SECTION
  2
CLASSES
  0
CLASS
  1
ACDBDICTIONARYWDFLT
  2
AcDbDictionaryWithDefault
  3
ObjectDBX Classes
 90
0
 91
0
280
0
281
0
  0
CLASS
  1
SUN
  2
AcDbSun
  3
SCENEOE
 90
1153
 91
0
280
0
281
0
  0
CLASS
  1
VISUALSTYLE
  2
AcDbVisualStyle
  3
ObjectDBX Classes
 90
4095
 91
0
280
0
281
0
  0
CLASS
  1
MATERIAL
  2
AcDbMaterial
  3
ObjectDBX Classes
 90
1153
 91
0
280
0
281
0
  0
CLASS
  1
SCALE
  2
AcDbScale
  3
ObjectDBX Classes
 90
1153
 91
0
280
0
281
0
  0
CLASS
  1
TABLESTYLE
  2
AcDbTableStyle
  3
ObjectDBX Classes
 90
4095
 91
0
280
0
281
0
  0
CLASS
  1
MLEADERSTYLE
  2
AcDbMLeaderStyle
  3
ACDB_MLEADERSTYLE_CLASS
 90
4095
 91
0
280
0
281
0
  0
CLASS
  1
DICTIONARYVAR
  2
AcDbDictionaryVar
  3
ObjectDBX Classes
 90
0
 91
0
280
0
281
0
  0
CLASS
  1
CELLSTYLEMAP
  2
AcDbCellStyleMap
  3
ObjectDBX Classes
 90
1152
 91
0
280
0
281
0
  0
CLASS
  1
MENTALRAYRENDERSETTINGS
  2
AcDbMentalRayRenderSettings
  3
SCENEOE
 90
1024
 91
0
280
0
281
0
  0
CLASS
  1
ACDBDETAILVIEWSTYLE
  2
AcDbDetailViewStyle
  3
ObjectDBX Classes
 90
1025
 91
0
280
0
281
0
  0
CLASS
  1
ACDBSECTIONVIEWSTYLE
  2
AcDbSectionViewStyle
  3
ObjectDBX Classes
 90
1025
 91
0
280
0
281
0
  0
CLASS
  1
RASTERVARIABLES
  2
AcDbRasterVariables
  3
ISM
 90
0
 91
0
280
0
281
0
  0
CLASS
  1
LAYOUT
  2
AcDbLayout
  3
ObjectDBX Classes
 90
0
 91
0
280
0
281
0
  0
CLASS
  1
ACDBPLACEHOLDER
  2
AcDbPlaceHolder
  3
ObjectDBX Classes
 90
0
 91
0
280
0
281
0
  0
ENDSEC
  0
SECTION
  2
TABLES
  0
TABLE
  2
VPORT
  5
8
330
0
100
AcDbSymbolTable
 70
1
  0
VPORT
  5
23
330
8
100
AcDbSymbolTableRecord
100
AcDbViewportTableRecord
  2
*Active
 70
0
 10
0.0
 20
0.0
 11
1.0
 21
1.0
 12
0.0
 22
0.0
 13
0.0
 23
0.0
 14
0.5
 24
0.5
 15
0.5
 25
0.5
 16
0.0
 26
0.0
 36
1.0
 17
0.0
 27
0.0
 37
0.0
 40
1000.0
 41
1.34
 42
50.0
 43
0.0
 44
0.0
 50
0.0
 51
0.0
 71
0
 72
1000
 73
1
 74
3
 75
0
 76
0
 77
0
 78
0
281
0
 65
0
146
0.0
  0
ENDTAB
  0
TABLE
  2
LTYPE
  5
2
330
0
100
AcDbSymbolTable
 70
21
  0
LTYPE
  5
24
330
2
100
AcDbSymbolTableRecord
100
AcDbLinetypeTableRecord
  2
ByBlock
 70
0
  3

 72
65
 73
0
 40
0.0
  0
LTYPE
  5
25
330
2
100
AcDbSymbolTableRecord
100
AcDbLinetypeTableRecord
  2
ByLayer
 70
0
  3

 72
65
 73
0
 40
0.0
  0
LTYPE
  5
26
330
2
100
AcDbSymbolTableRecord
100
AcDbLinetypeTableRecord
  2
Continuous
 70
0
  3

 72
65
 73
0
 40
0.0
  0
LTYPE
  5
2F
330
2
100
AcDbSymbolTableRecord
100
AcDbLinetypeTableRecord
  2
CENTER
 70
0
  3
Center ____ _ ____ _ ____ _ ____ _ ____ _ ____
 72
65
 73
4
 40
5.08
 49
3.175
 74
0
 49
-0.635
 74
0
 49
0.635
 74
0
 49
-0.635
 74
0
  0
LTYPE
  5
30
330
2
100
AcDbSymbolTableRecord
100
AcDbLinetypeTableRecord
  2
CENTERX2
 70
0
  3
Center (2x) ________  __  ________  __  ________
 72
65
 73
4
 40
8.89
 49
6.35
 74
0
 49
-0.635
 74
0
 49
1.27
 74
0
 49
-0.635
 74
0
  0
LTYPE
  5
31
330
2
100
AcDbSymbolTableRecord
100
AcDbLinetypeTableRecord
  2
CENTER2
 70
0
  3
Center (.5x) ____ _ ____ _ ____ _ ____ _ ____
 72
65
 73
4
 40
2.54
 49
1.587
 74
0
 49
-0.318
 74
0
 49
0.318
 74
0
 49
-0.318
 74
0
  0
LTYPE
  5
32
330
2
100
AcDbSymbolTableRecord
100
AcDbLinetypeTableRecord
  2
DASHED
 70
0
  3
Dashed __ __ __ __ __ __ __ __ __ __ __ __ __ _
 72
65
 73
2
 40
1.524
 49
1.27
 74
0
 49
-0.254
 74
0
  0
LTYPE
  5
33
330
2
100
AcDbSymbolTableRecord
100
AcDbLinetypeTableRecord
  2
DASHEDX2
 70
0
  3
Dashed (2x) ____  ____  ____  ____  ____  ____
 72
65
 73
2
 40
3.048
 49
2.54
 74
0
 49
-0.508
 74
0
  0
LTYPE
  5
34
330
2
100
AcDbSymbolTableRecord
100
AcDbLinetypeTableRecord
  2
DASHED2
 70
0
  3
Dashed (.5x) _ _ _ _ _ _ _ _ _ _ _ _ _ _
 72
65
 73
2
 40
0.762
 49
0.635
 74
0
 49
-0.127
 74
0
  0
LTYPE
  5
35
330
2
100
AcDbSymbolTableRecord
100
AcDbLinetypeTableRecord
  2
PHANTOM
 70
0
  3
Phantom ______  __  __  ______  __  __  ______
 72
65
 73
6
 40
6.35
 49
3.175
 74
0
 49
-0.635
 74
0
 49
0.635
 74
0
 49
-0.635
 74
0
 49
0.635
 74
0
 49
-0.635
 74
0
  0
LTYPE
  5
36
330
2
100
AcDbSymbolTableRecord
100
AcDbLinetypeTableRecord
  2
PHANTOMX2
 70
0
  3
Phantom (2x)____________    ____    ____    ____________
 72
65
 73
6
 40
10.795
 49
6.35
 74
0
 49
-0.635
 74
0
 49
1.27
 74
0
 49
-0.635
 74
0
 49
1.27
 74
0
 49
-0.635
 74
0
  0
LTYPE
  5
37
330
2
100
AcDbSymbolTableRecord
100
AcDbLinetypeTableRecord
  2
PHANTOM2
 70
0
  3
Phantom (.5x) ___ _ _ ___ _ _ ___ _ _ ___ _ _ ___
 72
65
 73
6
 40
3.175
 49
1.587
 74
0
 49
-0.318
 74
0
 49
0.318
 74
0
 49
-0.318
 74
0
 49
0.318
 74
0
 49
-0.318
 74
0
  0
LTYPE
  5
38
330
2
100
AcDbSymbolTableRecord
100
AcDbLinetypeTableRecord
  2
DASHDOT
 70
0
  3
Dash dot __ . __ . __ . __ . __ . __ . __ . __
 72
65
 73
4
 40
3.556
 49
2.54
 74
0
 49
-0.508
 74
0
 49
0.0
 74
0
 49
-0.508
 74
0
  0
LTYPE
  5
39
330
2
100
AcDbSymbolTableRecord
100
AcDbLinetypeTableRecord
  2
DASHDOTX2
 70
0
  3
Dash dot (2x) ____  .  ____  .  ____  .  ____
 72
65
 73
4
 40
6.096
 49
5.08
 74
0
 49
-0.508
 74
0
 49
0.0
 74
0
 49
-0.508
 74
0
  0
LTYPE
  5
3A
330
2
100
AcDbSymbolTableRecord
100
AcDbLinetypeTableRecord
  2
DASHDOT2
 70
0
  3
Dash dot (.5x) _ . _ . _ . _ . _ . _ . _ . _
 72
65
 73
4
 40
1.778
 49
1.27
 74
0
 49
-0.254
 74
0
 49
0.0
 74
0
 49
-0.254
 74
0
  0
LTYPE
  5
3B
330
2
100
AcDbSymbolTableRecord
100
AcDbLinetypeTableRecord
  2
DOT
 70
0
  3
Dot .  .  .  .  .  .  .  .  .  .  .  .  .  .  .  .
 72
65
 73
2
 40
0.508
 49
0.0
 74
0
 49
-0.508
 74
0
  0
LTYPE
  5
3C
330
2
100
AcDbSymbolTableRecord
100
AcDbLinetypeTableRecord
  2
DOTX2
 70
0
  3
Dot (2x) .    .    .    .    .    .    .    . 
 72
65
 73
2
 40
1.016
 49
0.0
 74
0
 49
-1.016
 74
0
  0
LTYPE
  5
3D
330
2
100
AcDbSymbolTableRecord
100
AcDbLinetypeTableRecord
  2
DOT2
 70
0
  3
Dot (.5) . . . . . . . . . . . . . . . . . . . 
 72
65
 73
2
 40
0.254
 49
0.0
 74
0
 49
-0.254
 74
0
  0
LTYPE
  5
3E
330
2
100
AcDbSymbolTableRecord
100
AcDbLinetypeTableRecord
  2
DIVIDE
 70
0
  3
Divide __ . . __ . . __ . . __ . . __ . . __
 72
65
 73
6
 40
4.064
 49
2.54
 74
0
 49
-0.508
 74
0
 49
0.0
 74
0
 49
-0.508
 74
0
 49
0.0
 74
0
 49
-0.508
 74
0
  0
LTYPE
  5
3F
330
2
100
AcDbSymbolTableRecord
100
AcDbLinetypeTableRecord
  2
DIVIDEX2
 70
0
  3
Divide (2x) ____  . .  ____  . .  ____  . .  ____
 72
65
 73
6
 40
6.604
 49
5.08
 74
0
 49
-0.508
 74
0
 49
0.0
 74
0
 49
-0.508
 74
0
 49
0.0
 74
0
 49
-0.508
 74
0
  0
LTYPE
  5
40
330
2
100
AcDbSymbolTableRecord
100
AcDbLinetypeTableRecord
  2
DIVIDE2
 70
0
  3
Divide(.5x) _ . _ . _ . _ . _ . _ . _ . _
 72
65
 73
6
 40
2.032
 49
1.27
 74
0
 49
-0.254
 74
0
 49
0.0
 74
0
 49
-0.254
 74
0
 49
0.0
 74
0
 49
-0.254
 74
0
  0
ENDTAB
  0
TABLE
  2
LAYER
  5
1
330
0
100
AcDbSymbolTable
 70
21
  0
LAYER
  5
27
330
1
100
AcDbSymbolTableRecord
100
AcDbLayerTableRecord
  2
0
 70
0
 62
7
  6
Continuous
370
-3
390
13
347
21
  0
LAYER
  5
28
330
1
100
AcDbSymbolTableRecord
100
AcDbLayerTableRecord
  2
Defpoints
 70
0
 62
7
  6
Continuous
290
0
370
-3
390
13
347
21
  0
LAYER
  5
8A
330
1
100
AcDbSymbolTableRecord
100
AcDbLayerTableRecord
  2
A-WALL
 70
0
 62
7
  6
Continuous
370
-3
390
13
347
21
  0
LAYER
  5
8B
330
1
100
AcDbSymbolTableRecord
100
AcDbLayerTableRecord
  2
A-WALL-PATT
 70
0
 62
9
  6
Continuous
370
-3
390
13
347
21
  0
LAYER
  5
8C
330
1
100
AcDbSymbolTableRecord
100
AcDbLayerTableRecord
  2
A-COLUMN
 70
0
 62
1
  6
Continuous
370
-3
390
13
347
21
  0
LAYER
  5
8D
330
1
100
AcDbSymbolTableRecord
100
AcDbLayerTableRecord
  2
A-DOOR
 70
0
 62
2
  6
Continuous
370
-3
390
13
347
21
  0
LAYER
  5
8E
330
1
100
AcDbSymbolTableRecord
100
AcDbLayerTableRecord
  2
A-WINDOW
 70
0
 62
4
  6
Continuous
370
-3
390
13
347
21
  0
LAYER
  5
8F
330
1
100
AcDbSymbolTableRecord
100
AcDbLayerTableRecord
  2
A-JALI
 70
0
 62
6
  6
Continuous
370
-3
390
13
347
21
  0
LAYER
  5
90
330
1
100
AcDbSymbolTableRecord
100
AcDbLayerTableRecord
  2
A-BAY
 70
0
 62
3
  6
Continuous
370
-3
390
13
347
21
  0
LAYER
  5
91
330
1
100
AcDbSymbolTableRecord
100
AcDbLayerTableRecord
  2
A-FURN
 70
0
 62
1
  6
Continuous
370
-3
390
13
347
21
  0
LAYER
  5
92
330
1
100
AcDbSymbolTableRecord
100
AcDbLayerTableRecord
  2
A-DIM
 70
0
 62
4
  6
Continuous
370
-3
390
13
347
21
  0
LAYER
  5
93
330
1
100
AcDbSymbolTableRecord
100
AcDbLayerTableRecord
  2
A-TEXT
 70
0
 62
7
  6
Continuous
370
-3
390
13
347
21
  0
LAYER
  5
94
330
1
100
AcDbSymbolTableRecord
100
AcDbLayerTableRecord
  2
A-TEXT-TTL
 70
0
 62
7
  6
Continuous
370
-3
390
13
347
21
  0
LAYER
  5
95
330
1
100
AcDbSymbolTableRecord
100
AcDbLayerTableRecord
  2
A-GRID
 70
0
 62
6
  6
Continuous
370
-3
390
13
347
21
  0
LAYER
  5
96
330
1
100
AcDbSymbolTableRecord
100
AcDbLayerTableRecord
  2
A-HATCH
 70
0
 62
8
  6
Continuous
370
-3
390
13
347
21
  0
LAYER
  5
97
330
1
100
AcDbSymbolTableRecord
100
AcDbLayerTableRecord
  2
A-SITE
 70
0
 62
2
  6
Continuous
370
-3
390
13
347
21
  0
LAYER
  5
98
330
1
100
AcDbSymbolTableRecord
100
AcDbLayerTableRecord
  2
A-ROOF
 70
0
 62
5
  6
Continuous
370
-3
390
13
347
21
  0
LAYER
  5
99
330
1
100
AcDbSymbolTableRecord
100
AcDbLayerTableRecord
  2
A-SECT-CUT
 70
0
 62
1
  6
Continuous
370
-3
390
13
347
21
  0
LAYER
  5
9A
330
1
100
AcDbSymbolTableRecord
100
AcDbLayerTableRecord
  2
A-TTLB
 70
0
 62
7
  6
Continuous
370
-3
390
13
347
21
  0
LAYER
  5
9B
330
1
100
AcDbSymbolTableRecord
100
AcDbLayerTableRecord
  2
A-LOCKER
 70
0
 62
3
  6
Continuous
370
-3
390
13
347
21
  0
LAYER
  5
9C
330
1
100
AcDbSymbolTableRecord
100
AcDbLayerTableRecord
  2
A-ACC
 70
0
 62
5
  6
Continuous
370
-3
390
13
347
21
  0
ENDTAB
  0
TABLE
  2
STYLE
  5
5
330
0
100
AcDbSymbolTable
 70
28
  0
STYLE
  5
29
330
5
100
AcDbSymbolTableRecord
100
AcDbTextStyleTableRecord
  2
Standard
 70
0
 40
0.0
 41
1.0
 50
0.0
 71
0
 42
2.5
  3
txt
  4

  0
STYLE
  5
41
330
5
100
AcDbSymbolTableRecord
100
AcDbTextStyleTableRecord
  2
OpenSans-Light
 70
0
 40
0.0
 41
1.0
 50
0.0
 71
0
 42
2.5
  3
OpenSans-Light.ttf
  4

  0
STYLE
  5
42
330
5
100
AcDbSymbolTableRecord
100
AcDbTextStyleTableRecord
  2
OpenSans-Light-Italic
 70
0
 40
0.0
 41
1.0
 50
0.0
 71
0
 42
2.5
  3
OpenSans-LightItalic.ttf
  4

  0
STYLE
  5
43
330
5
100
AcDbSymbolTableRecord
100
AcDbTextStyleTableRecord
  2
OpenSans
 70
0
 40
0.0
 41
1.0
 50
0.0
 71
0
 42
2.5
  3
OpenSans-Regular.ttf
  4

  0
STYLE
  5
44
330
5
100
AcDbSymbolTableRecord
100
AcDbTextStyleTableRecord
  2
OpenSans-Italic
 70
0
 40
0.0
 41
1.0
 50
0.0
 71
0
 42
2.5
  3
OpenSans-Italic.ttf
  4

  0
STYLE
  5
45
330
5
100
AcDbSymbolTableRecord
100
AcDbTextStyleTableRecord
  2
OpenSans-SemiBold
 70
0
 40
0.0
 41
1.0
 50
0.0
 71
0
 42
2.5
  3
OpenSans-SemiBold.ttf
  4

  0
STYLE
  5
46
330
5
100
AcDbSymbolTableRecord
100
AcDbTextStyleTableRecord
  2
OpenSans-SemiBoldItalic
 70
0
 40
0.0
 41
1.0
 50
0.0
 71
0
 42
2.5
  3
OpenSans-SemiBoldItalic.ttf
  4

  0
STYLE
  5
47
330
5
100
AcDbSymbolTableRecord
100
AcDbTextStyleTableRecord
  2
OpenSans-Bold
 70
0
 40
0.0
 41
1.0
 50
0.0
 71
0
 42
2.5
  3
OpenSans-Bold.ttf
  4

  0
STYLE
  5
48
330
5
100
AcDbSymbolTableRecord
100
AcDbTextStyleTableRecord
  2
OpenSans-BoldItalic
 70
0
 40
0.0
 41
1.0
 50
0.0
 71
0
 42
2.5
  3
OpenSans-BoldItalic.ttf
  4

  0
STYLE
  5
49
330
5
100
AcDbSymbolTableRecord
100
AcDbTextStyleTableRecord
  2
OpenSans-ExtraBold
 70
0
 40
0.0
 41
1.0
 50
0.0
 71
0
 42
2.5
  3
OpenSans-ExtraBold.ttf
  4

  0
STYLE
  5
4A
330
5
100
AcDbSymbolTableRecord
100
AcDbTextStyleTableRecord
  2
OpenSans-ExtraBoldItalic
 70
0
 40
0.0
 41
1.0
 50
0.0
 71
0
 42
2.5
  3
OpenSans-ExtraBoldItalic.ttf
  4

  0
STYLE
  5
4B
330
5
100
AcDbSymbolTableRecord
100
AcDbTextStyleTableRecord
  2
OpenSansCondensed-Bold
 70
0
 40
0.0
 41
1.0
 50
0.0
 71
0
 42
2.5
  3
OpenSansCondensed-Bold.ttf
  4

  0
STYLE
  5
4C
330
5
100
AcDbSymbolTableRecord
100
AcDbTextStyleTableRecord
  2
OpenSansCondensed-Light
 70
0
 40
0.0
 41
1.0
 50
0.0
 71
0
 42
2.5
  3
OpenSansCondensed-Light.ttf
  4

  0
STYLE
  5
4D
330
5
100
AcDbSymbolTableRecord
100
AcDbTextStyleTableRecord
  2
OpenSansCondensed-Italic
 70
0
 40
0.0
 41
1.0
 50
0.0
 71
0
 42
2.5
  3
OpenSansCondensed-LightItalic.ttf
  4

  0
STYLE
  5
4E
330
5
100
AcDbSymbolTableRecord
100
AcDbTextStyleTableRecord
  2
LiberationSans
 70
0
 40
0.0
 41
1.0
 50
0.0
 71
0
 42
2.5
  3
LiberationSans-Regular.ttf
  4

  0
STYLE
  5
4F
330
5
100
AcDbSymbolTableRecord
100
AcDbTextStyleTableRecord
  2
LiberationSans-Bold
 70
0
 40
0.0
 41
1.0
 50
0.0
 71
0
 42
2.5
  3
LiberationSans-Bold.ttf
  4

  0
STYLE
  5
50
330
5
100
AcDbSymbolTableRecord
100
AcDbTextStyleTableRecord
  2
LiberationSans-BoldItalic
 70
0
 40
0.0
 41
1.0
 50
0.0
 71
0
 42
2.5
  3
LiberationSans-BoldItalic.ttf
  4

  0
STYLE
  5
51
330
5
100
AcDbSymbolTableRecord
100
AcDbTextStyleTableRecord
  2
LiberationSans-Italic
 70
0
 40
0.0
 41
1.0
 50
0.0
 71
0
 42
2.5
  3
LiberationSans-Italic.ttf
  4

  0
STYLE
  5
52
330
5
100
AcDbSymbolTableRecord
100
AcDbTextStyleTableRecord
  2
LiberationSerif
 70
0
 40
0.0
 41
1.0
 50
0.0
 71
0
 42
2.5
  3
LiberationSerif-Regular.ttf
  4

  0
STYLE
  5
53
330
5
100
AcDbSymbolTableRecord
100
AcDbTextStyleTableRecord
  2
LiberationSerif-Bold
 70
0
 40
0.0
 41
1.0
 50
0.0
 71
0
 42
2.5
  3
LiberationSerif-Bold.ttf
  4

  0
STYLE
  5
54
330
5
100
AcDbSymbolTableRecord
100
AcDbTextStyleTableRecord
  2
LiberationSerif-BoldItalic
 70
0
 40
0.0
 41
1.0
 50
0.0
 71
0
 42
2.5
  3
LiberationSerif-BoldItalic.ttf
  4

  0
STYLE
  5
55
330
5
100
AcDbSymbolTableRecord
100
AcDbTextStyleTableRecord
  2
LiberationSerif-Italic
 70
0
 40
0.0
 41
1.0
 50
0.0
 71
0
 42
2.5
  3
LiberationSerif-Italic.ttf
  4

  0
STYLE
  5
56
330
5
100
AcDbSymbolTableRecord
100
AcDbTextStyleTableRecord
  2
LiberationMono
 70
0
 40
0.0
 41
1.0
 50
0.0
 71
0
 42
2.5
  3
LiberationMono-Regular.ttf
  4

  0
STYLE
  5
57
330
5
100
AcDbSymbolTableRecord
100
AcDbTextStyleTableRecord
  2
LiberationMono-Bold
 70
0
 40
0.0
 41
1.0
 50
0.0
 71
0
 42
2.5
  3
LiberationMono-Bold.ttf
  4

  0
STYLE
  5
58
330
5
100
AcDbSymbolTableRecord
100
AcDbTextStyleTableRecord
  2
LiberationMono-BoldItalic
 70
0
 40
0.0
 41
1.0
 50
0.0
 71
0
 42
2.5
  3
LiberationMono-BoldItalic.ttf
  4

  0
STYLE
  5
59
330
5
100
AcDbSymbolTableRecord
100
AcDbTextStyleTableRecord
  2
LiberationMono-Italic
 70
0
 40
0.0
 41
1.0
 50
0.0
 71
0
 42
2.5
  3
LiberationMono-Italic.ttf
  4

  0
STYLE
  5
9D
330
5
100
AcDbSymbolTableRecord
100
AcDbTextStyleTableRecord
  2
ARCH-STYLE
 70
0
 40
0.0
 41
1.0
 50
0.0
 71
0
 42
2.5
  3
ARCHITXT.TTF
  4

  0
STYLE
  5
9E
330
5
100
AcDbSymbolTableRecord
100
AcDbTextStyleTableRecord
  2
SIMPLEX
 70
0
 40
0.0
 41
1.0
 50
0.0
 71
0
 42
2.5
  3
simplex.shx
  4

  0
ENDTAB
  0
TABLE
  2
VIEW
  5
7
330
0
100
AcDbSymbolTable
 70
0
  0
ENDTAB
  0
TABLE
  2
UCS
  5
6
330
0
100
AcDbSymbolTable
 70
0
  0
ENDTAB
  0
TABLE
  2
APPID
  5
3
330
0
100
AcDbSymbolTable
 70
3
  0
APPID
  5
2A
330
3
100
AcDbSymbolTableRecord
100
AcDbRegAppTableRecord
  2
ACAD
 70
0
  0
APPID
  5
5AA
330
3
100
AcDbSymbolTableRecord
100
AcDbRegAppTableRecord
  2
HATCHBACKGROUNDCOLOR
 70
0
  0
APPID
  5
5AB
330
3
100
AcDbSymbolTableRecord
100
AcDbRegAppTableRecord
  2
EZDXF
 70
0
  0
ENDTAB
  0
TABLE
  2
DIMSTYLE
  5
4
330
0
100
AcDbSymbolTable
 70
12
100
AcDbDimStyleTable
  0
DIMSTYLE
105
2B
330
4
100
AcDbSymbolTableRecord
100
AcDbDimStyleTableRecord
  2
Standard
 70
0
 40
1.0
 41
2.5
 42
0.625
 43
3.75
 44
1.25
 45
0.0
 46
0.0
 47
0.0
 48
0.0
 49
2.5
140
2.5
141
2.5
142
0.0
143
0.03937007874
144
1.0
145
0.0
146
1.0
147
0.625
148
0.0
 69
0
 70
0
 71
0
 72
0
 73
0
 74
0
 75
0
 76
0
 77
1
 78
8
 79
3
170
0
171
3
172
1
173
0
174
0
175
0
176
0
177
0
178
0
179
2
271
2
272
2
273
2
274
3
275
0
276
0
277
2
278
44
279
0
280
0
281
0
282
0
283
0
284
8
285
0
286
0
288
0
289
3
290
0
371
-2
372
-2
  0
DIMSTYLE
105
73
330
4
100
AcDbSymbolTableRecord
100
AcDbDimStyleTableRecord
  2
EZDXF
 70
0
 40
1.0
 41
0.175
 42
0.125
 43
3.75
 44
0.375
 45
0.0
 46
0.0
 47
0.0
 48
0.0
 49
2.5
140
0.25
141
2.5
142
0.0
143
0.03937007874
144
100.0
145
0.0
146
0.5
147
0.1
148
0.0
 69
0
 70
0
 71
0
 72
0
 73
0
 74
0
 75
0
 76
0
 77
1
 78
12
 79
3
170
0
171
3
172
1
173
0
174
0
175
0
176
0
177
0
178
0
179
2
271
2
272
2
273
2
274
3
275
0
276
0
277
2
278
46
279
2
280
0
281
0
282
0
283
0
284
8
285
0
286
0
288
1
289
3
290
0
340
4C
342
74
371
-2
372
-2
  0
DIMSTYLE
105
7C
330
4
100
AcDbSymbolTableRecord
100
AcDbDimStyleTableRecord
  2
EZ_M_100_H25_CM
 70
0
 40
1.0
 41
0.25
 42
0.125
 43
3.75
 44
0.375
 45
0.0
 46
0.0
 47
0.0
 48
0.0
 49
2.5
140
0.25
141
2.5
142
0.125
143
0.03937007874
144
100.0
145
0.0
146
0.5
147
0.1
148
0.0
 69
0
 70
0
 71
0
 72
0
 73
0
 74
0
 75
0
 76
0
 77
1
 78
12
 79
3
170
0
171
3
172
1
173
0
174
0
175
0
176
0
177
0
178
0
179
2
271
2
272
2
273
2
274
3
275
0
276
0
277
2
278
46
279
2
280
0
281
0
282
0
283
0
284
8
285
0
286
0
288
1
289
3
290
0
340
4C
371
-2
372
-2
  0
DIMSTYLE
105
7D
330
4
100
AcDbSymbolTableRecord
100
AcDbDimStyleTableRecord
  2
EZ_M_50_H25_CM
 70
0
 40
1.0
 41
0.125
 42
0.0625
 43
3.75
 44
0.1875
 45
0.0
 46
0.0
 47
0.0
 48
0.0
 49
2.5
140
0.125
141
2.5
142
0.0625
143
0.03937007874
144
100.0
145
0.0
146
0.5
147
0.05
148
0.0
 69
0
 70
0
 71
0
 72
0
 73
0
 74
0
 75
0
 76
0
 77
1
 78
12
 79
3
170
0
171
3
172
1
173
0
174
0
175
0
176
0
177
0
178
0
179
2
271
2
272
2
273
2
274
3
275
0
276
0
277
2
278
46
279
2
280
0
281
0
282
0
283
0
284
8
285
0
286
0
288
1
289
3
290
0
340
4C
371
-2
372
-2
  0
DIMSTYLE
105
7E
330
4
100
AcDbSymbolTableRecord
100
AcDbDimStyleTableRecord
  2
EZ_M_25_H25_CM
 70
0
 40
1.0
 41
0.0625
 42
0.03125
 43
3.75
 44
0.09375
 45
0.0
 46
0.0
 47
0.0
 48
0.0
 49
2.5
140
0.0625
141
2.5
142
0.03125
143
0.03937007874
144
100.0
145
0.0
146
0.5
147
0.025
148
0.0
 69
0
 70
0
 71
0
 72
0
 73
0
 74
0
 75
0
 76
0
 77
1
 78
12
 79
3
170
0
171
3
172
1
173
0
174
0
175
0
176
0
177
0
178
0
179
2
271
2
272
2
273
2
274
3
275
0
276
0
277
2
278
46
279
2
280
0
281
0
282
0
283
0
284
8
285
0
286
0
288
1
289
3
290
0
340
4C
371
-2
372
-2
  0
DIMSTYLE
105
7F
330
4
100
AcDbSymbolTableRecord
100
AcDbDimStyleTableRecord
  2
EZ_M_20_H25_CM
 70
0
 40
1.0
 41
0.05
 42
0.025
 43
3.75
 44
0.07500000000000001
 45
0.0
 46
0.0
 47
0.0
 48
0.0
 49
2.5
140
0.05
141
2.5
142
0.025
143
0.03937007874
144
100.0
145
0.0
146
0.5
147
0.020000000000000004
148
0.0
 69
0
 70
0
 71
0
 72
0
 73
0
 74
0
 75
0
 76
0
 77
1
 78
12
 79
3
170
0
171
3
172
1
173
0
174
0
175
0
176
0
177
0
178
0
179
2
271
2
272
2
273
2
274
3
275
0
276
0
277
2
278
46
279
2
280
0
281
0
282
0
283
0
284
8
285
0
286
0
288
1
289
3
290
0
340
4C
371
-2
372
-2
  0
DIMSTYLE
105
80
330
4
100
AcDbSymbolTableRecord
100
AcDbDimStyleTableRecord
  2
EZ_M_10_H25_CM
 70
0
 40
1.0
 41
0.025
 42
0.0125
 43
3.75
 44
0.037500000000000006
 45
0.0
 46
0.0
 47
0.0
 48
0.0
 49
2.5
140
0.025
141
2.5
142
0.0125
143
0.03937007874
144
100.0
145
0.0
146
0.5
147
0.010000000000000002
148
0.0
 69
0
 70
0
 71
0
 72
0
 73
0
 74
0
 75
0
 76
0
 77
1
 78
12
 79
3
170
0
171
3
172
1
173
0
174
0
175
0
176
0
177
0
178
0
179
2
271
2
272
2
273
2
274
3
275
0
276
0
277
2
278
46
279
2
280
0
281
0
282
0
283
0
284
8
285
0
286
0
288
1
289
3
290
0
340
4C
371
-2
372
-2
  0
DIMSTYLE
105
81
330
4
100
AcDbSymbolTableRecord
100
AcDbDimStyleTableRecord
  2
EZ_M_5_H25_CM
 70
0
 40
1.0
 41
0.0125
 42
0.00625
 43
3.75
 44
0.018750000000000003
 45
0.0
 46
0.0
 47
0.0
 48
0.0
 49
2.5
140
0.0125
141
2.5
142
0.00625
143
0.03937007874
144
100.0
145
0.0
146
0.5
147
0.005000000000000001
148
0.0
 69
0
 70
0
 71
0
 72
0
 73
0
 74
0
 75
0
 76
0
 77
1
 78
12
 79
3
170
0
171
3
172
1
173
0
174
0
175
0
176
0
177
0
178
0
179
2
271
2
272
2
273
2
274
3
275
0
276
0
277
2
278
46
279
2
280
0
281
0
282
0
283
0
284
8
285
0
286
0
288
1
289
3
290
0
340
4C
371
-2
372
-2
  0
DIMSTYLE
105
82
330
4
100
AcDbSymbolTableRecord
100
AcDbDimStyleTableRecord
  2
EZ_M_1_H25_CM
 70
0
 40
1.0
 41
0.0025
 42
0.00125
 43
3.75
 44
0.00375
 45
0.0
 46
0.0
 47
0.0
 48
0.0
 49
2.5
140
0.0025
141
2.5
142
0.00125
143
0.03937007874
144
100.0
145
0.0
146
0.5
147
0.001
148
0.0
 69
0
 70
0
 71
0
 72
0
 73
0
 74
0
 75
0
 76
0
 77
1
 78
12
 79
3
170
0
171
3
172
1
173
0
174
0
175
0
176
0
177
0
178
0
179
2
271
2
272
2
273
2
274
3
275
0
276
0
277
2
278
46
279
2
280
0
281
0
282
0
283
0
284
8
285
0
286
0
288
1
289
3
290
0
340
4C
371
-2
372
-2
  0
DIMSTYLE
105
83
330
4
100
AcDbSymbolTableRecord
100
AcDbDimStyleTableRecord
  2
EZ_RADIUS
 70
0
 40
1.0
 41
0.25
 42
0.125
 43
3.75
 44
0.375
 45
0.0
 46
0.0
 47
0.0
 48
0.0
 49
2.5
140
0.25
141
0.0
142
0.0
143
0.03937007874
144
100.0
145
0.0
146
0.5
147
0.1
148
0.0
 69
0
 70
0
 71
0
 72
0
 73
0
 74
0
 75
0
 76
0
 77
1
 78
12
 79
3
170
0
171
3
172
0
173
0
174
0
175
0
176
0
177
0
178
0
179
2
271
2
272
2
273
2
274
3
275
0
276
0
277
2
278
46
279
1
280
0
281
0
282
0
283
0
284
8
285
0
286
0
288
1
289
3
290
0
340
4C
342
84
371
-2
372
-2
  0
DIMSTYLE
105
88
330
4
100
AcDbSymbolTableRecord
100
AcDbDimStyleTableRecord
  2
EZ_RADIUS_INSIDE
 70
0
 40
1.0
 41
0.25
 42
0.125
 43
3.75
 44
0.375
 45
0.0
 46
0.0
 47
0.0
 48
0.0
 49
2.5
140
0.25
141
0.0
142
0.0
143
0.03937007874
144
100.0
145
0.0
146
0.5
147
0.1
148
0.0
 69
0
 70
0
 71
0
 72
0
 73
0
 74
0
 75
0
 76
0
 77
0
 78
12
 79
3
170
0
171
3
172
0
173
0
174
1
175
0
176
0
177
0
178
0
179
2
271
2
272
2
273
2
274
3
275
0
276
0
277
2
278
46
279
0
280
0
281
0
282
0
283
0
284
8
285
0
286
0
288
1
289
0
290
0
340
4C
342
84
371
-2
372
-2
  0
DIMSTYLE
105
89
330
4
100
AcDbSymbolTableRecord
100
AcDbDimStyleTableRecord
  2
EZ_CURVED
 70
0
 40
1.0
 41
0.25
 42
0.125
 43
3.75
 44
0.375
 45
0.0
 46
0.0
 47
0.0
 48
0.0
 49
2.5
140
0.25
141
2.5
142
0.0
143
0.03937007874
144
100.0
145
0.0
146
0.5
147
0.1
148
0.0
 69
0
 70
0
 71
0
 72
0
 73
0
 74
0
 75
0
 76
0
 77
1
 78
12
 79
2
 90
2
170
0
171
3
172
1
173
0
174
0
175
0
176
0
177
0
178
0
179
2
271
2
272
2
273
2
274
3
275
0
276
0
277
2
278
46
279
2
280
0
281
0
282
0
283
0
284
8
285
0
286
0
288
1
289
3
290
0
340
4C
371
-2
372
-2
  0
ENDTAB
  0
TABLE
  2
BLOCK_RECORD
  5
9
330
0
100
AcDbSymbolTable
 70
5
  0
BLOCK_RECORD
  5
17
330
9
100
AcDbSymbolTableRecord
100
AcDbBlockTableRecord
  2
*Model_Space
340
1A
 70
0
280
1
281
0
  0
BLOCK_RECORD
  5
1B
330
9
100
AcDbSymbolTableRecord
100
AcDbBlockTableRecord
  2
*Paper_Space
340
1E
 70
0
280
1
281
0
  0
BLOCK_RECORD
  5
74
330
9
100
AcDbSymbolTableRecord
100
AcDbBlockTableRecord
  2
_ARCHTICK
340
0
 70
0
280
1
281
0
  0
BLOCK_RECORD
  5
78
330
9
100
AcDbSymbolTableRecord
100
AcDbBlockTableRecord
  2
_CLOSEDFILLED
340
0
 70
0
280
1
281
0
  0
BLOCK_RECORD
  5
84
330
9
100
AcDbSymbolTableRecord
100
AcDbBlockTableRecord
  2
_CLOSEDBLANK
340
0
 70
0
280
1
281
0
  0
ENDTAB
  0
ENDSEC
  0
SECTION
  2
BLOCKS
  0
BLOCK
  5
18
330
17
100
AcDbEntity
  8
0
100
AcDbBlockBegin
  2
*Model_Space
 70
0
 10
0.0
 20
0.0
 30
0.0
  3
*Model_Space
  1

  0
ENDBLK
  5
19
330
17
100
AcDbEntity
  8
0
100
AcDbBlockEnd
  0
BLOCK
  5
1C
330
1B
100
AcDbEntity
  8
0
100
AcDbBlockBegin
  2
*Paper_Space
 70
0
 10
0.0
 20
0.0
 30
0.0
  3
*Paper_Space
  1

  0
ENDBLK
  5
1D
330
1B
100
AcDbEntity
  8
0
100
AcDbBlockEnd
  0
BLOCK
  5
75
330
74
100
AcDbEntity
  8
0
100
AcDbBlockBegin
  2
_ARCHTICK
 70
0
 10
0.0
 20
0.0
 30
0.0
  3
_ARCHTICK
  1

  0
LWPOLYLINE
  5
77
330
74
100
AcDbEntity
  8
0
  6
BYBLOCK
 62
0
100
AcDbPolyline
 90
2
 70
0
 43
0.15
 10
-0.5
 20
-0.5
 10
0.5
 20
0.5
  0
ENDBLK
  5
76
330
74
100
AcDbEntity
  8
0
100
AcDbBlockEnd
  0
BLOCK
  5
79
330
78
100
AcDbEntity
  8
0
100
AcDbBlockBegin
  2
_CLOSEDFILLED
 70
0
 10
0.0
 20
0.0
 30
0.0
  3
_CLOSEDFILLED
  1

  0
SOLID
  5
7B
330
78
100
AcDbEntity
  8
0
  6
BYBLOCK
 62
0
100
AcDbTrace
 10
-1.0
 20
0.16439898372402537
 30
0.0
 11
0.0
 21
0.0
 31
0.0
 12
-1.0
 22
-0.16439898372402537
 32
0.0
 13
-1.0
 23
-0.16439898372402537
 33
0.0
  0
ENDBLK
  5
7A
330
78
100
AcDbEntity
  8
0
100
AcDbBlockEnd
  0
BLOCK
  5
85
330
84
100
AcDbEntity
  8
0
100
AcDbBlockBegin
  2
_CLOSEDBLANK
 70
0
 10
0.0
 20
0.0
 30
0.0
  3
_CLOSEDBLANK
  1

  0
LWPOLYLINE
  5
87
330
84
100
AcDbEntity
  8
0
  6
BYBLOCK
 62
0
100
AcDbPolyline
 90
3
 70
1
 10
-1.0
 20
0.16439898372402537
 10
0.0
 20
0.0
 10
-1.0
 20
-0.16439898372402537
  0
ENDBLK
  5
86
330
84
100
AcDbEntity
  8
0
100
AcDbBlockEnd
  0
ENDSEC
  0
SECTION
  2
ENTITIES
  0
TEXT
  5
9F
330
17
100
AcDbEntity
  8
A-TEXT-TTL
100
AcDbText
 10
-66.0
 20
804.0
 30
0.0
 40
15.0
  1
SOUTH - PUBLIC ENTRY
 50
270.0
  7
SIMPLEX
 72
1
 11
-66.0
 21
804.0
 31
0.0
100
AcDbText
 73
2
  0
TEXT
  5
A0
330
17
100
AcDbEntity
  8
A-TEXT-TTL
100
AcDbText
 10
1056.0
 20
804.0
 30
0.0
 40
12.0
  1
NORTH
 50
270.0
  7
SIMPLEX
 72
1
 11
1056.0
 21
804.0
 31
0.0
100
AcDbText
 73
2
  0
TEXT
  5
A1
330
17
100
AcDbEntity
  8
A-TEXT-TTL
100
AcDbText
 10
510.0
 20
1182.0
 30
0.0
 40
12.0
  1
WEST
  7
SIMPLEX
 72
1
 11
510.0
 21
1182.0
 31
0.0
100
AcDbText
 73
2
  0
TEXT
  5
A2
330
17
100
AcDbEntity
  8
A-TEXT-TTL
100
AcDbText
 10
510.0
 20
426.0
 30
0.0
 40
15.0
  1
EAST - VIP PORTICO
  7
SIMPLEX
 72
1
 11
510.0
 21
426.0
 31
0.0
100
AcDbText
 73
2
  0
LINE
  5
A3
330
17
100
AcDbEntity
  8
A-WALL
370
60
100
AcDbLine
 10
-18.0
 20
1134.0
 30
0.0
 11
-18.0
 21
774.0
 31
0.0
  0
LINE
  5
A4
330
17
100
AcDbEntity
  8
A-WALL
370
60
100
AcDbLine
 10
-18.0
 20
774.0
 30
0.0
 11
180.0
 21
774.0
 31
0.0
  0
LINE
  5
A5
330
17
100
AcDbEntity
  8
A-WALL
370
60
100
AcDbLine
 10
180.0
 20
774.0
 30
0.0
 11
180.0
 21
474.0
 31
0.0
  0
LINE
  5
A6
330
17
100
AcDbEntity
  8
A-WALL
370
60
100
AcDbLine
 10
180.0
 20
474.0
 30
0.0
 11
1038.0
 21
474.00000000000006
 31
0.0
  0
LINE
  5
A7
330
17
100
AcDbEntity
  8
A-WALL
370
60
100
AcDbLine
 10
1038.0
 20
474.00000000000006
 30
0.0
 11
1038.0
 21
1134.0
 31
0.0
  0
LINE
  5
A8
330
17
100
AcDbEntity
  8
A-WALL
370
60
100
AcDbLine
 10
1038.0
 20
1134.0
 30
0.0
 11
-18.0
 21
1134.0
 31
0.0
  0
LINE
  5
A9
330
17
100
AcDbEntity
  8
A-WALL
370
35
100
AcDbLine
 10
-6.0
 20
1122.0
 30
0.0
 11
-6.0
 21
786.0
 31
0.0
  0
LINE
  5
AA
330
17
100
AcDbEntity
  8
A-WALL
370
35
100
AcDbLine
 10
-6.0
 20
786.0
 30
0.0
 11
168.0
 21
786.0
 31
0.0
  0
LINE
  5
AB
330
17
100
AcDbEntity
  8
A-WALL
370
35
100
AcDbLine
 10
168.0
 20
786.0
 30
0.0
 11
168.0
 21
486.0
 31
0.0
  0
LINE
  5
AC
330
17
100
AcDbEntity
  8
A-WALL
370
35
100
AcDbLine
 10
168.0
 20
486.0
 30
0.0
 11
1026.0
 21
486.00000000000006
 31
0.0
  0
LINE
  5
AD
330
17
100
AcDbEntity
  8
A-WALL
370
35
100
AcDbLine
 10
1026.0
 20
486.00000000000006
 30
0.0
 11
1026.0
 21
1122.0
 31
0.0
  0
LINE
  5
AE
330
17
100
AcDbEntity
  8
A-WALL
370
35
100
AcDbLine
 10
1026.0
 20
1122.0
 30
0.0
 11
-6.0
 21
1122.0
 31
0.0
  0
HATCH
  5
AF
330
17
100
AcDbEntity
  8
A-HATCH
 62
7
100
AcDbHatch
 10
0.0
 20
0.0
 30
0.0
210
0.0
220
0.0
230
1.0
  2
ANSI31
 70
0
 71
0
 91
1
 92
3
 72
0
 73
1
 93
4
 10
-18.0
 20
1134.0
 10
-18.0
 20
774.0
 10
-6.0
 20
786.0
 10
-6.0
 20
1122.0
 97
0
 75
1
 76
1
 52
0.0
 41
0.8
 77
0
 78
1
 53
45.0
 43
0.0
 44
0.0
 45
-0.0707106781
 46
0.0707106781
 79
0
 98
0
  0
HATCH
  5
B0
330
17
100
AcDbEntity
  8
A-HATCH
 62
7
100
AcDbHatch
 10
0.0
 20
0.0
 30
0.0
210
0.0
220
0.0
230
1.0
  2
ANSI31
 70
0
 71
0
 91
1
 92
3
 72
0
 73
1
 93
4
 10
-18.0
 20
774.0
 10
180.0
 20
774.0
 10
168.0
 20
786.0
 10
-6.0
 20
786.0
 97
0
 75
1
 76
1
 52
0.0
 41
0.8
 77
0
 78
1
 53
45.0
 43
0.0
 44
0.0
 45
-0.0707106781
 46
0.0707106781
 79
0
 98
0
  0
HATCH
  5
B1
330
17
100
AcDbEntity
  8
A-HATCH
 62
7
100
AcDbHatch
 10
0.0
 20
0.0
 30
0.0
210
0.0
220
0.0
230
1.0
  2
ANSI31
 70
0
 71
0
 91
1
 92
3
 72
0
 73
1
 93
4
 10
180.0
 20
774.0
 10
180.0
 20
474.0
 10
168.0
 20
486.0
 10
168.0
 20
786.0
 97
0
 75
1
 76
1
 52
0.0
 41
0.8
 77
0
 78
1
 53
45.0
 43
0.0
 44
0.0
 45
-0.0707106781
 46
0.0707106781
 79
0
 98
0
  0
HATCH
  5
B2
330
17
100
AcDbEntity
  8
A-HATCH
 62
7
100
AcDbHatch
 10
0.0
 20
0.0
 30
0.0
210
0.0
220
0.0
230
1.0
  2
ANSI31
 70
0
 71
0
 91
1
 92
3
 72
0
 73
1
 93
4
 10
180.0
 20
474.0
 10
1038.0
 20
474.00000000000006
 10
1026.0
 20
486.00000000000006
 10
168.0
 20
486.0
 97
0
 75
1
 76
1
 52
0.0
 41
0.8
 77
0
 78
1
 53
45.0
 43
0.0
 44
0.0
 45
-0.0707106781
 46
0.0707106781
 79
0
 98
0
  0
HATCH
  5
B3
330
17
100
AcDbEntity
  8
A-HATCH
 62
7
100
AcDbHatch
 10
0.0
 20
0.0
 30
0.0
210
0.0
220
0.0
230
1.0
  2
ANSI31
 70
0
 71
0
 91
1
 92
3
 72
0
 73
1
 93
4
 10
1038.0
 20
474.00000000000006
 10
1038.0
 20
1134.0
 10
1026.0
 20
1122.0
 10
1026.0
 20
486.00000000000006
 97
0
 75
1
 76
1
 52
0.0
 41
0.8
 77
0
 78
1
 53
45.0
 43
0.0
 44
0.0
 45
-0.0707106781
 46
0.0707106781
 79
0
 98
0
  0
HATCH
  5
B4
330
17
100
AcDbEntity
  8
A-HATCH
 62
7
100
AcDbHatch
 10
0.0
 20
0.0
 30
0.0
210
0.0
220
0.0
230
1.0
  2
ANSI31
 70
0
 71
0
 91
1
 92
3
 72
0
 73
1
 93
4
 10
1038.0
 20
1134.0
 10
-18.0
 20
1134.0
 10
-6.0
 20
1122.0
 10
1026.0
 20
1122.0
 97
0
 75
1
 76
1
 52
0.0
 41
0.8
 77
0
 78
1
 53
45.0
 43
0.0
 44
0.0
 45
-0.0707106781
 46
0.0707106781
 79
0
 98
0
  0
LINE
  5
B5
330
17
100
AcDbEntity
  8
A-GRID
370
13
100
AcDbLine
 10
-18.0
 20
1134.0
 30
0.0
 11
1038.0
 21
1134.0
 31
0.0
  0
TEXT
  5
B6
330
17
100
AcDbEntity
  8
A-GRID
100
AcDbText
 10
1056.0
 20
1134.0
 30
0.0
 40
9.0
  1
C-0'
 50
270.0
  7
SIMPLEX
 72
1
 11
1056.0
 21
1134.0
 31
0.0
100
AcDbText
 73
2
  0
LINE
  5
B7
330
17
100
AcDbEntity
  8
A-GRID
370
13
100
AcDbLine
 10
-18.0
 20
954.0
 30
0.0
 11
1038.0
 21
954.0
 31
0.0
  0
TEXT
  5
B8
330
17
100
AcDbEntity
  8
A-GRID
100
AcDbText
 10
1056.0
 20
954.0
 30
0.0
 40
9.0
  1
C-15'
 50
270.0
  7
SIMPLEX
 72
1
 11
1056.0
 21
954.0
 31
0.0
100
AcDbText
 73
2
  0
LINE
  5
B9
330
17
100
AcDbEntity
  8
A-GRID
370
13
100
AcDbLine
 10
-18.0
 20
774.0
 30
0.0
 11
1038.0
 21
774.0
 31
0.0
  0
TEXT
  5
BA
330
17
100
AcDbEntity
  8
A-GRID
100
AcDbText
 10
1056.0
 20
774.0
 30
0.0
 40
9.0
  1
C-30'
 50
270.0
  7
SIMPLEX
 72
1
 11
1056.0
 21
774.0
 31
0.0
100
AcDbText
 73
2
  0
LINE
  5
BB
330
17
100
AcDbEntity
  8
A-GRID
370
13
100
AcDbLine
 10
180.0
 20
594.0
 30
0.0
 11
1038.0
 21
594.0
 31
0.0
  0
TEXT
  5
BC
330
17
100
AcDbEntity
  8
A-GRID
100
AcDbText
 10
1056.0
 20
594.0
 30
0.0
 40
9.0
  1
C-45'
 50
270.0
  7
SIMPLEX
 72
1
 11
1056.0
 21
594.0
 31
0.0
100
AcDbText
 73
2
  0
LINE
  5
BD
330
17
100
AcDbEntity
  8
A-GRID
370
13
100
AcDbLine
 10
180.0
 20
474.0
 30
0.0
 11
1038.0
 21
474.00000000000006
 31
0.0
  0
TEXT
  5
BE
330
17
100
AcDbEntity
  8
A-GRID
100
AcDbText
 10
1056.0
 20
474.00000000000006
 30
0.0
 40
9.0
  1
C-55'
 50
270.0
  7
SIMPLEX
 72
1
 11
1056.0
 21
474.00000000000006
 31
0.0
100
AcDbText
 73
2
  0
LINE
  5
BF
330
17
100
AcDbEntity
  8
A-GRID
370
13
100
AcDbLine
 10
-18.0
 20
1134.0
 30
0.0
 11
-18.0
 21
473.99999999999994
 31
0.0
  0
TEXT
  5
C0
330
17
100
AcDbEntity
  8
A-GRID
100
AcDbText
 10
-18.0
 20
1152.0
 30
0.0
 40
9.0
  1
R-5'
  7
SIMPLEX
 72
1
 11
-18.0
 21
1152.0
 31
0.0
100
AcDbText
 73
2
  0
LINE
  5
C1
330
17
100
AcDbEntity
  8
A-GRID
370
13
100
AcDbLine
 10
60.0
 20
1134.0
 30
0.0
 11
60.0
 21
774.0
 31
0.0
  0
TEXT
  5
C2
330
17
100
AcDbEntity
  8
A-GRID
100
AcDbText
 10
60.0
 20
1152.0
 30
0.0
 40
9.0
  1
R-11.5'
  7
SIMPLEX
 72
1
 11
60.0
 21
1152.0
 31
0.0
100
AcDbText
 73
2
  0
LINE
  5
C3
330
17
100
AcDbEntity
  8
A-GRID
370
13
100
AcDbLine
 10
282.0
 20
1134.0
 30
0.0
 11
282.0
 21
474.0
 31
0.0
  0
TEXT
  5
C4
330
17
100
AcDbEntity
  8
A-GRID
100
AcDbText
 10
282.0
 20
1152.0
 30
0.0
 40
9.0
  1
R-30'
  7
SIMPLEX
 72
1
 11
282.0
 21
1152.0
 31
0.0
100
AcDbText
 73
2
  0
LINE
  5
C5
330
17
100
AcDbEntity
  8
A-GRID
370
13
100
AcDbLine
 10
522.0
 20
1134.0
 30
0.0
 11
522.0
 21
474.0
 31
0.0
  0
TEXT
  5
C6
330
17
100
AcDbEntity
  8
A-GRID
100
AcDbText
 10
522.0
 20
1152.0
 30
0.0
 40
9.0
  1
R-50'
  7
SIMPLEX
 72
1
 11
522.0
 21
1152.0
 31
0.0
100
AcDbText
 73
2
  0
LINE
  5
C7
330
17
100
AcDbEntity
  8
A-GRID
370
13
100
AcDbLine
 10
762.0
 20
1134.0
 30
0.0
 11
762.0
 21
474.0
 31
0.0
  0
TEXT
  5
C8
330
17
100
AcDbEntity
  8
A-GRID
100
AcDbText
 10
762.0
 20
1152.0
 30
0.0
 40
9.0
  1
R-70'
  7
SIMPLEX
 72
1
 11
762.0
 21
1152.0
 31
0.0
100
AcDbText
 73
2
  0
LINE
  5
C9
330
17
100
AcDbEntity
  8
A-GRID
370
13
100
AcDbLine
 10
1038.0
 20
1134.0
 30
0.0
 11
1038.0
 21
474.00000000000006
 31
0.0
  0
TEXT
  5
CA
330
17
100
AcDbEntity
  8
A-GRID
100
AcDbText
 10
1038.0
 20
1152.0
 30
0.0
 40
9.0
  1
R-93'
  7
SIMPLEX
 72
1
 11
1038.0
 21
1152.0
 31
0.0
100
AcDbText
 73
2
  0
HATCH
  5
CB
330
17
100
AcDbEntity
  8
A-COLUMN
 62
7
100
AcDbHatch
 10
0.0
 20
0.0
 30
0.0
210
0.0
220
0.0
230
1.0
  2
SOLID
 70
0
 71
0
 91
1
 92
3
 72
0
 73
1
 93
4
 10
-24.0
 20
1140.0
 10
-24.0
 20
1128.0
 10
-12.0
 20
1128.0
 10
-12.0
 20
1140.0
 97
0
 75
1
 76
1
 52
0.0
 41
1.0
 77
0
 78
1
 53
45.0
 43
0.0
 44
0.0
 45
-0.0034798562
 46
0.0034798562
 79
0
 98
0
  0
LINE
  5
CC
330
17
100
AcDbEntity
  8
A-COLUMN
370
30
100
AcDbLine
 10
-24.0
 20
1140.0
 30
0.0
 11
-24.0
 21
1128.0
 31
0.0
  0
LINE
  5
CD
330
17
100
AcDbEntity
  8
A-COLUMN
370
30
100
AcDbLine
 10
-24.0
 20
1128.0
 30
0.0
 11
-12.0
 21
1128.0
 31
0.0
  0
LINE
  5
CE
330
17
100
AcDbEntity
  8
A-COLUMN
370
30
100
AcDbLine
 10
-12.0
 20
1128.0
 30
0.0
 11
-12.0
 21
1140.0
 31
0.0
  0
LINE
  5
CF
330
17
100
AcDbEntity
  8
A-COLUMN
370
30
100
AcDbLine
 10
-12.0
 20
1140.0
 30
0.0
 11
-24.0
 21
1140.0
 31
0.0
  0
HATCH
  5
D0
330
17
100
AcDbEntity
  8
A-COLUMN
 62
7
100
AcDbHatch
 10
0.0
 20
0.0
 30
0.0
210
0.0
220
0.0
230
1.0
  2
SOLID
 70
0
 71
0
 91
1
 92
3
 72
0
 73
1
 93
4
 10
54.0
 20
1140.0
 10
54.0
 20
1128.0
 10
66.0
 20
1128.0
 10
66.0
 20
1140.0
 97
0
 75
1
 76
1
 52
0.0
 41
1.0
 77
0
 78
1
 53
45.0
 43
0.0
 44
0.0
 45
-0.0034798562
 46
0.0034798562
 79
0
 98
0
  0
LINE
  5
D1
330
17
100
AcDbEntity
  8
A-COLUMN
370
30
100
AcDbLine
 10
54.0
 20
1140.0
 30
0.0
 11
54.0
 21
1128.0
 31
0.0
  0
LINE
  5
D2
330
17
100
AcDbEntity
  8
A-COLUMN
370
30
100
AcDbLine
 10
54.0
 20
1128.0
 30
0.0
 11
66.0
 21
1128.0
 31
0.0
  0
LINE
  5
D3
330
17
100
AcDbEntity
  8
A-COLUMN
370
30
100
AcDbLine
 10
66.0
 20
1128.0
 30
0.0
 11
66.0
 21
1140.0
 31
0.0
  0
LINE
  5
D4
330
17
100
AcDbEntity
  8
A-COLUMN
370
30
100
AcDbLine
 10
66.0
 20
1140.0
 30
0.0
 11
54.0
 21
1140.0
 31
0.0
  0
HATCH
  5
D5
330
17
100
AcDbEntity
  8
A-COLUMN
 62
7
100
AcDbHatch
 10
0.0
 20
0.0
 30
0.0
210
0.0
220
0.0
230
1.0
  2
SOLID
 70
0
 71
0
 91
1
 92
3
 72
0
 73
1
 93
4
 10
276.0
 20
1140.0
 10
276.0
 20
1128.0
 10
288.0
 20
1128.0
 10
288.0
 20
1140.0
 97
0
 75
1
 76
1
 52
0.0
 41
1.0
 77
0
 78
1
 53
45.0
 43
0.0
 44
0.0
 45
-0.0034798562
 46
0.0034798562
 79
0
 98
0
  0
LINE
  5
D6
330
17
100
AcDbEntity
  8
A-COLUMN
370
30
100
AcDbLine
 10
276.0
 20
1140.0
 30
0.0
 11
276.0
 21
1128.0
 31
0.0
  0
LINE
  5
D7
330
17
100
AcDbEntity
  8
A-COLUMN
370
30
100
AcDbLine
 10
276.0
 20
1128.0
 30
0.0
 11
288.0
 21
1128.0
 31
0.0
  0
LINE
  5
D8
330
17
100
AcDbEntity
  8
A-COLUMN
370
30
100
AcDbLine
 10
288.0
 20
1128.0
 30
0.0
 11
288.0
 21
1140.0
 31
0.0
  0
LINE
  5
D9
330
17
100
AcDbEntity
  8
A-COLUMN
370
30
100
AcDbLine
 10
288.0
 20
1140.0
 30
0.0
 11
276.0
 21
1140.0
 31
0.0
  0
HATCH
  5
DA
330
17
100
AcDbEntity
  8
A-COLUMN
 62
7
100
AcDbHatch
 10
0.0
 20
0.0
 30
0.0
210
0.0
220
0.0
230
1.0
  2
SOLID
 70
0
 71
0
 91
1
 92
3
 72
0
 73
1
 93
4
 10
516.0
 20
1140.0
 10
516.0
 20
1128.0
 10
528.0
 20
1128.0
 10
528.0
 20
1140.0
 97
0
 75
1
 76
1
 52
0.0
 41
1.0
 77
0
 78
1
 53
45.0
 43
0.0
 44
0.0
 45
-0.0034798562
 46
0.0034798562
 79
0
 98
0
  0
LINE
  5
DB
330
17
100
AcDbEntity
  8
A-COLUMN
370
30
100
AcDbLine
 10
516.0
 20
1140.0
 30
0.0
 11
516.0
 21
1128.0
 31
0.0
  0
LINE
  5
DC
330
17
100
AcDbEntity
  8
A-COLUMN
370
30
100
AcDbLine
 10
516.0
 20
1128.0
 30
0.0
 11
528.0
 21
1128.0
 31
0.0
  0
LINE
  5
DD
330
17
100
AcDbEntity
  8
A-COLUMN
370
30
100
AcDbLine
 10
528.0
 20
1128.0
 30
0.0
 11
528.0
 21
1140.0
 31
0.0
  0
LINE
  5
DE
330
17
100
AcDbEntity
  8
A-COLUMN
370
30
100
AcDbLine
 10
528.0
 20
1140.0
 30
0.0
 11
516.0
 21
1140.0
 31
0.0
  0
HATCH
  5
DF
330
17
100
AcDbEntity
  8
A-COLUMN
 62
7
100
AcDbHatch
 10
0.0
 20
0.0
 30
0.0
210
0.0
220
0.0
230
1.0
  2
SOLID
 70
0
 71
0
 91
1
 92
3
 72
0
 73
1
 93
4
 10
756.0
 20
1140.0
 10
756.0
 20
1128.0
 10
768.0
 20
1128.0
 10
768.0
 20
1140.0
 97
0
 75
1
 76
1
 52
0.0
 41
1.0
 77
0
 78
1
 53
45.0
 43
0.0
 44
0.0
 45
-0.0034798562
 46
0.0034798562
 79
0
 98
0
  0
LINE
  5
E0
330
17
100
AcDbEntity
  8
A-COLUMN
370
30
100
AcDbLine
 10
756.0
 20
1140.0
 30
0.0
 11
756.0
 21
1128.0
 31
0.0
  0
LINE
  5
E1
330
17
100
AcDbEntity
  8
A-COLUMN
370
30
100
AcDbLine
 10
756.0
 20
1128.0
 30
0.0
 11
768.0
 21
1128.0
 31
0.0
  0
LINE
  5
E2
330
17
100
AcDbEntity
  8
A-COLUMN
370
30
100
AcDbLine
 10
768.0
 20
1128.0
 30
0.0
 11
768.0
 21
1140.0
 31
0.0
  0
LINE
  5
E3
330
17
100
AcDbEntity
  8
A-COLUMN
370
30
100
AcDbLine
 10
768.0
 20
1140.0
 30
0.0
 11
756.0
 21
1140.0
 31
0.0
  0
HATCH
  5
E4
330
17
100
AcDbEntity
  8
A-COLUMN
 62
7
100
AcDbHatch
 10
0.0
 20
0.0
 30
0.0
210
0.0
220
0.0
230
1.0
  2
SOLID
 70
0
 71
0
 91
1
 92
3
 72
0
 73
1
 93
4
 10
1032.0
 20
1140.0
 10
1032.0
 20
1128.0
 10
1044.0
 20
1128.0
 10
1044.0
 20
1140.0
 97
0
 75
1
 76
1
 52
0.0
 41
1.0
 77
0
 78
1
 53
45.0
 43
0.0
 44
0.0
 45
-0.0034798562
 46
0.0034798562
 79
0
 98
0
  0
LINE
  5
E5
330
17
100
AcDbEntity
  8
A-COLUMN
370
30
100
AcDbLine
 10
1032.0
 20
1140.0
 30
0.0
 11
1032.0
 21
1128.0
 31
0.0
  0
LINE
  5
E6
330
17
100
AcDbEntity
  8
A-COLUMN
370
30
100
AcDbLine
 10
1032.0
 20
1128.0
 30
0.0
 11
1044.0
 21
1128.0
 31
0.0
  0
LINE
  5
E7
330
17
100
AcDbEntity
  8
A-COLUMN
370
30
100
AcDbLine
 10
1044.0
 20
1128.0
 30
0.0
 11
1044.0
 21
1140.0
 31
0.0
  0
LINE
  5
E8
330
17
100
AcDbEntity
  8
A-COLUMN
370
30
100
AcDbLine
 10
1044.0
 20
1140.0
 30
0.0
 11
1032.0
 21
1140.0
 31
0.0
  0
HATCH
  5
E9
330
17
100
AcDbEntity
  8
A-COLUMN
 62
7
100
AcDbHatch
 10
0.0
 20
0.0
 30
0.0
210
0.0
220
0.0
230
1.0
  2
SOLID
 70
0
 71
0
 91
1
 92
3
 72
0
 73
1
 93
4
 10
-24.0
 20
960.0
 10
-24.0
 20
948.0
 10
-12.0
 20
948.0
 10
-12.0
 20
960.0
 97
0
 75
1
 76
1
 52
0.0
 41
1.0
 77
0
 78
1
 53
45.0
 43
0.0
 44
0.0
 45
-0.0034798562
 46
0.0034798562
 79
0
 98
0
  0
LINE
  5
EA
330
17
100
AcDbEntity
  8
A-COLUMN
370
30
100
AcDbLine
 10
-24.0
 20
960.0
 30
0.0
 11
-24.0
 21
948.0
 31
0.0
  0
LINE
  5
EB
330
17
100
AcDbEntity
  8
A-COLUMN
370
30
100
AcDbLine
 10
-24.0
 20
948.0
 30
0.0
 11
-12.0
 21
948.0
 31
0.0
  0
LINE
  5
EC
330
17
100
AcDbEntity
  8
A-COLUMN
370
30
100
AcDbLine
 10
-12.0
 20
948.0
 30
0.0
 11
-12.0
 21
960.0
 31
0.0
  0
LINE
  5
ED
330
17
100
AcDbEntity
  8
A-COLUMN
370
30
100
AcDbLine
 10
-12.0
 20
960.0
 30
0.0
 11
-24.0
 21
960.0
 31
0.0
  0
HATCH
  5
EE
330
17
100
AcDbEntity
  8
A-COLUMN
 62
7
100
AcDbHatch
 10
0.0
 20
0.0
 30
0.0
210
0.0
220
0.0
230
1.0
  2
SOLID
 70
0
 71
0
 91
1
 92
3
 72
0
 73
1
 93
4
 10
54.0
 20
960.0
 10
54.0
 20
948.0
 10
66.0
 20
948.0
 10
66.0
 20
960.0
 97
0
 75
1
 76
1
 52
0.0
 41
1.0
 77
0
 78
1
 53
45.0
 43
0.0
 44
0.0
 45
-0.0034798562
 46
0.0034798562
 79
0
 98
0
  0
LINE
  5
EF
330
17
100
AcDbEntity
  8
A-COLUMN
370
30
100
AcDbLine
 10
54.0
 20
960.0
 30
0.0
 11
54.0
 21
948.0
 31
0.0
  0
LINE
  5
F0
330
17
100
AcDbEntity
  8
A-COLUMN
370
30
100
AcDbLine
 10
54.0
 20
948.0
 30
0.0
 11
66.0
 21
948.0
 31
0.0
  0
LINE
  5
F1
330
17
100
AcDbEntity
  8
A-COLUMN
370
30
100
AcDbLine
 10
66.0
 20
948.0
 30
0.0
 11
66.0
 21
960.0
 31
0.0
  0
LINE
  5
F2
330
17
100
AcDbEntity
  8
A-COLUMN
370
30
100
AcDbLine
 10
66.0
 20
960.0
 30
0.0
 11
54.0
 21
960.0
 31
0.0
  0
HATCH
  5
F3
330
17
100
AcDbEntity
  8
A-COLUMN
 62
7
100
AcDbHatch
 10
0.0
 20
0.0
 30
0.0
210
0.0
220
0.0
230
1.0
  2
SOLID
 70
0
 71
0
 91
1
 92
3
 72
0
 73
1
 93
4
 10
276.0
 20
960.0
 10
276.0
 20
948.0
 10
288.0
 20
948.0
 10
288.0
 20
960.0
 97
0
 75
1
 76
1
 52
0.0
 41
1.0
 77
0
 78
1
 53
45.0
 43
0.0
 44
0.0
 45
-0.0034798562
 46
0.0034798562
 79
0
 98
0
  0
LINE
  5
F4
330
17
100
AcDbEntity
  8
A-COLUMN
370
30
100
AcDbLine
 10
276.0
 20
960.0
 30
0.0
 11
276.0
 21
948.0
 31
0.0
  0
LINE
  5
F5
330
17
100
AcDbEntity
  8
A-COLUMN
370
30
100
AcDbLine
 10
276.0
 20
948.0
 30
0.0
 11
288.0
 21
948.0
 31
0.0
  0
LINE
  5
F6
330
17
100
AcDbEntity
  8
A-COLUMN
370
30
100
AcDbLine
 10
288.0
 20
948.0
 30
0.0
 11
288.0
 21
960.0
 31
0.0
  0
LINE
  5
F7
330
17
100
AcDbEntity
  8
A-COLUMN
370
30
100
AcDbLine
 10
288.0
 20
960.0
 30
0.0
 11
276.0
 21
960.0
 31
0.0
  0
HATCH
  5
F8
330
17
100
AcDbEntity
  8
A-COLUMN
 62
7
100
AcDbHatch
 10
0.0
 20
0.0
 30
0.0
210
0.0
220
0.0
230
1.0
  2
SOLID
 70
0
 71
0
 91
1
 92
3
 72
0
 73
1
 93
4
 10
516.0
 20
960.0
 10
516.0
 20
948.0
 10
528.0
 20
948.0
 10
528.0
 20
960.0
 97
0
 75
1
 76
1
 52
0.0
 41
1.0
 77
0
 78
1
 53
45.0
 43
0.0
 44
0.0
 45
-0.0034798562
 46
0.0034798562
 79
0
 98
0
  0
LINE
  5
F9
330
17
100
AcDbEntity
  8
A-COLUMN
370
30
100
AcDbLine
 10
516.0
 20
960.0
 30
0.0
 11
516.0
 21
948.0
 31
0.0
  0
LINE
  5
FA
330
17
100
AcDbEntity
  8
A-COLUMN
370
30
100
AcDbLine
 10
516.0
 20
948.0
 30
0.0
 11
528.0
 21
948.0
 31
0.0
  0
LINE
  5
FB
330
17
100
AcDbEntity
  8
A-COLUMN
370
30
100
AcDbLine
 10
528.0
 20
948.0
 30
0.0
 11
528.0
 21
960.0
 31
0.0
  0
LINE
  5
FC
330
17
100
AcDbEntity
  8
A-COLUMN
370
30
100
AcDbLine
 10
528.0
 20
960.0
 30
0.0
 11
516.0
 21
960.0
 31
0.0
  0
HATCH
  5
FD
330
17
100
AcDbEntity
  8
A-COLUMN
 62
7
100
AcDbHatch
 10
0.0
 20
0.0
 30
0.0
210
0.0
220
0.0
230
1.0
  2
SOLID
 70
0
 71
0
 91
1
 92
3
 72
0
 73
1
 93
4
 10
756.0
 20
960.0
 10
756.0
 20
948.0
 10
768.0
 20
948.0
 10
768.0
 20
960.0
 97
0
 75
1
 76
1
 52
0.0
 41
1.0
 77
0
 78
1
 53
45.0
 43
0.0
 44
0.0
 45
-0.0034798562
 46
0.0034798562
 79
0
 98
0
  0
LINE
  5
FE
330
17
100
AcDbEntity
  8
A-COLUMN
370
30
100
AcDbLine
 10
756.0
 20
960.0
 30
0.0
 11
756.0
 21
948.0
 31
0.0
  0
LINE
  5
FF
330
17
100
AcDbEntity
  8
A-COLUMN
370
30
100
AcDbLine
 10
756.0
 20
948.0
 30
0.0
 11
768.0
 21
948.0
 31
0.0
  0
LINE
  5
100
330
17
100
AcDbEntity
  8
A-COLUMN
370
30
100
AcDbLine
 10
768.0
 20
948.0
 30
0.0
 11
768.0
 21
960.0
 31
0.0
  0
LINE
  5
101
330
17
100
AcDbEntity
  8
A-COLUMN
370
30
100
AcDbLine
 10
768.0
 20
960.0
 30
0.0
 11
756.0
 21
960.0
 31
0.0
  0
HATCH
  5
102
330
17
100
AcDbEntity
  8
A-COLUMN
 62
7
100
AcDbHatch
 10
0.0
 20
0.0
 30
0.0
210
0.0
220
0.0
230
1.0
  2
SOLID
 70
0
 71
0
 91
1
 92
3
 72
0
 73
1
 93
4
 10
1032.0
 20
960.0
 10
1032.0
 20
948.0
 10
1044.0
 20
948.0
 10
1044.0
 20
960.0
 97
0
 75
1
 76
1
 52
0.0
 41
1.0
 77
0
 78
1
 53
45.0
 43
0.0
 44
0.0
 45
-0.0034798562
 46
0.0034798562
 79
0
 98
0
  0
LINE
  5
103
330
17
100
AcDbEntity
  8
A-COLUMN
370
30
100
AcDbLine
 10
1032.0
 20
960.0
 30
0.0
 11
1032.0
 21
948.0
 31
0.0
  0
LINE
  5
104
330
17
100
AcDbEntity
  8
A-COLUMN
370
30
100
AcDbLine
 10
1032.0
 20
948.0
 30
0.0
 11
1044.0
 21
948.0
 31
0.0
  0
LINE
  5
105
330
17
100
AcDbEntity
  8
A-COLUMN
370
30
100
AcDbLine
 10
1044.0
 20
948.0
 30
0.0
 11
1044.0
 21
960.0
 31
0.0
  0
LINE
  5
106
330
17
100
AcDbEntity
  8
A-COLUMN
370
30
100
AcDbLine
 10
1044.0
 20
960.0
 30
0.0
 11
1032.0
 21
960.0
 31
0.0
  0
HATCH
  5
107
330
17
100
AcDbEntity
  8
A-COLUMN
 62
7
100
AcDbHatch
 10
0.0
 20
0.0
 30
0.0
210
0.0
220
0.0
230
1.0
  2
SOLID
 70
0
 71
0
 91
1
 92
3
 72
0
 73
1
 93
4
 10
-24.0
 20
780.0
 10
-24.0
 20
768.0
 10
-12.0
 20
768.0
 10
-12.0
 20
780.0
 97
0
 75
1
 76
1
 52
0.0
 41
1.0
 77
0
 78
1
 53
45.0
 43
0.0
 44
0.0
 45
-0.0034798562
 46
0.0034798562
 79
0
 98
0
  0
LINE
  5
108
330
17
100
AcDbEntity
  8
A-COLUMN
370
30
100
AcDbLine
 10
-24.0
 20
780.0
 30
0.0
 11
-24.0
 21
768.0
 31
0.0
  0
LINE
  5
109
330
17
100
AcDbEntity
  8
A-COLUMN
370
30
100
AcDbLine
 10
-24.0
 20
768.0
 30
0.0
 11
-12.0
 21
768.0
 31
0.0
  0
LINE
  5
10A
330
17
100
AcDbEntity
  8
A-COLUMN
370
30
100
AcDbLine
 10
-12.0
 20
768.0
 30
0.0
 11
-12.0
 21
780.0
 31
0.0
  0
LINE
  5
10B
330
17
100
AcDbEntity
  8
A-COLUMN
370
30
100
AcDbLine
 10
-12.0
 20
780.0
 30
0.0
 11
-24.0
 21
780.0
 31
0.0
  0
HATCH
  5
10C
330
17
100
AcDbEntity
  8
A-COLUMN
 62
7
100
AcDbHatch
 10
0.0
 20
0.0
 30
0.0
210
0.0
220
0.0
230
1.0
  2
SOLID
 70
0
 71
0
 91
1
 92
3
 72
0
 73
1
 93
4
 10
54.0
 20
780.0
 10
54.0
 20
768.0
 10
66.0
 20
768.0
 10
66.0
 20
780.0
 97
0
 75
1
 76
1
 52
0.0
 41
1.0
 77
0
 78
1
 53
45.0
 43
0.0
 44
0.0
 45
-0.0034798562
 46
0.0034798562
 79
0
 98
0
  0
LINE
  5
10D
330
17
100
AcDbEntity
  8
A-COLUMN
370
30
100
AcDbLine
 10
54.0
 20
780.0
 30
0.0
 11
54.0
 21
768.0
 31
0.0
  0
LINE
  5
10E
330
17
100
AcDbEntity
  8
A-COLUMN
370
30
100
AcDbLine
 10
54.0
 20
768.0
 30
0.0
 11
66.0
 21
768.0
 31
0.0
  0
LINE
  5
10F
330
17
100
AcDbEntity
  8
A-COLUMN
370
30
100
AcDbLine
 10
66.0
 20
768.0
 30
0.0
 11
66.0
 21
780.0
 31
0.0
  0
LINE
  5
110
330
17
100
AcDbEntity
  8
A-COLUMN
370
30
100
AcDbLine
 10
66.0
 20
780.0
 30
0.0
 11
54.0
 21
780.0
 31
0.0
  0
HATCH
  5
111
330
17
100
AcDbEntity
  8
A-COLUMN
 62
7
100
AcDbHatch
 10
0.0
 20
0.0
 30
0.0
210
0.0
220
0.0
230
1.0
  2
SOLID
 70
0
 71
0
 91
1
 92
3
 72
0
 73
1
 93
4
 10
276.0
 20
780.0
 10
276.0
 20
768.0
 10
288.0
 20
768.0
 10
288.0
 20
780.0
 97
0
 75
1
 76
1
 52
0.0
 41
1.0
 77
0
 78
1
 53
45.0
 43
0.0
 44
0.0
 45
-0.0034798562
 46
0.0034798562
 79
0
 98
0
  0
LINE
  5
112
330
17
100
AcDbEntity
  8
A-COLUMN
370
30
100
AcDbLine
 10
276.0
 20
780.0
 30
0.0
 11
276.0
 21
768.0
 31
0.0
  0
LINE
  5
113
330
17
100
AcDbEntity
  8
A-COLUMN
370
30
100
AcDbLine
 10
276.0
 20
768.0
 30
0.0
 11
288.0
 21
768.0
 31
0.0
  0
LINE
  5
114
330
17
100
AcDbEntity
  8
A-COLUMN
370
30
100
AcDbLine
 10
288.0
 20
768.0
 30
0.0
 11
288.0
 21
780.0
 31
0.0
  0
LINE
  5
115
330
17
100
AcDbEntity
  8
A-COLUMN
370
30
100
AcDbLine
 10
288.0
 20
780.0
 30
0.0
 11
276.0
 21
780.0
 31
0.0
  0
HATCH
  5
116
330
17
100
AcDbEntity
  8
A-COLUMN
 62
7
100
AcDbHatch
 10
0.0
 20
0.0
 30
0.0
210
0.0
220
0.0
230
1.0
  2
SOLID
 70
0
 71
0
 91
1
 92
3
 72
0
 73
1
 93
4
 10
516.0
 20
780.0
 10
516.0
 20
768.0
 10
528.0
 20
768.0
 10
528.0
 20
780.0
 97
0
 75
1
 76
1
 52
0.0
 41
1.0
 77
0
 78
1
 53
45.0
 43
0.0
 44
0.0
 45
-0.0034798562
 46
0.0034798562
 79
0
 98
0
  0
LINE
  5
117
330
17
100
AcDbEntity
  8
A-COLUMN
370
30
100
AcDbLine
 10
516.0
 20
780.0
 30
0.0
 11
516.0
 21
768.0
 31
0.0
  0
LINE
  5
118
330
17
100
AcDbEntity
  8
A-COLUMN
370
30
100
AcDbLine
 10
516.0
 20
768.0
 30
0.0
 11
528.0
 21
768.0
 31
0.0
  0
LINE
  5
119
330
17
100
AcDbEntity
  8
A-COLUMN
370
30
100
AcDbLine
 10
528.0
 20
768.0
 30
0.0
 11
528.0
 21
780.0
 31
0.0
  0
LINE
  5
11A
330
17
100
AcDbEntity
  8
A-COLUMN
370
30
100
AcDbLine
 10
528.0
 20
780.0
 30
0.0
 11
516.0
 21
780.0
 31
0.0
  0
HATCH
  5
11B
330
17
100
AcDbEntity
  8
A-COLUMN
 62
7
100
AcDbHatch
 10
0.0
 20
0.0
 30
0.0
210
0.0
220
0.0
230
1.0
  2
SOLID
 70
0
 71
0
 91
1
 92
3
 72
0
 73
1
 93
4
 10
756.0
 20
780.0
 10
756.0
 20
768.0
 10
768.0
 20
768.0
 10
768.0
 20
780.0
 97
0
 75
1
 76
1
 52
0.0
 41
1.0
 77
0
 78
1
 53
45.0
 43
0.0
 44
0.0
 45
-0.0034798562
 46
0.0034798562
 79
0
 98
0
  0
LINE
  5
11C
330
17
100
AcDbEntity
  8
A-COLUMN
370
30
100
AcDbLine
 10
756.0
 20
780.0
 30
0.0
 11
756.0
 21
768.0
 31
0.0
  0
LINE
  5
11D
330
17
100
AcDbEntity
  8
A-COLUMN
370
30
100
AcDbLine
 10
756.0
 20
768.0
 30
0.0
 11
768.0
 21
768.0
 31
0.0
  0
LINE
  5
11E
330
17
100
AcDbEntity
  8
A-COLUMN
370
30
100
AcDbLine
 10
768.0
 20
768.0
 30
0.0
 11
768.0
 21
780.0
 31
0.0
  0
LINE
  5
11F
330
17
100
AcDbEntity
  8
A-COLUMN
370
30
100
AcDbLine
 10
768.0
 20
780.0
 30
0.0
 11
756.0
 21
780.0
 31
0.0
  0
HATCH
  5
120
330
17
100
AcDbEntity
  8
A-COLUMN
 62
7
100
AcDbHatch
 10
0.0
 20
0.0
 30
0.0
210
0.0
220
0.0
230
1.0
  2
SOLID
 70
0
 71
0
 91
1
 92
3
 72
0
 73
1
 93
4
 10
1032.0
 20
780.0
 10
1032.0
 20
768.0
 10
1044.0
 20
768.0
 10
1044.0
 20
780.0
 97
0
 75
1
 76
1
 52
0.0
 41
1.0
 77
0
 78
1
 53
45.0
 43
0.0
 44
0.0
 45
-0.0034798562
 46
0.0034798562
 79
0
 98
0
  0
LINE
  5
121
330
17
100
AcDbEntity
  8
A-COLUMN
370
30
100
AcDbLine
 10
1032.0
 20
780.0
 30
0.0
 11
1032.0
 21
768.0
 31
0.0
  0
LINE
  5
122
330
17
100
AcDbEntity
  8
A-COLUMN
370
30
100
AcDbLine
 10
1032.0
 20
768.0
 30
0.0
 11
1044.0
 21
768.0
 31
0.0
  0
LINE
  5
123
330
17
100
AcDbEntity
  8
A-COLUMN
370
30
100
AcDbLine
 10
1044.0
 20
768.0
 30
0.0
 11
1044.0
 21
780.0
 31
0.0
  0
LINE
  5
124
330
17
100
AcDbEntity
  8
A-COLUMN
370
30
100
AcDbLine
 10
1044.0
 20
780.0
 30
0.0
 11
1032.0
 21
780.0
 31
0.0
  0
HATCH
  5
125
330
17
100
AcDbEntity
  8
A-COLUMN
 62
7
100
AcDbHatch
 10
0.0
 20
0.0
 30
0.0
210
0.0
220
0.0
230
1.0
  2
SOLID
 70
0
 71
0
 91
1
 92
3
 72
0
 73
1
 93
4
 10
276.0
 20
600.0
 10
276.0
 20
588.0
 10
288.0
 20
588.0
 10
288.0
 20
600.0
 97
0
 75
1
 76
1
 52
0.0
 41
1.0
 77
0
 78
1
 53
45.0
 43
0.0
 44
0.0
 45
-0.0034798562
 46
0.0034798562
 79
0
 98
0
  0
LINE
  5
126
330
17
100
AcDbEntity
  8
A-COLUMN
370
30
100
AcDbLine
 10
276.0
 20
600.0
 30
0.0
 11
276.0
 21
588.0
 31
0.0
  0
LINE
  5
127
330
17
100
AcDbEntity
  8
A-COLUMN
370
30
100
AcDbLine
 10
276.0
 20
588.0
 30
0.0
 11
288.0
 21
588.0
 31
0.0
  0
LINE
  5
128
330
17
100
AcDbEntity
  8
A-COLUMN
370
30
100
AcDbLine
 10
288.0
 20
588.0
 30
0.0
 11
288.0
 21
600.0
 31
0.0
  0
LINE
  5
129
330
17
100
AcDbEntity
  8
A-COLUMN
370
30
100
AcDbLine
 10
288.0
 20
600.0
 30
0.0
 11
276.0
 21
600.0
 31
0.0
  0
HATCH
  5
12A
330
17
100
AcDbEntity
  8
A-COLUMN
 62
7
100
AcDbHatch
 10
0.0
 20
0.0
 30
0.0
210
0.0
220
0.0
230
1.0
  2
SOLID
 70
0
 71
0
 91
1
 92
3
 72
0
 73
1
 93
4
 10
516.0
 20
600.0
 10
516.0
 20
588.0
 10
528.0
 20
588.0
 10
528.0
 20
600.0
 97
0
 75
1
 76
1
 52
0.0
 41
1.0
 77
0
 78
1
 53
45.0
 43
0.0
 44
0.0
 45
-0.0034798562
 46
0.0034798562
 79
0
 98
0
  0
LINE
  5
12B
330
17
100
AcDbEntity
  8
A-COLUMN
370
30
100
AcDbLine
 10
516.0
 20
600.0
 30
0.0
 11
516.0
 21
588.0
 31
0.0
  0
LINE
  5
12C
330
17
100
AcDbEntity
  8
A-COLUMN
370
30
100
AcDbLine
 10
516.0
 20
588.0
 30
0.0
 11
528.0
 21
588.0
 31
0.0
  0
LINE
  5
12D
330
17
100
AcDbEntity
  8
A-COLUMN
370
30
100
AcDbLine
 10
528.0
 20
588.0
 30
0.0
 11
528.0
 21
600.0
 31
0.0
  0
LINE
  5
12E
330
17
100
AcDbEntity
  8
A-COLUMN
370
30
100
AcDbLine
 10
528.0
 20
600.0
 30
0.0
 11
516.0
 21
600.0
 31
0.0
  0
HATCH
  5
12F
330
17
100
AcDbEntity
  8
A-COLUMN
 62
7
100
AcDbHatch
 10
0.0
 20
0.0
 30
0.0
210
0.0
220
0.0
230
1.0
  2
SOLID
 70
0
 71
0
 91
1
 92
3
 72
0
 73
1
 93
4
 10
756.0
 20
600.0
 10
756.0
 20
588.0
 10
768.0
 20
588.0
 10
768.0
 20
600.0
 97
0
 75
1
 76
1
 52
0.0
 41
1.0
 77
0
 78
1
 53
45.0
 43
0.0
 44
0.0
 45
-0.0034798562
 46
0.0034798562
 79
0
 98
0
  0
LINE
  5
130
330
17
100
AcDbEntity
  8
A-COLUMN
370
30
100
AcDbLine
 10
756.0
 20
600.0
 30
0.0
 11
756.0
 21
588.0
 31
0.0
  0
LINE
  5
131
330
17
100
AcDbEntity
  8
A-COLUMN
370
30
100
AcDbLine
 10
756.0
 20
588.0
 30
0.0
 11
768.0
 21
588.0
 31
0.0
  0
LINE
  5
132
330
17
100
AcDbEntity
  8
A-COLUMN
370
30
100
AcDbLine
 10
768.0
 20
588.0
 30
0.0
 11
768.0
 21
600.0
 31
0.0
  0
LINE
  5
133
330
17
100
AcDbEntity
  8
A-COLUMN
370
30
100
AcDbLine
 10
768.0
 20
600.0
 30
0.0
 11
756.0
 21
600.0
 31
0.0
  0
HATCH
  5
134
330
17
100
AcDbEntity
  8
A-COLUMN
 62
7
100
AcDbHatch
 10
0.0
 20
0.0
 30
0.0
210
0.0
220
0.0
230
1.0
  2
SOLID
 70
0
 71
0
 91
1
 92
3
 72
0
 73
1
 93
4
 10
1032.0
 20
600.0
 10
1032.0
 20
588.0
 10
1044.0
 20
588.0
 10
1044.0
 20
600.0
 97
0
 75
1
 76
1
 52
0.0
 41
1.0
 77
0
 78
1
 53
45.0
 43
0.0
 44
0.0
 45
-0.0034798562
 46
0.0034798562
 79
0
 98
0
  0
LINE
  5
135
330
17
100
AcDbEntity
  8
A-COLUMN
370
30
100
AcDbLine
 10
1032.0
 20
600.0
 30
0.0
 11
1032.0
 21
588.0
 31
0.0
  0
LINE
  5
136
330
17
100
AcDbEntity
  8
A-COLUMN
370
30
100
AcDbLine
 10
1032.0
 20
588.0
 30
0.0
 11
1044.0
 21
588.0
 31
0.0
  0
LINE
  5
137
330
17
100
AcDbEntity
  8
A-COLUMN
370
30
100
AcDbLine
 10
1044.0
 20
588.0
 30
0.0
 11
1044.0
 21
600.0
 31
0.0
  0
LINE
  5
138
330
17
100
AcDbEntity
  8
A-COLUMN
370
30
100
AcDbLine
 10
1044.0
 20
600.0
 30
0.0
 11
1032.0
 21
600.0
 31
0.0
  0
HATCH
  5
139
330
17
100
AcDbEntity
  8
A-COLUMN
 62
7
100
AcDbHatch
 10
0.0
 20
0.0
 30
0.0
210
0.0
220
0.0
230
1.0
  2
SOLID
 70
0
 71
0
 91
1
 92
3
 72
0
 73
1
 93
4
 10
276.0
 20
480.0
 10
276.0
 20
468.0
 10
288.0
 20
468.0
 10
288.0
 20
480.0
 97
0
 75
1
 76
1
 52
0.0
 41
1.0
 77
0
 78
1
 53
45.0
 43
0.0
 44
0.0
 45
-0.0034798562
 46
0.0034798562
 79
0
 98
0
  0
LINE
  5
13A
330
17
100
AcDbEntity
  8
A-COLUMN
370
30
100
AcDbLine
 10
276.0
 20
480.0
 30
0.0
 11
276.0
 21
468.0
 31
0.0
  0
LINE
  5
13B
330
17
100
AcDbEntity
  8
A-COLUMN
370
30
100
AcDbLine
 10
276.0
 20
468.0
 30
0.0
 11
288.0
 21
468.0
 31
0.0
  0
LINE
  5
13C
330
17
100
AcDbEntity
  8
A-COLUMN
370
30
100
AcDbLine
 10
288.0
 20
468.0
 30
0.0
 11
288.0
 21
480.0
 31
0.0
  0
LINE
  5
13D
330
17
100
AcDbEntity
  8
A-COLUMN
370
30
100
AcDbLine
 10
288.0
 20
480.0
 30
0.0
 11
276.0
 21
480.0
 31
0.0
  0
HATCH
  5
13E
330
17
100
AcDbEntity
  8
A-COLUMN
 62
7
100
AcDbHatch
 10
0.0
 20
0.0
 30
0.0
210
0.0
220
0.0
230
1.0
  2
SOLID
 70
0
 71
0
 91
1
 92
3
 72
0
 73
1
 93
4
 10
516.0
 20
480.0
 10
516.0
 20
468.0
 10
528.0
 20
468.0
 10
528.0
 20
480.0
 97
0
 75
1
 76
1
 52
0.0
 41
1.0
 77
0
 78
1
 53
45.0
 43
0.0
 44
0.0
 45
-0.0034798562
 46
0.0034798562
 79
0
 98
0
  0
LINE
  5
13F
330
17
100
AcDbEntity
  8
A-COLUMN
370
30
100
AcDbLine
 10
516.0
 20
480.0
 30
0.0
 11
516.0
 21
468.0
 31
0.0
  0
LINE
  5
140
330
17
100
AcDbEntity
  8
A-COLUMN
370
30
100
AcDbLine
 10
516.0
 20
468.0
 30
0.0
 11
528.0
 21
468.0
 31
0.0
  0
LINE
  5
141
330
17
100
AcDbEntity
  8
A-COLUMN
370
30
100
AcDbLine
 10
528.0
 20
468.0
 30
0.0
 11
528.0
 21
480.0
 31
0.0
  0
LINE
  5
142
330
17
100
AcDbEntity
  8
A-COLUMN
370
30
100
AcDbLine
 10
528.0
 20
480.0
 30
0.0
 11
516.0
 21
480.0
 31
0.0
  0
HATCH
  5
143
330
17
100
AcDbEntity
  8
A-COLUMN
 62
7
100
AcDbHatch
 10
0.0
 20
0.0
 30
0.0
210
0.0
220
0.0
230
1.0
  2
SOLID
 70
0
 71
0
 91
1
 92
3
 72
0
 73
1
 93
4
 10
756.0
 20
480.0
 10
756.0
 20
468.0
 10
768.0
 20
468.0
 10
768.0
 20
480.0
 97
0
 75
1
 76
1
 52
0.0
 41
1.0
 77
0
 78
1
 53
45.0
 43
0.0
 44
0.0
 45
-0.0034798562
 46
0.0034798562
 79
0
 98
0
  0
LINE
  5
144
330
17
100
AcDbEntity
  8
A-COLUMN
370
30
100
AcDbLine
 10
756.0
 20
480.0
 30
0.0
 11
756.0
 21
468.0
 31
0.0
  0
LINE
  5
145
330
17
100
AcDbEntity
  8
A-COLUMN
370
30
100
AcDbLine
 10
756.0
 20
468.0
 30
0.0
 11
768.0
 21
468.0
 31
0.0
  0
LINE
  5
146
330
17
100
AcDbEntity
  8
A-COLUMN
370
30
100
AcDbLine
 10
768.0
 20
468.0
 30
0.0
 11
768.0
 21
480.0
 31
0.0
  0
LINE
  5
147
330
17
100
AcDbEntity
  8
A-COLUMN
370
30
100
AcDbLine
 10
768.0
 20
480.0
 30
0.0
 11
756.0
 21
480.0
 31
0.0
  0
HATCH
  5
148
330
17
100
AcDbEntity
  8
A-COLUMN
 62
7
100
AcDbHatch
 10
0.0
 20
0.0
 30
0.0
210
0.0
220
0.0
230
1.0
  2
SOLID
 70
0
 71
0
 91
1
 92
3
 72
0
 73
1
 93
4
 10
1032.0
 20
480.00000000000006
 10
1032.0
 20
468.00000000000006
 10
1044.0
 20
468.00000000000006
 10
1044.0
 20
480.00000000000006
 97
0
 75
1
 76
1
 52
0.0
 41
1.0
 77
0
 78
1
 53
45.0
 43
0.0
 44
0.0
 45
-0.0034798562
 46
0.0034798562
 79
0
 98
0
  0
LINE
  5
149
330
17
100
AcDbEntity
  8
A-COLUMN
370
30
100
AcDbLine
 10
1032.0
 20
480.00000000000006
 30
0.0
 11
1032.0
 21
468.00000000000006
 31
0.0
  0
LINE
  5
14A
330
17
100
AcDbEntity
  8
A-COLUMN
370
30
100
AcDbLine
 10
1032.0
 20
468.00000000000006
 30
0.0
 11
1044.0
 21
468.00000000000006
 31
0.0
  0
LINE
  5
14B
330
17
100
AcDbEntity
  8
A-COLUMN
370
30
100
AcDbLine
 10
1044.0
 20
468.00000000000006
 30
0.0
 11
1044.0
 21
480.00000000000006
 31
0.0
  0
LINE
  5
14C
330
17
100
AcDbEntity
  8
A-COLUMN
370
30
100
AcDbLine
 10
1044.0
 20
480.00000000000006
 30
0.0
 11
1032.0
 21
480.00000000000006
 31
0.0
  0
HATCH
  5
14D
330
17
100
AcDbEntity
  8
A-BAY
 62
7
100
AcDbHatch
 10
0.0
 20
0.0
 30
0.0
210
0.0
220
0.0
230
1.0
  2
GRATE
 70
0
 71
0
 91
1
 92
3
 72
0
 73
1
 93
4
 10
-6.0
 20
1122.0
 10
-6.0
 20
786.0
 10
74.0
 20
786.0
 10
74.0
 20
1122.0
 97
0
 75
1
 76
1
 52
0.0
 41
1.0
 77
0
 78
2
 53
0.0
 43
0.0
 44
0.0
 45
0.0
 46
0.03125
 79
0
 53
90.0
 43
0.0
 44
0.0
 45
-0.125
 46
0.0
 79
0
 98
0
  0
TEXT
  5
14E
330
17
100
AcDbEntity
  8
A-TEXT-TTL
100
AcDbText
 10
34.0
 20
954.0
 30
0.0
 40
15.0
  1
FF LOBBY
 50
270.0
  7
SIMPLEX
 72
1
 11
34.0
 21
954.0
 31
0.0
100
AcDbText
 73
2
  0
LINE
  5
14F
330
17
100
AcDbEntity
  8
A-WALL
370
35
100
AcDbLine
 10
82.0
 20
1122.0
 30
0.0
 11
82.0
 21
958.0
 31
0.0
  0
LINE
  5
150
330
17
100
AcDbEntity
  8
A-WALL
370
35
100
AcDbLine
 10
82.0
 20
958.0
 30
0.0
 11
168.0
 21
958.0
 31
0.0
  0
LINE
  5
151
330
17
100
AcDbEntity
  8
A-WALL
370
35
100
AcDbLine
 10
168.0
 20
958.0
 30
0.0
 11
168.0
 21
1122.0
 31
0.0
  0
LINE
  5
152
330
17
100
AcDbEntity
  8
A-WALL
370
35
100
AcDbLine
 10
168.0
 20
1122.0
 30
0.0
 11
82.0
 21
1122.0
 31
0.0
  0
TEXT
  5
153
330
17
100
AcDbEntity
  8
A-TEXT-TTL
100
AcDbText
 10
125.0
 20
1040.0
 30
0.0
 40
12.0
  1
PANTRY
 50
270.0
  7
SIMPLEX
 72
1
 11
125.0
 21
1040.0
 31
0.0
100
AcDbText
 73
2
  0
LINE
  5
154
330
17
100
AcDbEntity
  8
A-FURN
370
18
100
AcDbLine
 10
88.0
 20
1116.0
 30
0.0
 11
88.0
 21
964.0
 31
0.0
  0
LINE
  5
155
330
17
100
AcDbEntity
  8
A-FURN
370
18
100
AcDbLine
 10
88.0
 20
964.0
 30
0.0
 11
115.60000000000002
 21
964.0
 31
0.0
  0
LINE
  5
156
330
17
100
AcDbEntity
  8
A-FURN
370
18
100
AcDbLine
 10
115.60000000000002
 20
964.0
 30
0.0
 11
115.60000000000002
 21
1116.0
 31
0.0
  0
LINE
  5
157
330
17
100
AcDbEntity
  8
A-FURN
370
18
100
AcDbLine
 10
115.60000000000002
 20
1116.0
 30
0.0
 11
88.0
 21
1116.0
 31
0.0
  0
CIRCLE
  5
158
330
17
100
AcDbEntity
  8
A-FURN
370
15
100
AcDbCircle
 10
101.19999999999999
 20
1074.0
 30
0.0
 40
6.0
  0
LINE
  5
159
330
17
100
AcDbEntity
  8
A-DOOR
370
25
100
AcDbLine
 10
82.0
 20
994.0
 30
0.0
 11
82.0
 21
958.0
 31
0.0
  0
ARC
  5
15A
330
17
100
AcDbEntity
  8
A-DOOR
370
15
100
AcDbCircle
 10
82.0
 20
994.0
 30
0.0
 40
36.0
100
AcDbArc
 50
270.0
 51
0.0
  0
LINE
  5
15B
330
17
100
AcDbEntity
  8
A-WINDOW
370
40
100
AcDbLine
 10
168.0
 20
1070.0
 30
0.0
 11
168.0
 21
1010.0
 31
0.0
  0
LINE
  5
15C
330
17
100
AcDbEntity
  8
A-WINDOW
370
40
100
AcDbLine
 10
180.0
 20
1070.0
 30
0.0
 11
180.0
 21
1010.0
 31
0.0
  0
LINE
  5
15D
330
17
100
AcDbEntity
  8
A-WINDOW
370
40
100
AcDbLine
 10
168.0
 20
1070.0
 30
0.0
 11
180.0
 21
1070.0
 31
0.0
  0
LINE
  5
15E
330
17
100
AcDbEntity
  8
A-WINDOW
370
40
100
AcDbLine
 10
168.0
 20
1010.0
 30
0.0
 11
180.0
 21
1010.0
 31
0.0
  0
LINE
  5
15F
330
17
100
AcDbEntity
  8
A-WINDOW
370
25
100
AcDbLine
 10
171.95999999999998
 20
1070.0
 30
0.0
 11
171.95999999999998
 21
1010.0
 31
0.0
  0
LINE
  5
160
330
17
100
AcDbEntity
  8
A-WINDOW
370
25
100
AcDbLine
 10
176.04000000000002
 20
1070.0
 30
0.0
 11
176.04000000000002
 21
1010.0
 31
0.0
  0
LINE
  5
161
330
17
100
AcDbEntity
  8
A-WINDOW
370
25
100
AcDbLine
 10
168.0
 20
1040.0
 30
0.0
 11
180.0
 21
1040.0
 31
0.0
  0
LINE
  5
162
330
17
100
AcDbEntity
  8
A-WINDOW
370
15
100
AcDbLine
 10
169.0
 20
1060.0
 30
0.0
 11
179.0
 21
1060.0
 31
0.0
  0
LINE
  5
163
330
17
100
AcDbEntity
  8
A-WINDOW
370
15
100
AcDbLine
 10
169.0
 20
1050.0
 30
0.0
 11
179.0
 21
1050.0
 31
0.0
  0
LINE
  5
164
330
17
100
AcDbEntity
  8
A-WINDOW
370
15
100
AcDbLine
 10
169.0
 20
1040.0
 30
0.0
 11
179.0
 21
1040.0
 31
0.0
  0
LINE
  5
165
330
17
100
AcDbEntity
  8
A-WINDOW
370
15
100
AcDbLine
 10
169.0
 20
1030.0
 30
0.0
 11
179.0
 21
1030.0
 31
0.0
  0
LINE
  5
166
330
17
100
AcDbEntity
  8
A-WINDOW
370
15
100
AcDbLine
 10
169.0
 20
1020.0
 30
0.0
 11
179.0
 21
1020.0
 31
0.0
  0
TEXT
  5
167
330
17
100
AcDbEntity
  8
A-WINDOW
100
AcDbText
 10
194.39999999999998
 20
1040.0
 30
0.0
 40
6.0
  1
W 5'-0"
 50
270.0
  7
SIMPLEX
 72
1
 11
194.39999999999998
 21
1040.0
 31
0.0
100
AcDbText
 73
2
  0
LINE
  5
168
330
17
100
AcDbEntity
  8
A-WALL
370
35
100
AcDbLine
 10
82.0
 20
950.0
 30
0.0
 11
82.0
 21
786.0
 31
0.0
  0
LINE
  5
169
330
17
100
AcDbEntity
  8
A-WALL
370
35
100
AcDbLine
 10
82.0
 20
786.0
 30
0.0
 11
168.0
 21
786.0
 31
0.0
  0
LINE
  5
16A
330
17
100
AcDbEntity
  8
A-WALL
370
35
100
AcDbLine
 10
168.0
 20
786.0
 30
0.0
 11
168.0
 21
950.0
 31
0.0
  0
LINE
  5
16B
330
17
100
AcDbEntity
  8
A-WALL
370
35
100
AcDbLine
 10
168.0
 20
950.0
 30
0.0
 11
82.0
 21
950.0
 31
0.0
  0
TEXT
  5
16C
330
17
100
AcDbEntity
  8
A-TEXT-TTL
100
AcDbText
 10
125.0
 20
868.0
 30
0.0
 40
12.0
  1
STORE ROOM
 50
270.0
  7
SIMPLEX
 72
1
 11
125.0
 21
868.0
 31
0.0
100
AcDbText
 73
2
  0
LINE
  5
16D
330
17
100
AcDbEntity
  8
A-LOCKER
370
18
100
AcDbLine
 10
88.0
 20
944.0
 30
0.0
 11
88.0
 21
914.0
 31
0.0
  0
LINE
  5
16E
330
17
100
AcDbEntity
  8
A-LOCKER
370
18
100
AcDbLine
 10
88.0
 20
914.0
 30
0.0
 11
162.0
 21
914.0
 31
0.0
  0
LINE
  5
16F
330
17
100
AcDbEntity
  8
A-LOCKER
370
18
100
AcDbLine
 10
162.0
 20
914.0
 30
0.0
 11
162.0
 21
944.0
 31
0.0
  0
LINE
  5
170
330
17
100
AcDbEntity
  8
A-LOCKER
370
18
100
AcDbLine
 10
162.0
 20
944.0
 30
0.0
 11
88.0
 21
944.0
 31
0.0
  0
LINE
  5
171
330
17
100
AcDbEntity
  8
A-DOOR
370
25
100
AcDbLine
 10
82.0
 20
938.0
 30
0.0
 11
82.0
 21
902.0
 31
0.0
  0
ARC
  5
172
330
17
100
AcDbEntity
  8
A-DOOR
370
15
100
AcDbCircle
 10
82.0
 20
938.0
 30
0.0
 40
36.0
100
AcDbArc
 50
270.0
 51
0.0
  0
LINE
  5
173
330
17
100
AcDbEntity
  8
A-WINDOW
370
40
100
AcDbLine
 10
-18.0
 20
1104.0
 30
0.0
 11
-18.0
 21
1044.0
 31
0.0
  0
LINE
  5
174
330
17
100
AcDbEntity
  8
A-WINDOW
370
40
100
AcDbLine
 10
-6.0
 20
1104.0
 30
0.0
 11
-6.0
 21
1044.0
 31
0.0
  0
LINE
  5
175
330
17
100
AcDbEntity
  8
A-WINDOW
370
40
100
AcDbLine
 10
-18.0
 20
1104.0
 30
0.0
 11
-6.0
 21
1104.0
 31
0.0
  0
LINE
  5
176
330
17
100
AcDbEntity
  8
A-WINDOW
370
40
100
AcDbLine
 10
-18.0
 20
1044.0
 30
0.0
 11
-6.0
 21
1044.0
 31
0.0
  0
LINE
  5
177
330
17
100
AcDbEntity
  8
A-WINDOW
370
25
100
AcDbLine
 10
-14.039999999999964
 20
1104.0
 30
0.0
 11
-14.039999999999964
 21
1044.0
 31
0.0
  0
LINE
  5
178
330
17
100
AcDbEntity
  8
A-WINDOW
370
25
100
AcDbLine
 10
-9.960000000000036
 20
1104.0
 30
0.0
 11
-9.960000000000036
 21
1044.0
 31
0.0
  0
LINE
  5
179
330
17
100
AcDbEntity
  8
A-WINDOW
370
25
100
AcDbLine
 10
-18.0
 20
1074.0
 30
0.0
 11
-6.0
 21
1074.0
 31
0.0
  0
LINE
  5
17A
330
17
100
AcDbEntity
  8
A-WINDOW
370
15
100
AcDbLine
 10
-17.0
 20
1094.0
 30
0.0
 11
-7.0
 21
1094.0
 31
0.0
  0
LINE
  5
17B
330
17
100
AcDbEntity
  8
A-WINDOW
370
15
100
AcDbLine
 10
-17.0
 20
1084.0
 30
0.0
 11
-7.0
 21
1084.0
 31
0.0
  0
LINE
  5
17C
330
17
100
AcDbEntity
  8
A-WINDOW
370
15
100
AcDbLine
 10
-17.0
 20
1074.0
 30
0.0
 11
-7.0
 21
1074.0
 31
0.0
  0
LINE
  5
17D
330
17
100
AcDbEntity
  8
A-WINDOW
370
15
100
AcDbLine
 10
-17.0
 20
1064.0
 30
0.0
 11
-7.0
 21
1064.0
 31
0.0
  0
LINE
  5
17E
330
17
100
AcDbEntity
  8
A-WINDOW
370
15
100
AcDbLine
 10
-17.0
 20
1054.0
 30
0.0
 11
-7.0
 21
1054.0
 31
0.0
  0
TEXT
  5
17F
330
17
100
AcDbEntity
  8
A-WINDOW
100
AcDbText
 10
8.399999999999977
 20
1074.0
 30
0.0
 40
6.0
  1
W 5'-0"
 50
270.0
  7
SIMPLEX
 72
1
 11
8.399999999999977
 21
1074.0
 31
0.0
100
AcDbText
 73
2
  0
LINE
  5
180
330
17
100
AcDbEntity
  8
A-WINDOW
370
40
100
AcDbLine
 10
-18.0
 20
1020.0
 30
0.0
 11
-18.0
 21
960.0
 31
0.0
  0
LINE
  5
181
330
17
100
AcDbEntity
  8
A-WINDOW
370
40
100
AcDbLine
 10
-6.0
 20
1020.0
 30
0.0
 11
-6.0
 21
960.0
 31
0.0
  0
LINE
  5
182
330
17
100
AcDbEntity
  8
A-WINDOW
370
40
100
AcDbLine
 10
-18.0
 20
1020.0
 30
0.0
 11
-6.0
 21
1020.0
 31
0.0
  0
LINE
  5
183
330
17
100
AcDbEntity
  8
A-WINDOW
370
40
100
AcDbLine
 10
-18.0
 20
960.0
 30
0.0
 11
-6.0
 21
960.0
 31
0.0
  0
LINE
  5
184
330
17
100
AcDbEntity
  8
A-WINDOW
370
25
100
AcDbLine
 10
-14.039999999999964
 20
1020.0
 30
0.0
 11
-14.039999999999964
 21
960.0
 31
0.0
  0
LINE
  5
185
330
17
100
AcDbEntity
  8
A-WINDOW
370
25
100
AcDbLine
 10
-9.960000000000036
 20
1020.0
 30
0.0
 11
-9.960000000000036
 21
960.0
 31
0.0
  0
LINE
  5
186
330
17
100
AcDbEntity
  8
A-WINDOW
370
25
100
AcDbLine
 10
-18.0
 20
990.0
 30
0.0
 11
-6.0
 21
990.0
 31
0.0
  0
LINE
  5
187
330
17
100
AcDbEntity
  8
A-WINDOW
370
15
100
AcDbLine
 10
-17.0
 20
1010.0
 30
0.0
 11
-7.0
 21
1010.0
 31
0.0
  0
LINE
  5
188
330
17
100
AcDbEntity
  8
A-WINDOW
370
15
100
AcDbLine
 10
-17.0
 20
1000.0
 30
0.0
 11
-7.0
 21
1000.0
 31
0.0
  0
LINE
  5
189
330
17
100
AcDbEntity
  8
A-WINDOW
370
15
100
AcDbLine
 10
-17.0
 20
990.0
 30
0.0
 11
-7.0
 21
990.0
 31
0.0
  0
LINE
  5
18A
330
17
100
AcDbEntity
  8
A-WINDOW
370
15
100
AcDbLine
 10
-17.0
 20
980.0
 30
0.0
 11
-7.0
 21
980.0
 31
0.0
  0
LINE
  5
18B
330
17
100
AcDbEntity
  8
A-WINDOW
370
15
100
AcDbLine
 10
-17.0
 20
970.0
 30
0.0
 11
-7.0
 21
970.0
 31
0.0
  0
TEXT
  5
18C
330
17
100
AcDbEntity
  8
A-WINDOW
100
AcDbText
 10
8.399999999999977
 20
990.0
 30
0.0
 40
6.0
  1
W 5'-0"
 50
270.0
  7
SIMPLEX
 72
1
 11
8.399999999999977
 21
990.0
 31
0.0
100
AcDbText
 73
2
  0
LINE
  5
18D
330
17
100
AcDbEntity
  8
A-WINDOW
370
40
100
AcDbLine
 10
-18.0
 20
948.0
 30
0.0
 11
-18.0
 21
888.0
 31
0.0
  0
LINE
  5
18E
330
17
100
AcDbEntity
  8
A-WINDOW
370
40
100
AcDbLine
 10
-6.0
 20
948.0
 30
0.0
 11
-6.0
 21
888.0
 31
0.0
  0
LINE
  5
18F
330
17
100
AcDbEntity
  8
A-WINDOW
370
40
100
AcDbLine
 10
-18.0
 20
948.0
 30
0.0
 11
-6.0
 21
948.0
 31
0.0
  0
LINE
  5
190
330
17
100
AcDbEntity
  8
A-WINDOW
370
40
100
AcDbLine
 10
-18.0
 20
888.0
 30
0.0
 11
-6.0
 21
888.0
 31
0.0
  0
LINE
  5
191
330
17
100
AcDbEntity
  8
A-WINDOW
370
25
100
AcDbLine
 10
-14.039999999999964
 20
948.0
 30
0.0
 11
-14.039999999999964
 21
888.0
 31
0.0
  0
LINE
  5
192
330
17
100
AcDbEntity
  8
A-WINDOW
370
25
100
AcDbLine
 10
-9.960000000000036
 20
948.0
 30
0.0
 11
-9.960000000000036
 21
888.0
 31
0.0
  0
LINE
  5
193
330
17
100
AcDbEntity
  8
A-WINDOW
370
25
100
AcDbLine
 10
-18.0
 20
918.0
 30
0.0
 11
-6.0
 21
918.0
 31
0.0
  0
LINE
  5
194
330
17
100
AcDbEntity
  8
A-WINDOW
370
15
100
AcDbLine
 10
-17.0
 20
938.0
 30
0.0
 11
-7.0
 21
938.0
 31
0.0
  0
LINE
  5
195
330
17
100
AcDbEntity
  8
A-WINDOW
370
15
100
AcDbLine
 10
-17.0
 20
928.0
 30
0.0
 11
-7.0
 21
928.0
 31
0.0
  0
LINE
  5
196
330
17
100
AcDbEntity
  8
A-WINDOW
370
15
100
AcDbLine
 10
-17.0
 20
918.0
 30
0.0
 11
-7.0
 21
918.0
 31
0.0
  0
LINE
  5
197
330
17
100
AcDbEntity
  8
A-WINDOW
370
15
100
AcDbLine
 10
-17.0
 20
908.0
 30
0.0
 11
-7.0
 21
908.0
 31
0.0
  0
LINE
  5
198
330
17
100
AcDbEntity
  8
A-WINDOW
370
15
100
AcDbLine
 10
-17.0
 20
898.0
 30
0.0
 11
-7.0
 21
898.0
 31
0.0
  0
TEXT
  5
199
330
17
100
AcDbEntity
  8
A-WINDOW
100
AcDbText
 10
8.399999999999977
 20
918.0
 30
0.0
 40
6.0
  1
W 5'-0"
 50
270.0
  7
SIMPLEX
 72
1
 11
8.399999999999977
 21
918.0
 31
0.0
100
AcDbText
 73
2
  0
LINE
  5
19A
330
17
100
AcDbEntity
  8
A-WINDOW
370
40
100
AcDbLine
 10
-18.0
 20
876.0
 30
0.0
 11
-18.0
 21
816.0
 31
0.0
  0
LINE
  5
19B
330
17
100
AcDbEntity
  8
A-WINDOW
370
40
100
AcDbLine
 10
-6.0
 20
876.0
 30
0.0
 11
-6.0
 21
816.0
 31
0.0
  0
LINE
  5
19C
330
17
100
AcDbEntity
  8
A-WINDOW
370
40
100
AcDbLine
 10
-18.0
 20
876.0
 30
0.0
 11
-6.0
 21
876.0
 31
0.0
  0
LINE
  5
19D
330
17
100
AcDbEntity
  8
A-WINDOW
370
40
100
AcDbLine
 10
-18.0
 20
816.0
 30
0.0
 11
-6.0
 21
816.0
 31
0.0
  0
LINE
  5
19E
330
17
100
AcDbEntity
  8
A-WINDOW
370
25
100
AcDbLine
 10
-14.039999999999964
 20
876.0
 30
0.0
 11
-14.039999999999964
 21
816.0
 31
0.0
  0
LINE
  5
19F
330
17
100
AcDbEntity
  8
A-WINDOW
370
25
100
AcDbLine
 10
-9.960000000000036
 20
876.0
 30
0.0
 11
-9.960000000000036
 21
816.0
 31
0.0
  0
LINE
  5
1A0
330
17
100
AcDbEntity
  8
A-WINDOW
370
25
100
AcDbLine
 10
-18.0
 20
846.0
 30
0.0
 11
-6.0
 21
846.0
 31
0.0
  0
LINE
  5
1A1
330
17
100
AcDbEntity
  8
A-WINDOW
370
15
100
AcDbLine
 10
-17.0
 20
866.0
 30
0.0
 11
-7.0
 21
866.0
 31
0.0
  0
LINE
  5
1A2
330
17
100
AcDbEntity
  8
A-WINDOW
370
15
100
AcDbLine
 10
-17.0
 20
856.0
 30
0.0
 11
-7.0
 21
856.0
 31
0.0
  0
LINE
  5
1A3
330
17
100
AcDbEntity
  8
A-WINDOW
370
15
100
AcDbLine
 10
-17.0
 20
846.0
 30
0.0
 11
-7.0
 21
846.0
 31
0.0
  0
LINE
  5
1A4
330
17
100
AcDbEntity
  8
A-WINDOW
370
15
100
AcDbLine
 10
-17.0
 20
836.0
 30
0.0
 11
-7.0
 21
836.0
 31
0.0
  0
LINE
  5
1A5
330
17
100
AcDbEntity
  8
A-WINDOW
370
15
100
AcDbLine
 10
-17.0
 20
826.0
 30
0.0
 11
-7.0
 21
826.0
 31
0.0
  0
TEXT
  5
1A6
330
17
100
AcDbEntity
  8
A-WINDOW
100
AcDbText
 10
8.399999999999977
 20
846.0
 30
0.0
 40
6.0
  1
W 5'-0"
 50
270.0
  7
SIMPLEX
 72
1
 11
8.399999999999977
 21
846.0
 31
0.0
100
AcDbText
 73
2
  0
LINE
  5
1A7
330
17
100
AcDbEntity
  8
A-WINDOW
370
40
100
AcDbLine
 10
-18.0
 20
828.0
 30
0.0
 11
-18.0
 21
768.0
 31
0.0
  0
LINE
  5
1A8
330
17
100
AcDbEntity
  8
A-WINDOW
370
40
100
AcDbLine
 10
-6.0
 20
828.0
 30
0.0
 11
-6.0
 21
768.0
 31
0.0
  0
LINE
  5
1A9
330
17
100
AcDbEntity
  8
A-WINDOW
370
40
100
AcDbLine
 10
-18.0
 20
828.0
 30
0.0
 11
-6.0
 21
828.0
 31
0.0
  0
LINE
  5
1AA
330
17
100
AcDbEntity
  8
A-WINDOW
370
40
100
AcDbLine
 10
-18.0
 20
768.0
 30
0.0
 11
-6.0
 21
768.0
 31
0.0
  0
LINE
  5
1AB
330
17
100
AcDbEntity
  8
A-WINDOW
370
25
100
AcDbLine
 10
-14.039999999999964
 20
828.0
 30
0.0
 11
-14.039999999999964
 21
768.0
 31
0.0
  0
LINE
  5
1AC
330
17
100
AcDbEntity
  8
A-WINDOW
370
25
100
AcDbLine
 10
-9.960000000000036
 20
828.0
 30
0.0
 11
-9.960000000000036
 21
768.0
 31
0.0
  0
LINE
  5
1AD
330
17
100
AcDbEntity
  8
A-WINDOW
370
25
100
AcDbLine
 10
-18.0
 20
798.0
 30
0.0
 11
-6.0
 21
798.0
 31
0.0
  0
LINE
  5
1AE
330
17
100
AcDbEntity
  8
A-WINDOW
370
15
100
AcDbLine
 10
-17.0
 20
818.0
 30
0.0
 11
-7.0
 21
818.0
 31
0.0
  0
LINE
  5
1AF
330
17
100
AcDbEntity
  8
A-WINDOW
370
15
100
AcDbLine
 10
-17.0
 20
808.0
 30
0.0
 11
-7.0
 21
808.0
 31
0.0
  0
LINE
  5
1B0
330
17
100
AcDbEntity
  8
A-WINDOW
370
15
100
AcDbLine
 10
-17.0
 20
798.0
 30
0.0
 11
-7.0
 21
798.0
 31
0.0
  0
LINE
  5
1B1
330
17
100
AcDbEntity
  8
A-WINDOW
370
15
100
AcDbLine
 10
-17.0
 20
788.0
 30
0.0
 11
-7.0
 21
788.0
 31
0.0
  0
LINE
  5
1B2
330
17
100
AcDbEntity
  8
A-WINDOW
370
15
100
AcDbLine
 10
-17.0
 20
778.0
 30
0.0
 11
-7.0
 21
778.0
 31
0.0
  0
TEXT
  5
1B3
330
17
100
AcDbEntity
  8
A-WINDOW
100
AcDbText
 10
8.399999999999977
 20
798.0
 30
0.0
 40
6.0
  1
W 5'-0"
 50
270.0
  7
SIMPLEX
 72
1
 11
8.399999999999977
 21
798.0
 31
0.0
100
AcDbText
 73
2
  0
LINE
  5
1B4
330
17
100
AcDbEntity
  8
A-WINDOW
370
40
100
AcDbLine
 10
0.0
 20
786.0
 30
0.0
 11
60.0
 21
786.0
 31
0.0
  0
LINE
  5
1B5
330
17
100
AcDbEntity
  8
A-WINDOW
370
40
100
AcDbLine
 10
0.0
 20
774.0
 30
0.0
 11
60.0
 21
774.0
 31
0.0
  0
LINE
  5
1B6
330
17
100
AcDbEntity
  8
A-WINDOW
370
40
100
AcDbLine
 10
0.0
 20
786.0
 30
0.0
 11
0.0
 21
774.0
 31
0.0
  0
LINE
  5
1B7
330
17
100
AcDbEntity
  8
A-WINDOW
370
40
100
AcDbLine
 10
60.0
 20
786.0
 30
0.0
 11
60.0
 21
774.0
 31
0.0
  0
LINE
  5
1B8
330
17
100
AcDbEntity
  8
A-WINDOW
370
25
100
AcDbLine
 10
0.0
 20
782.04
 30
0.0
 11
60.0
 21
782.04
 31
0.0
  0
LINE
  5
1B9
330
17
100
AcDbEntity
  8
A-WINDOW
370
25
100
AcDbLine
 10
0.0
 20
777.96
 30
0.0
 11
60.0
 21
777.96
 31
0.0
  0
LINE
  5
1BA
330
17
100
AcDbEntity
  8
A-WINDOW
370
25
100
AcDbLine
 10
30.0
 20
786.0
 30
0.0
 11
30.0
 21
774.0
 31
0.0
  0
LINE
  5
1BB
330
17
100
AcDbEntity
  8
A-WINDOW
370
15
100
AcDbLine
 10
10.0
 20
785.0
 30
0.0
 11
10.0
 21
775.0
 31
0.0
  0
LINE
  5
1BC
330
17
100
AcDbEntity
  8
A-WINDOW
370
15
100
AcDbLine
 10
20.0
 20
785.0
 30
0.0
 11
20.0
 21
775.0
 31
0.0
  0
LINE
  5
1BD
330
17
100
AcDbEntity
  8
A-WINDOW
370
15
100
AcDbLine
 10
30.0
 20
785.0
 30
0.0
 11
30.0
 21
775.0
 31
0.0
  0
LINE
  5
1BE
330
17
100
AcDbEntity
  8
A-WINDOW
370
15
100
AcDbLine
 10
40.0
 20
785.0
 30
0.0
 11
40.0
 21
775.0
 31
0.0
  0
LINE
  5
1BF
330
17
100
AcDbEntity
  8
A-WINDOW
370
15
100
AcDbLine
 10
50.0
 20
785.0
 30
0.0
 11
50.0
 21
775.0
 31
0.0
  0
TEXT
  5
1C0
330
17
100
AcDbEntity
  8
A-WINDOW
100
AcDbText
 10
30.0
 20
759.6
 30
0.0
 40
6.0
  1
W 5'-0"
  7
SIMPLEX
 72
1
 11
30.0
 21
759.6
 31
0.0
100
AcDbText
 73
2
  0
LINE
  5
1C1
330
17
100
AcDbEntity
  8
A-WINDOW
370
40
100
AcDbLine
 10
108.0
 20
786.0
 30
0.0
 11
168.0
 21
786.0
 31
0.0
  0
LINE
  5
1C2
330
17
100
AcDbEntity
  8
A-WINDOW
370
40
100
AcDbLine
 10
108.0
 20
774.0
 30
0.0
 11
168.0
 21
774.0
 31
0.0
  0
LINE
  5
1C3
330
17
100
AcDbEntity
  8
A-WINDOW
370
40
100
AcDbLine
 10
108.0
 20
786.0
 30
0.0
 11
108.0
 21
774.0
 31
0.0
  0
LINE
  5
1C4
330
17
100
AcDbEntity
  8
A-WINDOW
370
40
100
AcDbLine
 10
168.0
 20
786.0
 30
0.0
 11
168.0
 21
774.0
 31
0.0
  0
LINE
  5
1C5
330
17
100
AcDbEntity
  8
A-WINDOW
370
25
100
AcDbLine
 10
108.0
 20
782.04
 30
0.0
 11
168.0
 21
782.04
 31
0.0
  0
LINE
  5
1C6
330
17
100
AcDbEntity
  8
A-WINDOW
370
25
100
AcDbLine
 10
108.0
 20
777.96
 30
0.0
 11
168.0
 21
777.96
 31
0.0
  0
LINE
  5
1C7
330
17
100
AcDbEntity
  8
A-WINDOW
370
25
100
AcDbLine
 10
138.0
 20
786.0
 30
0.0
 11
138.0
 21
774.0
 31
0.0
  0
LINE
  5
1C8
330
17
100
AcDbEntity
  8
A-WINDOW
370
15
100
AcDbLine
 10
118.0
 20
785.0
 30
0.0
 11
118.0
 21
775.0
 31
0.0
  0
LINE
  5
1C9
330
17
100
AcDbEntity
  8
A-WINDOW
370
15
100
AcDbLine
 10
128.0
 20
785.0
 30
0.0
 11
128.0
 21
775.0
 31
0.0
  0
LINE
  5
1CA
330
17
100
AcDbEntity
  8
A-WINDOW
370
15
100
AcDbLine
 10
138.0
 20
785.0
 30
0.0
 11
138.0
 21
775.0
 31
0.0
  0
LINE
  5
1CB
330
17
100
AcDbEntity
  8
A-WINDOW
370
15
100
AcDbLine
 10
148.0
 20
785.0
 30
0.0
 11
148.0
 21
775.0
 31
0.0
  0
LINE
  5
1CC
330
17
100
AcDbEntity
  8
A-WINDOW
370
15
100
AcDbLine
 10
158.0
 20
785.0
 30
0.0
 11
158.0
 21
775.0
 31
0.0
  0
TEXT
  5
1CD
330
17
100
AcDbEntity
  8
A-WINDOW
100
AcDbText
 10
138.0
 20
759.6
 30
0.0
 40
6.0
  1
W 5'-0"
  7
SIMPLEX
 72
1
 11
138.0
 21
759.6
 31
0.0
100
AcDbText
 73
2
  0
HATCH
  5
1CE
330
17
100
AcDbEntity
  8
A-BAY
 62
7
100
AcDbHatch
 10
0.0
 20
0.0
 30
0.0
210
0.0
220
0.0
230
1.0
  2
GRATE
 70
0
 71
0
 91
1
 92
3
 72
0
 73
1
 93
4
 10
184.0
 20
1122.0
 10
184.0
 20
486.0
 10
224.0
 20
486.0
 10
224.0
 20
1122.0
 97
0
 75
1
 76
1
 52
0.0
 41
1.0
 77
0
 78
2
 53
0.0
 43
0.0
 44
0.0
 45
0.0
 46
0.03125
 79
0
 53
90.0
 43
0.0
 44
0.0
 45
-0.125
 46
0.0
 79
0
 98
0
  0
TEXT
  5
1CF
330
17
100
AcDbEntity
  8
A-TEXT-TTL
100
AcDbText
 10
204.0
 20
804.0
 30
0.0
 40
15.0
  1
CORRIDOR 4'-0"
 50
270.0
  7
SIMPLEX
 72
1
 11
204.0
 21
804.0
 31
0.0
100
AcDbText
 73
2
  0
LINE
  5
1D0
330
17
100
AcDbEntity
  8
A-WALL
370
40
100
AcDbLine
 10
184.0
 20
578.0
 30
0.0
 11
184.0
 21
470.0
 31
0.0
  0
LINE
  5
1D1
330
17
100
AcDbEntity
  8
A-WALL
370
40
100
AcDbLine
 10
184.0
 20
470.0
 30
0.0
 11
580.0
 21
470.0
 31
0.0
  0
LINE
  5
1D2
330
17
100
AcDbEntity
  8
A-WALL
370
40
100
AcDbLine
 10
580.0
 20
470.0
 30
0.0
 11
580.0
 21
578.0
 31
0.0
  0
LINE
  5
1D3
330
17
100
AcDbEntity
  8
A-WALL
370
40
100
AcDbLine
 10
580.0
 20
578.0
 30
0.0
 11
184.0
 21
578.0
 31
0.0
  0
HATCH
  5
1D4
330
17
100
AcDbEntity
  8
A-HATCH
 62
7
100
AcDbHatch
 10
0.0
 20
0.0
 30
0.0
210
0.0
220
0.0
230
1.0
  2
ANSI32
 70
0
 71
0
 91
1
 92
3
 72
0
 73
1
 93
4
 10
172.0
 20
578.0
 10
172.0
 20
470.0
 10
184.0
 20
470.0
 10
184.0
 20
578.0
 97
0
 75
1
 76
1
 52
0.0
 41
1.0
 77
0
 78
2
 53
45.0
 43
0.0
 44
0.0
 45
-0.2651650429
 46
0.2651650429
 79
0
 53
45.0
 43
0.176776695
 44
0.0
 45
-0.2651650429
 46
0.2651650429
 79
0
 98
0
  0
TEXT
  5
1D5
330
17
100
AcDbEntity
  8
A-TEXT
100
AcDbText
 10
178.0
 20
524.0
 30
0.0
 40
6.0
  1
LANDING - GF
 50
270.0
  7
SIMPLEX
 72
1
 11
178.0
 21
524.0
 31
0.0
100
AcDbText
 73
2
  0
HATCH
  5
1D6
330
17
100
AcDbEntity
  8
A-HATCH
 62
7
100
AcDbHatch
 10
0.0
 20
0.0
 30
0.0
210
0.0
220
0.0
230
1.0
  2
ANSI32
 70
0
 71
0
 91
1
 92
3
 72
0
 73
1
 93
4
 10
328.0
 20
578.0
 10
328.0
 20
470.0
 10
436.0
 20
470.0
 10
436.0
 20
578.0
 97
0
 75
1
 76
1
 52
0.0
 41
1.0
 77
0
 78
2
 53
45.0
 43
0.0
 44
0.0
 45
-0.2651650429
 46
0.2651650429
 79
0
 53
45.0
 43
0.176776695
 44
0.0
 45
-0.2651650429
 46
0.2651650429
 79
0
 98
0
  0
TEXT
  5
1D7
330
17
100
AcDbEntity
  8
A-TEXT
100
AcDbText
 10
382.0
 20
524.0
 30
0.0
 40
6.0
  1
LANDING - MID
 50
270.0
  7
SIMPLEX
 72
1
 11
382.0
 21
524.0
 31
0.0
100
AcDbText
 73
2
  0
HATCH
  5
1D8
330
17
100
AcDbEntity
  8
A-HATCH
 62
7
100
AcDbHatch
 10
0.0
 20
0.0
 30
0.0
210
0.0
220
0.0
230
1.0
  2
ANSI32
 70
0
 71
0
 91
1
 92
3
 72
0
 73
1
 93
4
 10
580.0
 20
578.0
 10
580.0
 20
470.0
 10
592.0
 20
470.0
 10
592.0
 20
578.0
 97
0
 75
1
 76
1
 52
0.0
 41
1.0
 77
0
 78
2
 53
45.0
 43
0.0
 44
0.0
 45
-0.2651650429
 46
0.2651650429
 79
0
 53
45.0
 43
0.176776695
 44
0.0
 45
-0.2651650429
 46
0.2651650429
 79
0
 98
0
  0
TEXT
  5
1D9
330
17
100
AcDbEntity
  8
A-TEXT
100
AcDbText
 10
586.0
 20
524.0
 30
0.0
 40
6.0
  1
LANDING - FF
 50
270.0
  7
SIMPLEX
 72
1
 11
586.0
 21
524.0
 31
0.0
100
AcDbText
 73
2
  0
LINE
  5
1DA
330
17
100
AcDbEntity
  8
A-WALL
370
25
100
AcDbLine
 10
172.0
 20
578.0
 30
0.0
 11
172.0
 21
530.0
 31
0.0
  0
LINE
  5
1DB
330
17
100
AcDbEntity
  8
A-WALL
370
25
100
AcDbLine
 10
184.0
 20
578.0
 30
0.0
 11
184.0
 21
530.0
 31
0.0
  0
LINE
  5
1DC
330
17
100
AcDbEntity
  8
A-WALL
370
30
100
AcDbLine
 10
184.0
 20
578.0
 30
0.0
 11
184.0
 21
576.5
 31
0.0
  0
LINE
  5
1DD
330
17
100
AcDbEntity
  8
A-WALL
370
30
100
AcDbLine
 10
184.0
 20
531.5
 30
0.0
 11
184.0
 21
530.0
 31
0.0
  0
LINE
  5
1DE
330
17
100
AcDbEntity
  8
A-WALL
370
25
100
AcDbLine
 10
196.0
 20
578.0
 30
0.0
 11
196.0
 21
530.0
 31
0.0
  0
LINE
  5
1DF
330
17
100
AcDbEntity
  8
A-WALL
370
30
100
AcDbLine
 10
196.0
 20
578.0
 30
0.0
 11
196.0
 21
576.5
 31
0.0
  0
LINE
  5
1E0
330
17
100
AcDbEntity
  8
A-WALL
370
30
100
AcDbLine
 10
196.0
 20
531.5
 30
0.0
 11
196.0
 21
530.0
 31
0.0
  0
LINE
  5
1E1
330
17
100
AcDbEntity
  8
A-WALL
370
25
100
AcDbLine
 10
208.0
 20
578.0
 30
0.0
 11
208.0
 21
530.0
 31
0.0
  0
LINE
  5
1E2
330
17
100
AcDbEntity
  8
A-WALL
370
30
100
AcDbLine
 10
208.0
 20
578.0
 30
0.0
 11
208.0
 21
576.5
 31
0.0
  0
LINE
  5
1E3
330
17
100
AcDbEntity
  8
A-WALL
370
30
100
AcDbLine
 10
208.0
 20
531.5
 30
0.0
 11
208.0
 21
530.0
 31
0.0
  0
LINE
  5
1E4
330
17
100
AcDbEntity
  8
A-WALL
370
25
100
AcDbLine
 10
220.0
 20
578.0
 30
0.0
 11
220.0
 21
530.0
 31
0.0
  0
LINE
  5
1E5
330
17
100
AcDbEntity
  8
A-WALL
370
30
100
AcDbLine
 10
220.0
 20
578.0
 30
0.0
 11
220.0
 21
576.5
 31
0.0
  0
LINE
  5
1E6
330
17
100
AcDbEntity
  8
A-WALL
370
30
100
AcDbLine
 10
220.0
 20
531.5
 30
0.0
 11
220.0
 21
530.0
 31
0.0
  0
LINE
  5
1E7
330
17
100
AcDbEntity
  8
A-WALL
370
25
100
AcDbLine
 10
232.0
 20
578.0
 30
0.0
 11
232.0
 21
530.0
 31
0.0
  0
LINE
  5
1E8
330
17
100
AcDbEntity
  8
A-WALL
370
30
100
AcDbLine
 10
232.0
 20
578.0
 30
0.0
 11
232.0
 21
576.5
 31
0.0
  0
LINE
  5
1E9
330
17
100
AcDbEntity
  8
A-WALL
370
30
100
AcDbLine
 10
232.0
 20
531.5
 30
0.0
 11
232.0
 21
530.0
 31
0.0
  0
LINE
  5
1EA
330
17
100
AcDbEntity
  8
A-WALL
370
25
100
AcDbLine
 10
244.0
 20
578.0
 30
0.0
 11
244.0
 21
530.0
 31
0.0
  0
LINE
  5
1EB
330
17
100
AcDbEntity
  8
A-WALL
370
30
100
AcDbLine
 10
244.0
 20
578.0
 30
0.0
 11
244.0
 21
576.5
 31
0.0
  0
LINE
  5
1EC
330
17
100
AcDbEntity
  8
A-WALL
370
30
100
AcDbLine
 10
244.0
 20
531.5
 30
0.0
 11
244.0
 21
530.0
 31
0.0
  0
LINE
  5
1ED
330
17
100
AcDbEntity
  8
A-WALL
370
25
100
AcDbLine
 10
256.0
 20
578.0
 30
0.0
 11
256.0
 21
530.0
 31
0.0
  0
LINE
  5
1EE
330
17
100
AcDbEntity
  8
A-WALL
370
30
100
AcDbLine
 10
256.0
 20
578.0
 30
0.0
 11
256.0
 21
576.5
 31
0.0
  0
LINE
  5
1EF
330
17
100
AcDbEntity
  8
A-WALL
370
30
100
AcDbLine
 10
256.0
 20
531.5
 30
0.0
 11
256.0
 21
530.0
 31
0.0
  0
LINE
  5
1F0
330
17
100
AcDbEntity
  8
A-WALL
370
25
100
AcDbLine
 10
268.0
 20
578.0
 30
0.0
 11
268.0
 21
530.0
 31
0.0
  0
LINE
  5
1F1
330
17
100
AcDbEntity
  8
A-WALL
370
30
100
AcDbLine
 10
268.0
 20
578.0
 30
0.0
 11
268.0
 21
576.5
 31
0.0
  0
LINE
  5
1F2
330
17
100
AcDbEntity
  8
A-WALL
370
30
100
AcDbLine
 10
268.0
 20
531.5
 30
0.0
 11
268.0
 21
530.0
 31
0.0
  0
LINE
  5
1F3
330
17
100
AcDbEntity
  8
A-WALL
370
25
100
AcDbLine
 10
280.0
 20
578.0
 30
0.0
 11
280.0
 21
530.0
 31
0.0
  0
LINE
  5
1F4
330
17
100
AcDbEntity
  8
A-WALL
370
30
100
AcDbLine
 10
280.0
 20
578.0
 30
0.0
 11
280.0
 21
576.5
 31
0.0
  0
LINE
  5
1F5
330
17
100
AcDbEntity
  8
A-WALL
370
30
100
AcDbLine
 10
280.0
 20
531.5
 30
0.0
 11
280.0
 21
530.0
 31
0.0
  0
LINE
  5
1F6
330
17
100
AcDbEntity
  8
A-WALL
370
25
100
AcDbLine
 10
292.0
 20
578.0
 30
0.0
 11
292.0
 21
530.0
 31
0.0
  0
LINE
  5
1F7
330
17
100
AcDbEntity
  8
A-WALL
370
30
100
AcDbLine
 10
292.0
 20
578.0
 30
0.0
 11
292.0
 21
576.5
 31
0.0
  0
LINE
  5
1F8
330
17
100
AcDbEntity
  8
A-WALL
370
30
100
AcDbLine
 10
292.0
 20
531.5
 30
0.0
 11
292.0
 21
530.0
 31
0.0
  0
LINE
  5
1F9
330
17
100
AcDbEntity
  8
A-WALL
370
25
100
AcDbLine
 10
304.0
 20
578.0
 30
0.0
 11
304.0
 21
530.0
 31
0.0
  0
LINE
  5
1FA
330
17
100
AcDbEntity
  8
A-WALL
370
30
100
AcDbLine
 10
304.0
 20
578.0
 30
0.0
 11
304.0
 21
576.5
 31
0.0
  0
LINE
  5
1FB
330
17
100
AcDbEntity
  8
A-WALL
370
30
100
AcDbLine
 10
304.0
 20
531.5
 30
0.0
 11
304.0
 21
530.0
 31
0.0
  0
LINE
  5
1FC
330
17
100
AcDbEntity
  8
A-WALL
370
25
100
AcDbLine
 10
316.0
 20
578.0
 30
0.0
 11
316.0
 21
530.0
 31
0.0
  0
LINE
  5
1FD
330
17
100
AcDbEntity
  8
A-WALL
370
30
100
AcDbLine
 10
316.0
 20
578.0
 30
0.0
 11
316.0
 21
576.5
 31
0.0
  0
LINE
  5
1FE
330
17
100
AcDbEntity
  8
A-WALL
370
30
100
AcDbLine
 10
316.0
 20
531.5
 30
0.0
 11
316.0
 21
530.0
 31
0.0
  0
LINE
  5
1FF
330
17
100
AcDbEntity
  8
A-WALL
370
25
100
AcDbLine
 10
328.0
 20
578.0
 30
0.0
 11
328.0
 21
530.0
 31
0.0
  0
LINE
  5
200
330
17
100
AcDbEntity
  8
A-WALL
370
30
100
AcDbLine
 10
328.0
 20
578.0
 30
0.0
 11
328.0
 21
576.5
 31
0.0
  0
LINE
  5
201
330
17
100
AcDbEntity
  8
A-WALL
370
30
100
AcDbLine
 10
328.0
 20
531.5
 30
0.0
 11
328.0
 21
530.0
 31
0.0
  0
LINE
  5
202
330
17
100
AcDbEntity
  8
A-ACC
370
18
100
AcDbLine
 10
172.0
 20
572.0
 30
0.0
 11
328.0
 21
572.0
 31
0.0
  0
LINE
  5
203
330
17
100
AcDbEntity
  8
A-ACC
370
18
100
AcDbLine
 10
172.0
 20
530.0
 30
0.0
 11
328.0
 21
530.0
 31
0.0
  0
LINE
  5
204
330
17
100
AcDbEntity
  8
A-WALL
370
25
100
AcDbLine
 10
436.0
 20
518.0
 30
0.0
 11
436.0
 21
470.0
 31
0.0
  0
LINE
  5
205
330
17
100
AcDbEntity
  8
A-WALL
370
25
100
AcDbLine
 10
448.0
 20
518.0
 30
0.0
 11
448.0
 21
470.0
 31
0.0
  0
LINE
  5
206
330
17
100
AcDbEntity
  8
A-WALL
370
30
100
AcDbLine
 10
448.0
 20
518.0
 30
0.0
 11
448.0
 21
516.5
 31
0.0
  0
LINE
  5
207
330
17
100
AcDbEntity
  8
A-WALL
370
30
100
AcDbLine
 10
448.0
 20
471.5
 30
0.0
 11
448.0
 21
470.0
 31
0.0
  0
LINE
  5
208
330
17
100
AcDbEntity
  8
A-WALL
370
25
100
AcDbLine
 10
460.0
 20
518.0
 30
0.0
 11
460.0
 21
470.0
 31
0.0
  0
LINE
  5
209
330
17
100
AcDbEntity
  8
A-WALL
370
30
100
AcDbLine
 10
460.0
 20
518.0
 30
0.0
 11
460.0
 21
516.5
 31
0.0
  0
LINE
  5
20A
330
17
100
AcDbEntity
  8
A-WALL
370
30
100
AcDbLine
 10
460.0
 20
471.5
 30
0.0
 11
460.0
 21
470.0
 31
0.0
  0
LINE
  5
20B
330
17
100
AcDbEntity
  8
A-WALL
370
25
100
AcDbLine
 10
472.0
 20
518.0
 30
0.0
 11
472.0
 21
470.0
 31
0.0
  0
LINE
  5
20C
330
17
100
AcDbEntity
  8
A-WALL
370
30
100
AcDbLine
 10
472.0
 20
518.0
 30
0.0
 11
472.0
 21
516.5
 31
0.0
  0
LINE
  5
20D
330
17
100
AcDbEntity
  8
A-WALL
370
30
100
AcDbLine
 10
472.0
 20
471.5
 30
0.0
 11
472.0
 21
470.0
 31
0.0
  0
LINE
  5
20E
330
17
100
AcDbEntity
  8
A-WALL
370
25
100
AcDbLine
 10
484.0
 20
518.0
 30
0.0
 11
484.0
 21
470.0
 31
0.0
  0
LINE
  5
20F
330
17
100
AcDbEntity
  8
A-WALL
370
30
100
AcDbLine
 10
484.0
 20
518.0
 30
0.0
 11
484.0
 21
516.5
 31
0.0
  0
LINE
  5
210
330
17
100
AcDbEntity
  8
A-WALL
370
30
100
AcDbLine
 10
484.0
 20
471.5
 30
0.0
 11
484.0
 21
470.0
 31
0.0
  0
LINE
  5
211
330
17
100
AcDbEntity
  8
A-WALL
370
25
100
AcDbLine
 10
496.0
 20
518.0
 30
0.0
 11
496.0
 21
470.0
 31
0.0
  0
LINE
  5
212
330
17
100
AcDbEntity
  8
A-WALL
370
30
100
AcDbLine
 10
496.0
 20
518.0
 30
0.0
 11
496.0
 21
516.5
 31
0.0
  0
LINE
  5
213
330
17
100
AcDbEntity
  8
A-WALL
370
30
100
AcDbLine
 10
496.0
 20
471.5
 30
0.0
 11
496.0
 21
470.0
 31
0.0
  0
LINE
  5
214
330
17
100
AcDbEntity
  8
A-WALL
370
25
100
AcDbLine
 10
508.0
 20
518.0
 30
0.0
 11
508.0
 21
470.0
 31
0.0
  0
LINE
  5
215
330
17
100
AcDbEntity
  8
A-WALL
370
30
100
AcDbLine
 10
508.0
 20
518.0
 30
0.0
 11
508.0
 21
516.5
 31
0.0
  0
LINE
  5
216
330
17
100
AcDbEntity
  8
A-WALL
370
30
100
AcDbLine
 10
508.0
 20
471.5
 30
0.0
 11
508.0
 21
470.0
 31
0.0
  0
LINE
  5
217
330
17
100
AcDbEntity
  8
A-WALL
370
25
100
AcDbLine
 10
520.0
 20
518.0
 30
0.0
 11
520.0
 21
470.0
 31
0.0
  0
LINE
  5
218
330
17
100
AcDbEntity
  8
A-WALL
370
30
100
AcDbLine
 10
520.0
 20
518.0
 30
0.0
 11
520.0
 21
516.5
 31
0.0
  0
LINE
  5
219
330
17
100
AcDbEntity
  8
A-WALL
370
30
100
AcDbLine
 10
520.0
 20
471.5
 30
0.0
 11
520.0
 21
470.0
 31
0.0
  0
LINE
  5
21A
330
17
100
AcDbEntity
  8
A-WALL
370
25
100
AcDbLine
 10
532.0
 20
518.0
 30
0.0
 11
532.0
 21
470.0
 31
0.0
  0
LINE
  5
21B
330
17
100
AcDbEntity
  8
A-WALL
370
30
100
AcDbLine
 10
532.0
 20
518.0
 30
0.0
 11
532.0
 21
516.5
 31
0.0
  0
LINE
  5
21C
330
17
100
AcDbEntity
  8
A-WALL
370
30
100
AcDbLine
 10
532.0
 20
471.5
 30
0.0
 11
532.0
 21
470.0
 31
0.0
  0
LINE
  5
21D
330
17
100
AcDbEntity
  8
A-WALL
370
25
100
AcDbLine
 10
544.0
 20
518.0
 30
0.0
 11
544.0
 21
470.0
 31
0.0
  0
LINE
  5
21E
330
17
100
AcDbEntity
  8
A-WALL
370
30
100
AcDbLine
 10
544.0
 20
518.0
 30
0.0
 11
544.0
 21
516.5
 31
0.0
  0
LINE
  5
21F
330
17
100
AcDbEntity
  8
A-WALL
370
30
100
AcDbLine
 10
544.0
 20
471.5
 30
0.0
 11
544.0
 21
470.0
 31
0.0
  0
LINE
  5
220
330
17
100
AcDbEntity
  8
A-WALL
370
25
100
AcDbLine
 10
556.0
 20
518.0
 30
0.0
 11
556.0
 21
470.0
 31
0.0
  0
LINE
  5
221
330
17
100
AcDbEntity
  8
A-WALL
370
30
100
AcDbLine
 10
556.0
 20
518.0
 30
0.0
 11
556.0
 21
516.5
 31
0.0
  0
LINE
  5
222
330
17
100
AcDbEntity
  8
A-WALL
370
30
100
AcDbLine
 10
556.0
 20
471.5
 30
0.0
 11
556.0
 21
470.0
 31
0.0
  0
LINE
  5
223
330
17
100
AcDbEntity
  8
A-WALL
370
25
100
AcDbLine
 10
568.0
 20
518.0
 30
0.0
 11
568.0
 21
470.0
 31
0.0
  0
LINE
  5
224
330
17
100
AcDbEntity
  8
A-WALL
370
30
100
AcDbLine
 10
568.0
 20
518.0
 30
0.0
 11
568.0
 21
516.5
 31
0.0
  0
LINE
  5
225
330
17
100
AcDbEntity
  8
A-WALL
370
30
100
AcDbLine
 10
568.0
 20
471.5
 30
0.0
 11
568.0
 21
470.0
 31
0.0
  0
LINE
  5
226
330
17
100
AcDbEntity
  8
A-WALL
370
25
100
AcDbLine
 10
580.0
 20
518.0
 30
0.0
 11
580.0
 21
470.0
 31
0.0
  0
LINE
  5
227
330
17
100
AcDbEntity
  8
A-WALL
370
30
100
AcDbLine
 10
580.0
 20
518.0
 30
0.0
 11
580.0
 21
516.5
 31
0.0
  0
LINE
  5
228
330
17
100
AcDbEntity
  8
A-WALL
370
30
100
AcDbLine
 10
580.0
 20
471.5
 30
0.0
 11
580.0
 21
470.0
 31
0.0
  0
LINE
  5
229
330
17
100
AcDbEntity
  8
A-WALL
370
25
100
AcDbLine
 10
592.0
 20
518.0
 30
0.0
 11
592.0
 21
470.0
 31
0.0
  0
LINE
  5
22A
330
17
100
AcDbEntity
  8
A-WALL
370
30
100
AcDbLine
 10
592.0
 20
518.0
 30
0.0
 11
592.0
 21
516.5
 31
0.0
  0
LINE
  5
22B
330
17
100
AcDbEntity
  8
A-WALL
370
30
100
AcDbLine
 10
592.0
 20
471.5
 30
0.0
 11
592.0
 21
470.0
 31
0.0
  0
LINE
  5
22C
330
17
100
AcDbEntity
  8
A-ACC
370
18
100
AcDbLine
 10
436.0
 20
476.0
 30
0.0
 11
592.0
 21
476.0
 31
0.0
  0
LINE
  5
22D
330
17
100
AcDbEntity
  8
A-ACC
370
18
100
AcDbLine
 10
436.0
 20
518.0
 30
0.0
 11
592.0
 21
518.0
 31
0.0
  0
LINE
  5
22E
330
17
100
AcDbEntity
  8
A-SECT-CUT
370
30
100
AcDbLine
 10
184.0
 20
556.0
 30
0.0
 11
316.0
 21
556.0
 31
0.0
  0
LINE
  5
22F
330
17
100
AcDbEntity
  8
A-SECT-CUT
370
30
100
AcDbLine
 10
184.0
 20
552.0
 30
0.0
 11
316.0
 21
552.0
 31
0.0
  0
LINE
  5
230
330
17
100
AcDbEntity
  8
A-SECT-CUT
370
30
100
AcDbLine
 10
316.0
 20
556.0
 30
0.0
 11
306.0
 21
562.0
 31
0.0
  0
LINE
  5
231
330
17
100
AcDbEntity
  8
A-SECT-CUT
370
30
100
AcDbLine
 10
316.0
 20
552.0
 30
0.0
 11
306.0
 21
546.0
 31
0.0
  0
TEXT
  5
232
330
17
100
AcDbEntity
  8
A-SECT-CUT
100
AcDbText
 10
250.0
 20
554.0
 30
0.0
 40
15.0
  1
UP
 50
270.0
  7
SIMPLEX
 72
1
 11
250.0
 21
554.0
 31
0.0
100
AcDbText
 73
2
  0
LINE
  5
233
330
17
100
AcDbEntity
  8
A-SECT-CUT
370
30
100
AcDbLine
 10
580.0
 20
496.0
 30
0.0
 11
448.0
 21
496.0
 31
0.0
  0
LINE
  5
234
330
17
100
AcDbEntity
  8
A-SECT-CUT
370
30
100
AcDbLine
 10
580.0
 20
492.0
 30
0.0
 11
448.0
 21
492.0
 31
0.0
  0
LINE
  5
235
330
17
100
AcDbEntity
  8
A-SECT-CUT
370
30
100
AcDbLine
 10
448.0
 20
496.0
 30
0.0
 11
458.0
 21
502.0
 31
0.0
  0
LINE
  5
236
330
17
100
AcDbEntity
  8
A-SECT-CUT
370
30
100
AcDbLine
 10
448.0
 20
492.0
 30
0.0
 11
458.0
 21
486.0
 31
0.0
  0
TEXT
  5
237
330
17
100
AcDbEntity
  8
A-SECT-CUT
100
AcDbText
 10
514.0
 20
494.0
 30
0.0
 40
15.0
  1
DOWN
 50
270.0
  7
SIMPLEX
 72
1
 11
514.0
 21
494.0
 31
0.0
100
AcDbText
 73
2
  0
TEXT
  5
238
330
17
100
AcDbEntity
  8
A-TEXT
100
AcDbText
 10
154.0
 20
524.0
 30
0.0
 40
9.0
  1
STAIR ST-01 | 9'-0"W | 2x13 RISERS | T=12" R=6.8" | DOG-LEG 180
 50
270.0
  7
SIMPLEX
 72
1
 11
154.0
 21
524.0
 31
0.0
100
AcDbText
 73
2
  0
TEXT
  5
239
330
17
100
AcDbEntity
  8
A-TEXT
100
AcDbText
 10
157.60000000000002
 20
554.0
 30
0.0
 40
6.0
  1
FLIGHT-1
 50
270.0
  7
SIMPLEX
 72
1
 11
157.60000000000002
 21
554.0
 31
0.0
100
AcDbText
 73
2
  0
TEXT
  5
23A
330
17
100
AcDbEntity
  8
A-TEXT
100
AcDbText
 10
606.4
 20
494.0
 30
0.0
 40
6.0
  1
FLIGHT-2
 50
270.0
  7
SIMPLEX
 72
1
 11
606.4
 21
494.0
 31
0.0
100
AcDbText
 73
2
  0
LINE
  5
23B
330
17
100
AcDbEntity
  8
A-DOOR
370
25
100
AcDbLine
 10
184.0
 20
542.0
 30
0.0
 11
184.0
 21
506.0
 31
0.0
  0
ARC
  5
23C
330
17
100
AcDbEntity
  8
A-DOOR
370
15
100
AcDbCircle
 10
184.0
 20
542.0
 30
0.0
 40
36.0
100
AcDbArc
 50
270.0
 51
0.0
  0
LINE
  5
23D
330
17
100
AcDbEntity
  8
A-DOOR
370
25
100
AcDbLine
 10
544.0
 20
542.0
 30
0.0
 11
544.0
 21
506.0
 31
0.0
  0
ARC
  5
23E
330
17
100
AcDbEntity
  8
A-DOOR
370
15
100
AcDbCircle
 10
544.0
 20
542.0
 30
0.0
 40
36.0
100
AcDbArc
 50
180.0
 51
270.0
  0
LINE
  5
23F
330
17
100
AcDbEntity
  8
A-WALL
370
35
100
AcDbLine
 10
232.0
 20
1122.0
 30
0.0
 11
232.0
 21
958.0
 31
0.0
  0
LINE
  5
240
330
17
100
AcDbEntity
  8
A-WALL
370
35
100
AcDbLine
 10
232.0
 20
958.0
 30
0.0
 11
398.0
 21
958.0
 31
0.0
  0
LINE
  5
241
330
17
100
AcDbEntity
  8
A-WALL
370
35
100
AcDbLine
 10
398.0
 20
958.0
 30
0.0
 11
398.0
 21
1122.0
 31
0.0
  0
LINE
  5
242
330
17
100
AcDbEntity
  8
A-WALL
370
35
100
AcDbLine
 10
398.0
 20
1122.0
 30
0.0
 11
232.0
 21
1122.0
 31
0.0
  0
TEXT
  5
243
330
17
100
AcDbEntity
  8
A-TEXT-TTL
100
AcDbText
 10
339.0
 20
1060.25
 30
0.0
 40
15.0
  1
EDP PROCESS CENTRE
 50
270.0
  7
SIMPLEX
 72
1
 11
339.0
 21
1060.25
 31
0.0
100
AcDbText
 73
2
  0
TEXT
  5
244
330
17
100
AcDbEntity
  8
A-TEXT-TTL
100
AcDbText
 10
339.0
 20
1040.0
 30
0.0
 40
15.0
  1
CITATION PRINTING
 50
270.0
  7
SIMPLEX
 72
1
 11
339.0
 21
1040.0
 31
0.0
100
AcDbText
 73
2
  0
TEXT
  5
245
330
17
100
AcDbEntity
  8
A-TEXT-TTL
100
AcDbText
 10
339.0
 20
1019.75
 30
0.0
 40
15.0
  1
15' x 14.5'
 50
270.0
  7
SIMPLEX
 72
1
 11
339.0
 21
1019.75
 31
0.0
100
AcDbText
 73
2
  0
LINE
  5
246
330
17
100
AcDbEntity
  8
A-FURN
370
20
100
AcDbLine
 10
255.99999999999997
 20
1104.0
 30
0.0
 11
255.99999999999997
 21
1056.0
 31
0.0
  0
LINE
  5
247
330
17
100
AcDbEntity
  8
A-FURN
370
20
100
AcDbLine
 10
255.99999999999997
 20
1056.0
 30
0.0
 11
280.0
 21
1056.0
 31
0.0
  0
LINE
  5
248
330
17
100
AcDbEntity
  8
A-FURN
370
20
100
AcDbLine
 10
280.0
 20
1056.0
 30
0.0
 11
280.0
 21
1104.0
 31
0.0
  0
LINE
  5
249
330
17
100
AcDbEntity
  8
A-FURN
370
20
100
AcDbLine
 10
280.0
 20
1104.0
 30
0.0
 11
255.99999999999997
 21
1104.0
 31
0.0
  0
CIRCLE
  5
24A
330
17
100
AcDbEntity
  8
A-FURN
370
18
100
AcDbCircle
 10
289.6
 20
1080.0
 30
0.0
 40
5.4
  0
LINE
  5
24B
330
17
100
AcDbEntity
  8
A-FURN
370
15
100
AcDbLine
 10
259.6
 20
1088.4
 30
0.0
 11
259.6
 21
1071.6
 31
0.0
  0
LINE
  5
24C
330
17
100
AcDbEntity
  8
A-FURN
370
15
100
AcDbLine
 10
259.6
 20
1071.6
 30
0.0
 11
268.0
 21
1071.6
 31
0.0
  0
LINE
  5
24D
330
17
100
AcDbEntity
  8
A-FURN
370
15
100
AcDbLine
 10
268.0
 20
1071.6
 30
0.0
 11
268.0
 21
1088.4
 31
0.0
  0
LINE
  5
24E
330
17
100
AcDbEntity
  8
A-FURN
370
15
100
AcDbLine
 10
268.0
 20
1088.4
 30
0.0
 11
259.6
 21
1088.4
 31
0.0
  0
TEXT
  5
24F
330
17
100
AcDbEntity
  8
A-FURN
100
AcDbText
 10
268.0
 20
1080.0
 30
0.0
 40
6.0
  1
PC-1
 50
270.0
  7
SIMPLEX
 72
1
 11
268.0
 21
1080.0
 31
0.0
100
AcDbText
 73
2
  0
LINE
  5
250
330
17
100
AcDbEntity
  8
A-FURN
370
20
100
AcDbLine
 10
255.99999999999997
 20
1046.3999999999999
 30
0.0
 11
256.0
 21
998.4
 31
0.0
  0
LINE
  5
251
330
17
100
AcDbEntity
  8
A-FURN
370
20
100
AcDbLine
 10
256.0
 20
998.4
 30
0.0
 11
280.0
 21
998.4
 31
0.0
  0
LINE
  5
252
330
17
100
AcDbEntity
  8
A-FURN
370
20
100
AcDbLine
 10
280.0
 20
998.4
 30
0.0
 11
280.0
 21
1046.4
 31
0.0
  0
LINE
  5
253
330
17
100
AcDbEntity
  8
A-FURN
370
20
100
AcDbLine
 10
280.0
 20
1046.4
 30
0.0
 11
255.99999999999997
 21
1046.3999999999999
 31
0.0
  0
CIRCLE
  5
254
330
17
100
AcDbEntity
  8
A-FURN
370
18
100
AcDbCircle
 10
289.6
 20
1022.4
 30
0.0
 40
5.4
  0
LINE
  5
255
330
17
100
AcDbEntity
  8
A-FURN
370
15
100
AcDbLine
 10
259.6
 20
1030.8
 30
0.0
 11
259.6
 21
1014.0
 31
0.0
  0
LINE
  5
256
330
17
100
AcDbEntity
  8
A-FURN
370
15
100
AcDbLine
 10
259.6
 20
1014.0
 30
0.0
 11
268.0
 21
1014.0
 31
0.0
  0
LINE
  5
257
330
17
100
AcDbEntity
  8
A-FURN
370
15
100
AcDbLine
 10
268.0
 20
1014.0
 30
0.0
 11
268.0
 21
1030.8
 31
0.0
  0
LINE
  5
258
330
17
100
AcDbEntity
  8
A-FURN
370
15
100
AcDbLine
 10
268.0
 20
1030.8
 30
0.0
 11
259.6
 21
1030.8
 31
0.0
  0
TEXT
  5
259
330
17
100
AcDbEntity
  8
A-FURN
100
AcDbText
 10
268.0
 20
1022.4
 30
0.0
 40
6.0
  1
PC-2
 50
270.0
  7
SIMPLEX
 72
1
 11
268.0
 21
1022.4
 31
0.0
100
AcDbText
 73
2
  0
LINE
  5
25A
330
17
100
AcDbEntity
  8
A-FURN
370
20
100
AcDbLine
 10
256.0
 20
988.8
 30
0.0
 11
256.0
 21
940.8
 31
0.0
  0
LINE
  5
25B
330
17
100
AcDbEntity
  8
A-FURN
370
20
100
AcDbLine
 10
256.0
 20
940.8
 30
0.0
 11
280.0
 21
940.8
 31
0.0
  0
LINE
  5
25C
330
17
100
AcDbEntity
  8
A-FURN
370
20
100
AcDbLine
 10
280.0
 20
940.8
 30
0.0
 11
280.0
 21
988.8
 31
0.0
  0
LINE
  5
25D
330
17
100
AcDbEntity
  8
A-FURN
370
20
100
AcDbLine
 10
280.0
 20
988.8
 30
0.0
 11
256.0
 21
988.8
 31
0.0
  0
CIRCLE
  5
25E
330
17
100
AcDbEntity
  8
A-FURN
370
18
100
AcDbCircle
 10
289.6
 20
964.8
 30
0.0
 40
5.4
  0
LINE
  5
25F
330
17
100
AcDbEntity
  8
A-FURN
370
15
100
AcDbLine
 10
259.6
 20
973.1999999999999
 30
0.0
 11
259.6
 21
956.4
 31
0.0
  0
LINE
  5
260
330
17
100
AcDbEntity
  8
A-FURN
370
15
100
AcDbLine
 10
259.6
 20
956.4
 30
0.0
 11
268.0
 21
956.4
 31
0.0
  0
LINE
  5
261
330
17
100
AcDbEntity
  8
A-FURN
370
15
100
AcDbLine
 10
268.0
 20
956.4
 30
0.0
 11
268.0
 21
973.1999999999999
 31
0.0
  0
LINE
  5
262
330
17
100
AcDbEntity
  8
A-FURN
370
15
100
AcDbLine
 10
268.0
 20
973.1999999999999
 30
0.0
 11
259.6
 21
973.1999999999999
 31
0.0
  0
TEXT
  5
263
330
17
100
AcDbEntity
  8
A-FURN
100
AcDbText
 10
268.0
 20
964.8
 30
0.0
 40
6.0
  1
PC-3
 50
270.0
  7
SIMPLEX
 72
1
 11
268.0
 21
964.8
 31
0.0
100
AcDbText
 73
2
  0
LINE
  5
264
330
17
100
AcDbEntity
  8
A-FURN
370
18
100
AcDbLine
 10
362.0
 20
1104.0
 30
0.0
 11
362.0
 21
976.0
 31
0.0
  0
LINE
  5
265
330
17
100
AcDbEntity
  8
A-FURN
370
18
100
AcDbLine
 10
362.0
 20
976.0
 30
0.0
 11
386.0
 21
976.0
 31
0.0
  0
LINE
  5
266
330
17
100
AcDbEntity
  8
A-FURN
370
18
100
AcDbLine
 10
386.0
 20
976.0
 30
0.0
 11
386.0
 21
1104.0
 31
0.0
  0
LINE
  5
267
330
17
100
AcDbEntity
  8
A-FURN
370
18
100
AcDbLine
 10
386.0
 20
1104.0
 30
0.0
 11
362.0
 21
1104.0
 31
0.0
  0
TEXT
  5
268
330
17
100
AcDbEntity
  8
A-FURN
100
AcDbText
 10
374.0
 20
1040.0
 30
0.0
 40
6.0
  1
PRINTER / PLOTTER
 50
270.0
  7
SIMPLEX
 72
1
 11
374.0
 21
1040.0
 31
0.0
100
AcDbText
 73
2
  0
LINE
  5
269
330
17
100
AcDbEntity
  8
A-DOOR
370
25
100
AcDbLine
 10
232.0
 20
1000.0
 30
0.0
 11
232.0
 21
964.0
 31
0.0
  0
ARC
  5
26A
330
17
100
AcDbEntity
  8
A-DOOR
370
15
100
AcDbCircle
 10
232.0
 20
1000.0
 30
0.0
 40
36.0
100
AcDbArc
 50
270.0
 51
0.0
  0
TEXT
  5
26B
330
17
100
AcDbEntity
  8
A-DOOR
100
AcDbText
 10
253.60000000000002
 20
982.0
 30
0.0
 40
6.0
  1
D-FF-01 3'-0"
 50
270.0
  7
SIMPLEX
 72
1
 11
253.60000000000002
 21
982.0
 31
0.0
100
AcDbText
 73
2
  0
LINE
  5
26C
330
17
100
AcDbEntity
  8
A-WALL
370
35
100
AcDbLine
 10
232.0
 20
950.0
 30
0.0
 11
232.0
 21
586.0
 31
0.0
  0
LINE
  5
26D
330
17
100
AcDbEntity
  8
A-WALL
370
35
100
AcDbLine
 10
232.0
 20
586.0
 30
0.0
 11
818.0
 21
586.0
 31
0.0
  0
LINE
  5
26E
330
17
100
AcDbEntity
  8
A-WALL
370
35
100
AcDbLine
 10
818.0
 20
586.0
 30
0.0
 11
818.0
 21
950.0
 31
0.0
  0
LINE
  5
26F
330
17
100
AcDbEntity
  8
A-WALL
370
35
100
AcDbLine
 10
818.0
 20
950.0
 30
0.0
 11
232.0
 21
950.0
 31
0.0
  0
TEXT
  5
270
330
17
100
AcDbEntity
  8
A-TEXT-TTL
100
AcDbText
 10
782.0
 20
780.15
 30
0.0
 40
18.0
  1
LIBRARY READING ROOM
 50
270.0
  7
SIMPLEX
 72
1
 11
782.0
 21
780.15
 31
0.0
100
AcDbText
 73
2
  0
TEXT
  5
271
330
17
100
AcDbEntity
  8
A-TEXT-TTL
100
AcDbText
 10
782.0
 20
755.85
 30
0.0
 40
18.0
  1
TABLES WITH CHAIRS BOTH SIDES
 50
270.0
  7
SIMPLEX
 72
1
 11
782.0
 21
755.85
 31
0.0
100
AcDbText
 73
2
  0
LINE
  5
272
330
17
100
AcDbEntity
  8
A-BAY
370
18
100
AcDbLine
 10
232.0
 20
792.0
 30
0.0
 11
818.0
 21
792.0
 31
0.0
  0
LINE
  5
273
330
17
100
AcDbEntity
  8
A-BAY
370
18
100
AcDbLine
 10
232.0
 20
744.0
 30
0.0
 11
818.0
 21
744.0
 31
0.0
  0
TEXT
  5
274
330
17
100
AcDbEntity
  8
A-TEXT-TTL
100
AcDbText
 10
525.0
 20
768.0
 30
0.0
 40
12.0
  1
AISLE 4'
  7
SIMPLEX
 72
1
 11
525.0
 21
768.0
 31
0.0
100
AcDbText
 73
2
  0
LINE
  5
275
330
17
100
AcDbEntity
  8
A-FURN
370
25
100
AcDbLine
 10
280.0
 20
932.0
 30
0.0
 11
280.0
 21
872.0
 31
0.0
  0
LINE
  5
276
330
17
100
AcDbEntity
  8
A-FURN
370
25
100
AcDbLine
 10
280.0
 20
872.0
 30
0.0
 11
306.4
 21
872.0
 31
0.0
  0
LINE
  5
277
330
17
100
AcDbEntity
  8
A-FURN
370
25
100
AcDbLine
 10
306.4
 20
872.0
 30
0.0
 11
306.4
 21
932.0
 31
0.0
  0
LINE
  5
278
330
17
100
AcDbEntity
  8
A-FURN
370
25
100
AcDbLine
 10
306.4
 20
932.0
 30
0.0
 11
280.0
 21
932.0
 31
0.0
  0
CIRCLE
  5
279
330
17
100
AcDbEntity
  8
A-FURN
370
15
100
AcDbCircle
 10
270.4
 20
920.0
 30
0.0
 40
5.04
  0
CIRCLE
  5
27A
330
17
100
AcDbEntity
  8
A-FURN
370
15
100
AcDbCircle
 10
270.4
 20
902.0
 30
0.0
 40
5.04
  0
CIRCLE
  5
27B
330
17
100
AcDbEntity
  8
A-FURN
370
15
100
AcDbCircle
 10
270.4
 20
884.0
 30
0.0
 40
5.04
  0
CIRCLE
  5
27C
330
17
100
AcDbEntity
  8
A-FURN
370
15
100
AcDbCircle
 10
316.0
 20
920.0
 30
0.0
 40
5.04
  0
CIRCLE
  5
27D
330
17
100
AcDbEntity
  8
A-FURN
370
15
100
AcDbCircle
 10
316.0
 20
902.0
 30
0.0
 40
5.04
  0
CIRCLE
  5
27E
330
17
100
AcDbEntity
  8
A-FURN
370
15
100
AcDbCircle
 10
316.0
 20
884.0
 30
0.0
 40
5.04
  0
TEXT
  5
27F
330
17
100
AcDbEntity
  8
A-FURN
100
AcDbText
 10
293.20000000000005
 20
902.0
 30
0.0
 40
6.0
  1
T1.1
 50
270.0
  7
SIMPLEX
 72
1
 11
293.20000000000005
 21
902.0
 31
0.0
100
AcDbText
 73
2
  0
LINE
  5
280
330
17
100
AcDbEntity
  8
A-FURN
370
25
100
AcDbLine
 10
280.0
 20
857.6
 30
0.0
 11
280.0
 21
797.6
 31
0.0
  0
LINE
  5
281
330
17
100
AcDbEntity
  8
A-FURN
370
25
100
AcDbLine
 10
280.0
 20
797.6
 30
0.0
 11
306.4
 21
797.6
 31
0.0
  0
LINE
  5
282
330
17
100
AcDbEntity
  8
A-FURN
370
25
100
AcDbLine
 10
306.4
 20
797.6
 30
0.0
 11
306.4
 21
857.6
 31
0.0
  0
LINE
  5
283
330
17
100
AcDbEntity
  8
A-FURN
370
25
100
AcDbLine
 10
306.4
 20
857.6
 30
0.0
 11
280.0
 21
857.6
 31
0.0
  0
CIRCLE
  5
284
330
17
100
AcDbEntity
  8
A-FURN
370
15
100
AcDbCircle
 10
270.4
 20
845.6
 30
0.0
 40
5.04
  0
CIRCLE
  5
285
330
17
100
AcDbEntity
  8
A-FURN
370
15
100
AcDbCircle
 10
270.4
 20
827.6
 30
0.0
 40
5.04
  0
CIRCLE
  5
286
330
17
100
AcDbEntity
  8
A-FURN
370
15
100
AcDbCircle
 10
270.4
 20
809.6
 30
0.0
 40
5.04
  0
CIRCLE
  5
287
330
17
100
AcDbEntity
  8
A-FURN
370
15
100
AcDbCircle
 10
316.0
 20
845.6
 30
0.0
 40
5.04
  0
CIRCLE
  5
288
330
17
100
AcDbEntity
  8
A-FURN
370
15
100
AcDbCircle
 10
316.0
 20
827.6
 30
0.0
 40
5.04
  0
CIRCLE
  5
289
330
17
100
AcDbEntity
  8
A-FURN
370
15
100
AcDbCircle
 10
316.0
 20
809.6
 30
0.0
 40
5.04
  0
TEXT
  5
28A
330
17
100
AcDbEntity
  8
A-FURN
100
AcDbText
 10
293.20000000000005
 20
827.6
 30
0.0
 40
6.0
  1
T1.2
 50
270.0
  7
SIMPLEX
 72
1
 11
293.20000000000005
 21
827.6
 31
0.0
100
AcDbText
 73
2
  0
LINE
  5
28B
330
17
100
AcDbEntity
  8
A-FURN
370
25
100
AcDbLine
 10
280.0
 20
729.6
 30
0.0
 11
280.0
 21
669.6
 31
0.0
  0
LINE
  5
28C
330
17
100
AcDbEntity
  8
A-FURN
370
25
100
AcDbLine
 10
280.0
 20
669.6
 30
0.0
 11
306.4
 21
669.6
 31
0.0
  0
LINE
  5
28D
330
17
100
AcDbEntity
  8
A-FURN
370
25
100
AcDbLine
 10
306.4
 20
669.6
 30
0.0
 11
306.4
 21
729.6
 31
0.0
  0
LINE
  5
28E
330
17
100
AcDbEntity
  8
A-FURN
370
25
100
AcDbLine
 10
306.4
 20
729.6
 30
0.0
 11
280.0
 21
729.6
 31
0.0
  0
CIRCLE
  5
28F
330
17
100
AcDbEntity
  8
A-FURN
370
15
100
AcDbCircle
 10
270.4
 20
717.6
 30
0.0
 40
5.04
  0
CIRCLE
  5
290
330
17
100
AcDbEntity
  8
A-FURN
370
15
100
AcDbCircle
 10
270.4
 20
699.6
 30
0.0
 40
5.04
  0
CIRCLE
  5
291
330
17
100
AcDbEntity
  8
A-FURN
370
15
100
AcDbCircle
 10
270.4
 20
681.6
 30
0.0
 40
5.04
  0
CIRCLE
  5
292
330
17
100
AcDbEntity
  8
A-FURN
370
15
100
AcDbCircle
 10
316.0
 20
717.6
 30
0.0
 40
5.04
  0
CIRCLE
  5
293
330
17
100
AcDbEntity
  8
A-FURN
370
15
100
AcDbCircle
 10
316.0
 20
699.6
 30
0.0
 40
5.04
  0
CIRCLE
  5
294
330
17
100
AcDbEntity
  8
A-FURN
370
15
100
AcDbCircle
 10
316.0
 20
681.6
 30
0.0
 40
5.04
  0
TEXT
  5
295
330
17
100
AcDbEntity
  8
A-FURN
100
AcDbText
 10
293.20000000000005
 20
699.6
 30
0.0
 40
6.0
  1
T1.3
 50
270.0
  7
SIMPLEX
 72
1
 11
293.20000000000005
 21
699.6
 31
0.0
100
AcDbText
 73
2
  0
LINE
  5
296
330
17
100
AcDbEntity
  8
A-FURN
370
25
100
AcDbLine
 10
280.0
 20
655.2
 30
0.0
 11
280.0
 21
595.2
 31
0.0
  0
LINE
  5
297
330
17
100
AcDbEntity
  8
A-FURN
370
25
100
AcDbLine
 10
280.0
 20
595.2
 30
0.0
 11
306.4
 21
595.2
 31
0.0
  0
LINE
  5
298
330
17
100
AcDbEntity
  8
A-FURN
370
25
100
AcDbLine
 10
306.4
 20
595.2
 30
0.0
 11
306.4
 21
655.2
 31
0.0
  0
LINE
  5
299
330
17
100
AcDbEntity
  8
A-FURN
370
25
100
AcDbLine
 10
306.4
 20
655.2
 30
0.0
 11
280.0
 21
655.2
 31
0.0
  0
CIRCLE
  5
29A
330
17
100
AcDbEntity
  8
A-FURN
370
15
100
AcDbCircle
 10
270.4
 20
643.2
 30
0.0
 40
5.04
  0
CIRCLE
  5
29B
330
17
100
AcDbEntity
  8
A-FURN
370
15
100
AcDbCircle
 10
270.4
 20
625.2
 30
0.0
 40
5.04
  0
CIRCLE
  5
29C
330
17
100
AcDbEntity
  8
A-FURN
370
15
100
AcDbCircle
 10
270.4
 20
607.2
 30
0.0
 40
5.04
  0
CIRCLE
  5
29D
330
17
100
AcDbEntity
  8
A-FURN
370
15
100
AcDbCircle
 10
316.0
 20
643.2
 30
0.0
 40
5.04
  0
CIRCLE
  5
29E
330
17
100
AcDbEntity
  8
A-FURN
370
15
100
AcDbCircle
 10
316.0
 20
625.2
 30
0.0
 40
5.04
  0
CIRCLE
  5
29F
330
17
100
AcDbEntity
  8
A-FURN
370
15
100
AcDbCircle
 10
316.0
 20
607.2
 30
0.0
 40
5.04
  0
TEXT
  5
2A0
330
17
100
AcDbEntity
  8
A-FURN
100
AcDbText
 10
293.20000000000005
 20
625.2
 30
0.0
 40
6.0
  1
T1.4
 50
270.0
  7
SIMPLEX
 72
1
 11
293.20000000000005
 21
625.2
 31
0.0
100
AcDbText
 73
2
  0
LINE
  5
2A1
330
17
100
AcDbEntity
  8
A-FURN
370
25
100
AcDbLine
 10
363.6
 20
932.0
 30
0.0
 11
363.6
 21
872.0
 31
0.0
  0
LINE
  5
2A2
330
17
100
AcDbEntity
  8
A-FURN
370
25
100
AcDbLine
 10
363.6
 20
872.0
 30
0.0
 11
390.0
 21
872.0
 31
0.0
  0
LINE
  5
2A3
330
17
100
AcDbEntity
  8
A-FURN
370
25
100
AcDbLine
 10
390.0
 20
872.0
 30
0.0
 11
390.0
 21
932.0
 31
0.0
  0
LINE
  5
2A4
330
17
100
AcDbEntity
  8
A-FURN
370
25
100
AcDbLine
 10
390.0
 20
932.0
 30
0.0
 11
363.6
 21
932.0
 31
0.0
  0
CIRCLE
  5
2A5
330
17
100
AcDbEntity
  8
A-FURN
370
15
100
AcDbCircle
 10
354.0
 20
920.0
 30
0.0
 40
5.04
  0
CIRCLE
  5
2A6
330
17
100
AcDbEntity
  8
A-FURN
370
15
100
AcDbCircle
 10
354.0
 20
902.0
 30
0.0
 40
5.04
  0
CIRCLE
  5
2A7
330
17
100
AcDbEntity
  8
A-FURN
370
15
100
AcDbCircle
 10
354.0
 20
884.0
 30
0.0
 40
5.04
  0
CIRCLE
  5
2A8
330
17
100
AcDbEntity
  8
A-FURN
370
15
100
AcDbCircle
 10
399.6
 20
920.0
 30
0.0
 40
5.04
  0
CIRCLE
  5
2A9
330
17
100
AcDbEntity
  8
A-FURN
370
15
100
AcDbCircle
 10
399.6
 20
902.0
 30
0.0
 40
5.04
  0
CIRCLE
  5
2AA
330
17
100
AcDbEntity
  8
A-FURN
370
15
100
AcDbCircle
 10
399.6
 20
884.0
 30
0.0
 40
5.04
  0
TEXT
  5
2AB
330
17
100
AcDbEntity
  8
A-FURN
100
AcDbText
 10
376.80000000000007
 20
902.0
 30
0.0
 40
6.0
  1
T2.1
 50
270.0
  7
SIMPLEX
 72
1
 11
376.80000000000007
 21
902.0
 31
0.0
100
AcDbText
 73
2
  0
LINE
  5
2AC
330
17
100
AcDbEntity
  8
A-FURN
370
25
100
AcDbLine
 10
363.6
 20
857.6
 30
0.0
 11
363.6
 21
797.6
 31
0.0
  0
LINE
  5
2AD
330
17
100
AcDbEntity
  8
A-FURN
370
25
100
AcDbLine
 10
363.6
 20
797.6
 30
0.0
 11
390.0
 21
797.6
 31
0.0
  0
LINE
  5
2AE
330
17
100
AcDbEntity
  8
A-FURN
370
25
100
AcDbLine
 10
390.0
 20
797.6
 30
0.0
 11
390.0
 21
857.6
 31
0.0
  0
LINE
  5
2AF
330
17
100
AcDbEntity
  8
A-FURN
370
25
100
AcDbLine
 10
390.0
 20
857.6
 30
0.0
 11
363.6
 21
857.6
 31
0.0
  0
CIRCLE
  5
2B0
330
17
100
AcDbEntity
  8
A-FURN
370
15
100
AcDbCircle
 10
354.0
 20
845.6
 30
0.0
 40
5.04
  0
CIRCLE
  5
2B1
330
17
100
AcDbEntity
  8
A-FURN
370
15
100
AcDbCircle
 10
354.0
 20
827.6
 30
0.0
 40
5.04
  0
CIRCLE
  5
2B2
330
17
100
AcDbEntity
  8
A-FURN
370
15
100
AcDbCircle
 10
354.0
 20
809.6
 30
0.0
 40
5.04
  0
CIRCLE
  5
2B3
330
17
100
AcDbEntity
  8
A-FURN
370
15
100
AcDbCircle
 10
399.6
 20
845.6
 30
0.0
 40
5.04
  0
CIRCLE
  5
2B4
330
17
100
AcDbEntity
  8
A-FURN
370
15
100
AcDbCircle
 10
399.6
 20
827.6
 30
0.0
 40
5.04
  0
CIRCLE
  5
2B5
330
17
100
AcDbEntity
  8
A-FURN
370
15
100
AcDbCircle
 10
399.6
 20
809.6
 30
0.0
 40
5.04
  0
TEXT
  5
2B6
330
17
100
AcDbEntity
  8
A-FURN
100
AcDbText
 10
376.80000000000007
 20
827.6
 30
0.0
 40
6.0
  1
T2.2
 50
270.0
  7
SIMPLEX
 72
1
 11
376.80000000000007
 21
827.6
 31
0.0
100
AcDbText
 73
2
  0
LINE
  5
2B7
330
17
100
AcDbEntity
  8
A-FURN
370
25
100
AcDbLine
 10
363.6
 20
729.6
 30
0.0
 11
363.6
 21
669.6
 31
0.0
  0
LINE
  5
2B8
330
17
100
AcDbEntity
  8
A-FURN
370
25
100
AcDbLine
 10
363.6
 20
669.6
 30
0.0
 11
390.0
 21
669.6
 31
0.0
  0
LINE
  5
2B9
330
17
100
AcDbEntity
  8
A-FURN
370
25
100
AcDbLine
 10
390.0
 20
669.6
 30
0.0
 11
390.0
 21
729.6
 31
0.0
  0
LINE
  5
2BA
330
17
100
AcDbEntity
  8
A-FURN
370
25
100
AcDbLine
 10
390.0
 20
729.6
 30
0.0
 11
363.6
 21
729.6
 31
0.0
  0
CIRCLE
  5
2BB
330
17
100
AcDbEntity
  8
A-FURN
370
15
100
AcDbCircle
 10
354.0
 20
717.6
 30
0.0
 40
5.04
  0
CIRCLE
  5
2BC
330
17
100
AcDbEntity
  8
A-FURN
370
15
100
AcDbCircle
 10
354.0
 20
699.6
 30
0.0
 40
5.04
  0
CIRCLE
  5
2BD
330
17
100
AcDbEntity
  8
A-FURN
370
15
100
AcDbCircle
 10
354.0
 20
681.6
 30
0.0
 40
5.04
  0
CIRCLE
  5
2BE
330
17
100
AcDbEntity
  8
A-FURN
370
15
100
AcDbCircle
 10
399.6
 20
717.6
 30
0.0
 40
5.04
  0
CIRCLE
  5
2BF
330
17
100
AcDbEntity
  8
A-FURN
370
15
100
AcDbCircle
 10
399.6
 20
699.6
 30
0.0
 40
5.04
  0
CIRCLE
  5
2C0
330
17
100
AcDbEntity
  8
A-FURN
370
15
100
AcDbCircle
 10
399.6
 20
681.6
 30
0.0
 40
5.04
  0
TEXT
  5
2C1
330
17
100
AcDbEntity
  8
A-FURN
100
AcDbText
 10
376.80000000000007
 20
699.6
 30
0.0
 40
6.0
  1
T2.3
 50
270.0
  7
SIMPLEX
 72
1
 11
376.80000000000007
 21
699.6
 31
0.0
100
AcDbText
 73
2
  0
LINE
  5
2C2
330
17
100
AcDbEntity
  8
A-FURN
370
25
100
AcDbLine
 10
363.6
 20
655.2
 30
0.0
 11
363.6
 21
595.2
 31
0.0
  0
LINE
  5
2C3
330
17
100
AcDbEntity
  8
A-FURN
370
25
100
AcDbLine
 10
363.6
 20
595.2
 30
0.0
 11
390.0
 21
595.2
 31
0.0
  0
LINE
  5
2C4
330
17
100
AcDbEntity
  8
A-FURN
370
25
100
AcDbLine
 10
390.0
 20
595.2
 30
0.0
 11
390.0
 21
655.2
 31
0.0
  0
LINE
  5
2C5
330
17
100
AcDbEntity
  8
A-FURN
370
25
100
AcDbLine
 10
390.0
 20
655.2
 30
0.0
 11
363.6
 21
655.2
 31
0.0
  0
CIRCLE
  5
2C6
330
17
100
AcDbEntity
  8
A-FURN
370
15
100
AcDbCircle
 10
354.0
 20
643.2
 30
0.0
 40
5.04
  0
CIRCLE
  5
2C7
330
17
100
AcDbEntity
  8
A-FURN
370
15
100
AcDbCircle
 10
354.0
 20
625.2
 30
0.0
 40
5.04
  0
CIRCLE
  5
2C8
330
17
100
AcDbEntity
  8
A-FURN
370
15
100
AcDbCircle
 10
354.0
 20
607.2
 30
0.0
 40
5.04
  0
CIRCLE
  5
2C9
330
17
100
AcDbEntity
  8
A-FURN
370
15
100
AcDbCircle
 10
399.6
 20
643.2
 30
0.0
 40
5.04
  0
CIRCLE
  5
2CA
330
17
100
AcDbEntity
  8
A-FURN
370
15
100
AcDbCircle
 10
399.6
 20
625.2
 30
0.0
 40
5.04
  0
CIRCLE
  5
2CB
330
17
100
AcDbEntity
  8
A-FURN
370
15
100
AcDbCircle
 10
399.6
 20
607.2
 30
0.0
 40
5.04
  0
TEXT
  5
2CC
330
17
100
AcDbEntity
  8
A-FURN
100
AcDbText
 10
376.80000000000007
 20
625.2
 30
0.0
 40
6.0
  1
T2.4
 50
270.0
  7
SIMPLEX
 72
1
 11
376.80000000000007
 21
625.2
 31
0.0
100
AcDbText
 73
2
  0
LINE
  5
2CD
330
17
100
AcDbEntity
  8
A-FURN
370
25
100
AcDbLine
 10
447.20000000000005
 20
932.0
 30
0.0
 11
447.20000000000005
 21
872.0
 31
0.0
  0
LINE
  5
2CE
330
17
100
AcDbEntity
  8
A-FURN
370
25
100
AcDbLine
 10
447.20000000000005
 20
872.0
 30
0.0
 11
473.6
 21
872.0
 31
0.0
  0
LINE
  5
2CF
330
17
100
AcDbEntity
  8
A-FURN
370
25
100
AcDbLine
 10
473.6
 20
872.0
 30
0.0
 11
473.6
 21
932.0
 31
0.0
  0
LINE
  5
2D0
330
17
100
AcDbEntity
  8
A-FURN
370
25
100
AcDbLine
 10
473.6
 20
932.0
 30
0.0
 11
447.20000000000005
 21
932.0
 31
0.0
  0
CIRCLE
  5
2D1
330
17
100
AcDbEntity
  8
A-FURN
370
15
100
AcDbCircle
 10
437.6
 20
920.0
 30
0.0
 40
5.04
  0
CIRCLE
  5
2D2
330
17
100
AcDbEntity
  8
A-FURN
370
15
100
AcDbCircle
 10
437.6
 20
902.0
 30
0.0
 40
5.04
  0
CIRCLE
  5
2D3
330
17
100
AcDbEntity
  8
A-FURN
370
15
100
AcDbCircle
 10
437.6
 20
884.0
 30
0.0
 40
5.04
  0
CIRCLE
  5
2D4
330
17
100
AcDbEntity
  8
A-FURN
370
15
100
AcDbCircle
 10
483.20000000000005
 20
920.0
 30
0.0
 40
5.04
  0
CIRCLE
  5
2D5
330
17
100
AcDbEntity
  8
A-FURN
370
15
100
AcDbCircle
 10
483.20000000000005
 20
902.0
 30
0.0
 40
5.04
  0
CIRCLE
  5
2D6
330
17
100
AcDbEntity
  8
A-FURN
370
15
100
AcDbCircle
 10
483.20000000000005
 20
884.0
 30
0.0
 40
5.04
  0
TEXT
  5
2D7
330
17
100
AcDbEntity
  8
A-FURN
100
AcDbText
 10
460.4000000000001
 20
902.0
 30
0.0
 40
6.0
  1
T3.1
 50
270.0
  7
SIMPLEX
 72
1
 11
460.4000000000001
 21
902.0
 31
0.0
100
AcDbText
 73
2
  0
LINE
  5
2D8
330
17
100
AcDbEntity
  8
A-FURN
370
25
100
AcDbLine
 10
447.20000000000005
 20
857.6
 30
0.0
 11
447.20000000000005
 21
797.6
 31
0.0
  0
LINE
  5
2D9
330
17
100
AcDbEntity
  8
A-FURN
370
25
100
AcDbLine
 10
447.20000000000005
 20
797.6
 30
0.0
 11
473.6
 21
797.6
 31
0.0
  0
LINE
  5
2DA
330
17
100
AcDbEntity
  8
A-FURN
370
25
100
AcDbLine
 10
473.6
 20
797.6
 30
0.0
 11
473.6
 21
857.6
 31
0.0
  0
LINE
  5
2DB
330
17
100
AcDbEntity
  8
A-FURN
370
25
100
AcDbLine
 10
473.6
 20
857.6
 30
0.0
 11
447.20000000000005
 21
857.6
 31
0.0
  0
CIRCLE
  5
2DC
330
17
100
AcDbEntity
  8
A-FURN
370
15
100
AcDbCircle
 10
437.6
 20
845.6
 30
0.0
 40
5.04
  0
CIRCLE
  5
2DD
330
17
100
AcDbEntity
  8
A-FURN
370
15
100
AcDbCircle
 10
437.6
 20
827.6
 30
0.0
 40
5.04
  0
CIRCLE
  5
2DE
330
17
100
AcDbEntity
  8
A-FURN
370
15
100
AcDbCircle
 10
437.6
 20
809.6
 30
0.0
 40
5.04
  0
CIRCLE
  5
2DF
330
17
100
AcDbEntity
  8
A-FURN
370
15
100
AcDbCircle
 10
483.20000000000005
 20
845.6
 30
0.0
 40
5.04
  0
CIRCLE
  5
2E0
330
17
100
AcDbEntity
  8
A-FURN
370
15
100
AcDbCircle
 10
483.20000000000005
 20
827.6
 30
0.0
 40
5.04
  0
CIRCLE
  5
2E1
330
17
100
AcDbEntity
  8
A-FURN
370
15
100
AcDbCircle
 10
483.20000000000005
 20
809.6
 30
0.0
 40
5.04
  0
TEXT
  5
2E2
330
17
100
AcDbEntity
  8
A-FURN
100
AcDbText
 10
460.4000000000001
 20
827.6
 30
0.0
 40
6.0
  1
T3.2
 50
270.0
  7
SIMPLEX
 72
1
 11
460.4000000000001
 21
827.6
 31
0.0
100
AcDbText
 73
2
  0
LINE
  5
2E3
330
17
100
AcDbEntity
  8
A-FURN
370
25
100
AcDbLine
 10
447.20000000000005
 20
729.6
 30
0.0
 11
447.20000000000005
 21
669.6
 31
0.0
  0
LINE
  5
2E4
330
17
100
AcDbEntity
  8
A-FURN
370
25
100
AcDbLine
 10
447.20000000000005
 20
669.6
 30
0.0
 11
473.6
 21
669.6
 31
0.0
  0
LINE
  5
2E5
330
17
100
AcDbEntity
  8
A-FURN
370
25
100
AcDbLine
 10
473.6
 20
669.6
 30
0.0
 11
473.6
 21
729.6
 31
0.0
  0
LINE
  5
2E6
330
17
100
AcDbEntity
  8
A-FURN
370
25
100
AcDbLine
 10
473.6
 20
729.6
 30
0.0
 11
447.20000000000005
 21
729.6
 31
0.0
  0
CIRCLE
  5
2E7
330
17
100
AcDbEntity
  8
A-FURN
370
15
100
AcDbCircle
 10
437.6
 20
717.6
 30
0.0
 40
5.04
  0
CIRCLE
  5
2E8
330
17
100
AcDbEntity
  8
A-FURN
370
15
100
AcDbCircle
 10
437.6
 20
699.6
 30
0.0
 40
5.04
  0
CIRCLE
  5
2E9
330
17
100
AcDbEntity
  8
A-FURN
370
15
100
AcDbCircle
 10
437.6
 20
681.6
 30
0.0
 40
5.04
  0
CIRCLE
  5
2EA
330
17
100
AcDbEntity
  8
A-FURN
370
15
100
AcDbCircle
 10
483.20000000000005
 20
717.6
 30
0.0
 40
5.04
  0
CIRCLE
  5
2EB
330
17
100
AcDbEntity
  8
A-FURN
370
15
100
AcDbCircle
 10
483.20000000000005
 20
699.6
 30
0.0
 40
5.04
  0
CIRCLE
  5
2EC
330
17
100
AcDbEntity
  8
A-FURN
370
15
100
AcDbCircle
 10
483.20000000000005
 20
681.6
 30
0.0
 40
5.04
  0
TEXT
  5
2ED
330
17
100
AcDbEntity
  8
A-FURN
100
AcDbText
 10
460.4000000000001
 20
699.6
 30
0.0
 40
6.0
  1
T3.3
 50
270.0
  7
SIMPLEX
 72
1
 11
460.4000000000001
 21
699.6
 31
0.0
100
AcDbText
 73
2
  0
LINE
  5
2EE
330
17
100
AcDbEntity
  8
A-FURN
370
25
100
AcDbLine
 10
447.20000000000005
 20
655.2
 30
0.0
 11
447.20000000000005
 21
595.2
 31
0.0
  0
LINE
  5
2EF
330
17
100
AcDbEntity
  8
A-FURN
370
25
100
AcDbLine
 10
447.20000000000005
 20
595.2
 30
0.0
 11
473.6
 21
595.2
 31
0.0
  0
LINE
  5
2F0
330
17
100
AcDbEntity
  8
A-FURN
370
25
100
AcDbLine
 10
473.6
 20
595.2
 30
0.0
 11
473.6
 21
655.2
 31
0.0
  0
LINE
  5
2F1
330
17
100
AcDbEntity
  8
A-FURN
370
25
100
AcDbLine
 10
473.6
 20
655.2
 30
0.0
 11
447.20000000000005
 21
655.2
 31
0.0
  0
CIRCLE
  5
2F2
330
17
100
AcDbEntity
  8
A-FURN
370
15
100
AcDbCircle
 10
437.6
 20
643.2
 30
0.0
 40
5.04
  0
CIRCLE
  5
2F3
330
17
100
AcDbEntity
  8
A-FURN
370
15
100
AcDbCircle
 10
437.6
 20
625.2
 30
0.0
 40
5.04
  0
CIRCLE
  5
2F4
330
17
100
AcDbEntity
  8
A-FURN
370
15
100
AcDbCircle
 10
437.6
 20
607.2
 30
0.0
 40
5.04
  0
CIRCLE
  5
2F5
330
17
100
AcDbEntity
  8
A-FURN
370
15
100
AcDbCircle
 10
483.20000000000005
 20
643.2
 30
0.0
 40
5.04
  0
CIRCLE
  5
2F6
330
17
100
AcDbEntity
  8
A-FURN
370
15
100
AcDbCircle
 10
483.20000000000005
 20
625.2
 30
0.0
 40
5.04
  0
CIRCLE
  5
2F7
330
17
100
AcDbEntity
  8
A-FURN
370
15
100
AcDbCircle
 10
483.20000000000005
 20
607.2
 30
0.0
 40
5.04
  0
TEXT
  5
2F8
330
17
100
AcDbEntity
  8
A-FURN
100
AcDbText
 10
460.4000000000001
 20
625.2
 30
0.0
 40
6.0
  1
T3.4
 50
270.0
  7
SIMPLEX
 72
1
 11
460.4000000000001
 21
625.2
 31
0.0
100
AcDbText
 73
2
  0
LINE
  5
2F9
330
17
100
AcDbEntity
  8
A-FURN
370
25
100
AcDbLine
 10
530.8
 20
932.0
 30
0.0
 11
530.8
 21
872.0
 31
0.0
  0
LINE
  5
2FA
330
17
100
AcDbEntity
  8
A-FURN
370
25
100
AcDbLine
 10
530.8
 20
872.0
 30
0.0
 11
557.1999999999999
 21
872.0
 31
0.0
  0
LINE
  5
2FB
330
17
100
AcDbEntity
  8
A-FURN
370
25
100
AcDbLine
 10
557.1999999999999
 20
872.0
 30
0.0
 11
557.1999999999999
 21
932.0
 31
0.0
  0
LINE
  5
2FC
330
17
100
AcDbEntity
  8
A-FURN
370
25
100
AcDbLine
 10
557.1999999999999
 20
932.0
 30
0.0
 11
530.8
 21
932.0
 31
0.0
  0
CIRCLE
  5
2FD
330
17
100
AcDbEntity
  8
A-FURN
370
15
100
AcDbCircle
 10
521.1999999999999
 20
920.0
 30
0.0
 40
5.04
  0
CIRCLE
  5
2FE
330
17
100
AcDbEntity
  8
A-FURN
370
15
100
AcDbCircle
 10
521.1999999999999
 20
902.0
 30
0.0
 40
5.04
  0
CIRCLE
  5
2FF
330
17
100
AcDbEntity
  8
A-FURN
370
15
100
AcDbCircle
 10
521.1999999999999
 20
884.0
 30
0.0
 40
5.04
  0
CIRCLE
  5
300
330
17
100
AcDbEntity
  8
A-FURN
370
15
100
AcDbCircle
 10
566.8
 20
920.0
 30
0.0
 40
5.04
  0
CIRCLE
  5
301
330
17
100
AcDbEntity
  8
A-FURN
370
15
100
AcDbCircle
 10
566.8
 20
902.0
 30
0.0
 40
5.04
  0
CIRCLE
  5
302
330
17
100
AcDbEntity
  8
A-FURN
370
15
100
AcDbCircle
 10
566.8
 20
884.0
 30
0.0
 40
5.04
  0
TEXT
  5
303
330
17
100
AcDbEntity
  8
A-FURN
100
AcDbText
 10
544.0
 20
902.0
 30
0.0
 40
6.0
  1
T4.1
 50
270.0
  7
SIMPLEX
 72
1
 11
544.0
 21
902.0
 31
0.0
100
AcDbText
 73
2
  0
LINE
  5
304
330
17
100
AcDbEntity
  8
A-FURN
370
25
100
AcDbLine
 10
530.8
 20
857.6
 30
0.0
 11
530.8
 21
797.6
 31
0.0
  0
LINE
  5
305
330
17
100
AcDbEntity
  8
A-FURN
370
25
100
AcDbLine
 10
530.8
 20
797.6
 30
0.0
 11
557.1999999999999
 21
797.6
 31
0.0
  0
LINE
  5
306
330
17
100
AcDbEntity
  8
A-FURN
370
25
100
AcDbLine
 10
557.1999999999999
 20
797.6
 30
0.0
 11
557.1999999999999
 21
857.6
 31
0.0
  0
LINE
  5
307
330
17
100
AcDbEntity
  8
A-FURN
370
25
100
AcDbLine
 10
557.1999999999999
 20
857.6
 30
0.0
 11
530.8
 21
857.6
 31
0.0
  0
CIRCLE
  5
308
330
17
100
AcDbEntity
  8
A-FURN
370
15
100
AcDbCircle
 10
521.1999999999999
 20
845.6
 30
0.0
 40
5.04
  0
CIRCLE
  5
309
330
17
100
AcDbEntity
  8
A-FURN
370
15
100
AcDbCircle
 10
521.1999999999999
 20
827.6
 30
0.0
 40
5.04
  0
CIRCLE
  5
30A
330
17
100
AcDbEntity
  8
A-FURN
370
15
100
AcDbCircle
 10
521.1999999999999
 20
809.6
 30
0.0
 40
5.04
  0
CIRCLE
  5
30B
330
17
100
AcDbEntity
  8
A-FURN
370
15
100
AcDbCircle
 10
566.8
 20
845.6
 30
0.0
 40
5.04
  0
CIRCLE
  5
30C
330
17
100
AcDbEntity
  8
A-FURN
370
15
100
AcDbCircle
 10
566.8
 20
827.6
 30
0.0
 40
5.04
  0
CIRCLE
  5
30D
330
17
100
AcDbEntity
  8
A-FURN
370
15
100
AcDbCircle
 10
566.8
 20
809.6
 30
0.0
 40
5.04
  0
TEXT
  5
30E
330
17
100
AcDbEntity
  8
A-FURN
100
AcDbText
 10
544.0
 20
827.6
 30
0.0
 40
6.0
  1
T4.2
 50
270.0
  7
SIMPLEX
 72
1
 11
544.0
 21
827.6
 31
0.0
100
AcDbText
 73
2
  0
LINE
  5
30F
330
17
100
AcDbEntity
  8
A-FURN
370
25
100
AcDbLine
 10
530.8
 20
729.6
 30
0.0
 11
530.8
 21
669.6
 31
0.0
  0
LINE
  5
310
330
17
100
AcDbEntity
  8
A-FURN
370
25
100
AcDbLine
 10
530.8
 20
669.6
 30
0.0
 11
557.1999999999999
 21
669.6
 31
0.0
  0
LINE
  5
311
330
17
100
AcDbEntity
  8
A-FURN
370
25
100
AcDbLine
 10
557.1999999999999
 20
669.6
 30
0.0
 11
557.1999999999999
 21
729.6
 31
0.0
  0
LINE
  5
312
330
17
100
AcDbEntity
  8
A-FURN
370
25
100
AcDbLine
 10
557.1999999999999
 20
729.6
 30
0.0
 11
530.8
 21
729.6
 31
0.0
  0
CIRCLE
  5
313
330
17
100
AcDbEntity
  8
A-FURN
370
15
100
AcDbCircle
 10
521.1999999999999
 20
717.6
 30
0.0
 40
5.04
  0
CIRCLE
  5
314
330
17
100
AcDbEntity
  8
A-FURN
370
15
100
AcDbCircle
 10
521.1999999999999
 20
699.6
 30
0.0
 40
5.04
  0
CIRCLE
  5
315
330
17
100
AcDbEntity
  8
A-FURN
370
15
100
AcDbCircle
 10
521.1999999999999
 20
681.6
 30
0.0
 40
5.04
  0
CIRCLE
  5
316
330
17
100
AcDbEntity
  8
A-FURN
370
15
100
AcDbCircle
 10
566.8
 20
717.6
 30
0.0
 40
5.04
  0
CIRCLE
  5
317
330
17
100
AcDbEntity
  8
A-FURN
370
15
100
AcDbCircle
 10
566.8
 20
699.6
 30
0.0
 40
5.04
  0
CIRCLE
  5
318
330
17
100
AcDbEntity
  8
A-FURN
370
15
100
AcDbCircle
 10
566.8
 20
681.6
 30
0.0
 40
5.04
  0
TEXT
  5
319
330
17
100
AcDbEntity
  8
A-FURN
100
AcDbText
 10
544.0
 20
699.6
 30
0.0
 40
6.0
  1
T4.3
 50
270.0
  7
SIMPLEX
 72
1
 11
544.0
 21
699.6
 31
0.0
100
AcDbText
 73
2
  0
LINE
  5
31A
330
17
100
AcDbEntity
  8
A-FURN
370
25
100
AcDbLine
 10
530.8
 20
655.2
 30
0.0
 11
530.8
 21
595.2
 31
0.0
  0
LINE
  5
31B
330
17
100
AcDbEntity
  8
A-FURN
370
25
100
AcDbLine
 10
530.8
 20
595.2
 30
0.0
 11
557.1999999999999
 21
595.2
 31
0.0
  0
LINE
  5
31C
330
17
100
AcDbEntity
  8
A-FURN
370
25
100
AcDbLine
 10
557.1999999999999
 20
595.2
 30
0.0
 11
557.1999999999999
 21
655.2
 31
0.0
  0
LINE
  5
31D
330
17
100
AcDbEntity
  8
A-FURN
370
25
100
AcDbLine
 10
557.1999999999999
 20
655.2
 30
0.0
 11
530.8
 21
655.2
 31
0.0
  0
CIRCLE
  5
31E
330
17
100
AcDbEntity
  8
A-FURN
370
15
100
AcDbCircle
 10
521.1999999999999
 20
643.2
 30
0.0
 40
5.04
  0
CIRCLE
  5
31F
330
17
100
AcDbEntity
  8
A-FURN
370
15
100
AcDbCircle
 10
521.1999999999999
 20
625.2
 30
0.0
 40
5.04
  0
CIRCLE
  5
320
330
17
100
AcDbEntity
  8
A-FURN
370
15
100
AcDbCircle
 10
521.1999999999999
 20
607.2
 30
0.0
 40
5.04
  0
CIRCLE
  5
321
330
17
100
AcDbEntity
  8
A-FURN
370
15
100
AcDbCircle
 10
566.8
 20
643.2
 30
0.0
 40
5.04
  0
CIRCLE
  5
322
330
17
100
AcDbEntity
  8
A-FURN
370
15
100
AcDbCircle
 10
566.8
 20
625.2
 30
0.0
 40
5.04
  0
CIRCLE
  5
323
330
17
100
AcDbEntity
  8
A-FURN
370
15
100
AcDbCircle
 10
566.8
 20
607.2
 30
0.0
 40
5.04
  0
TEXT
  5
324
330
17
100
AcDbEntity
  8
A-FURN
100
AcDbText
 10
544.0
 20
625.2
 30
0.0
 40
6.0
  1
T4.4
 50
270.0
  7
SIMPLEX
 72
1
 11
544.0
 21
625.2
 31
0.0
100
AcDbText
 73
2
  0
LINE
  5
325
330
17
100
AcDbEntity
  8
A-FURN
370
25
100
AcDbLine
 10
614.4
 20
932.0
 30
0.0
 11
614.4
 21
872.0
 31
0.0
  0
LINE
  5
326
330
17
100
AcDbEntity
  8
A-FURN
370
25
100
AcDbLine
 10
614.4
 20
872.0
 30
0.0
 11
640.8
 21
872.0
 31
0.0
  0
LINE
  5
327
330
17
100
AcDbEntity
  8
A-FURN
370
25
100
AcDbLine
 10
640.8
 20
872.0
 30
0.0
 11
640.8
 21
932.0
 31
0.0
  0
LINE
  5
328
330
17
100
AcDbEntity
  8
A-FURN
370
25
100
AcDbLine
 10
640.8
 20
932.0
 30
0.0
 11
614.4
 21
932.0
 31
0.0
  0
CIRCLE
  5
329
330
17
100
AcDbEntity
  8
A-FURN
370
15
100
AcDbCircle
 10
604.8
 20
920.0
 30
0.0
 40
5.04
  0
CIRCLE
  5
32A
330
17
100
AcDbEntity
  8
A-FURN
370
15
100
AcDbCircle
 10
604.8
 20
902.0
 30
0.0
 40
5.04
  0
CIRCLE
  5
32B
330
17
100
AcDbEntity
  8
A-FURN
370
15
100
AcDbCircle
 10
604.8
 20
884.0
 30
0.0
 40
5.04
  0
CIRCLE
  5
32C
330
17
100
AcDbEntity
  8
A-FURN
370
15
100
AcDbCircle
 10
650.4
 20
920.0
 30
0.0
 40
5.04
  0
CIRCLE
  5
32D
330
17
100
AcDbEntity
  8
A-FURN
370
15
100
AcDbCircle
 10
650.4
 20
902.0
 30
0.0
 40
5.04
  0
CIRCLE
  5
32E
330
17
100
AcDbEntity
  8
A-FURN
370
15
100
AcDbCircle
 10
650.4
 20
884.0
 30
0.0
 40
5.04
  0
TEXT
  5
32F
330
17
100
AcDbEntity
  8
A-FURN
100
AcDbText
 10
627.6
 20
902.0
 30
0.0
 40
6.0
  1
T5.1
 50
270.0
  7
SIMPLEX
 72
1
 11
627.6
 21
902.0
 31
0.0
100
AcDbText
 73
2
  0
LINE
  5
330
330
17
100
AcDbEntity
  8
A-FURN
370
25
100
AcDbLine
 10
614.4
 20
857.6
 30
0.0
 11
614.4
 21
797.6
 31
0.0
  0
LINE
  5
331
330
17
100
AcDbEntity
  8
A-FURN
370
25
100
AcDbLine
 10
614.4
 20
797.6
 30
0.0
 11
640.8
 21
797.6
 31
0.0
  0
LINE
  5
332
330
17
100
AcDbEntity
  8
A-FURN
370
25
100
AcDbLine
 10
640.8
 20
797.6
 30
0.0
 11
640.8
 21
857.6
 31
0.0
  0
LINE
  5
333
330
17
100
AcDbEntity
  8
A-FURN
370
25
100
AcDbLine
 10
640.8
 20
857.6
 30
0.0
 11
614.4
 21
857.6
 31
0.0
  0
CIRCLE
  5
334
330
17
100
AcDbEntity
  8
A-FURN
370
15
100
AcDbCircle
 10
604.8
 20
845.6
 30
0.0
 40
5.04
  0
CIRCLE
  5
335
330
17
100
AcDbEntity
  8
A-FURN
370
15
100
AcDbCircle
 10
604.8
 20
827.6
 30
0.0
 40
5.04
  0
CIRCLE
  5
336
330
17
100
AcDbEntity
  8
A-FURN
370
15
100
AcDbCircle
 10
604.8
 20
809.6
 30
0.0
 40
5.04
  0
CIRCLE
  5
337
330
17
100
AcDbEntity
  8
A-FURN
370
15
100
AcDbCircle
 10
650.4
 20
845.6
 30
0.0
 40
5.04
  0
CIRCLE
  5
338
330
17
100
AcDbEntity
  8
A-FURN
370
15
100
AcDbCircle
 10
650.4
 20
827.6
 30
0.0
 40
5.04
  0
CIRCLE
  5
339
330
17
100
AcDbEntity
  8
A-FURN
370
15
100
AcDbCircle
 10
650.4
 20
809.6
 30
0.0
 40
5.04
  0
TEXT
  5
33A
330
17
100
AcDbEntity
  8
A-FURN
100
AcDbText
 10
627.6
 20
827.6
 30
0.0
 40
6.0
  1
T5.2
 50
270.0
  7
SIMPLEX
 72
1
 11
627.6
 21
827.6
 31
0.0
100
AcDbText
 73
2
  0
LINE
  5
33B
330
17
100
AcDbEntity
  8
A-FURN
370
25
100
AcDbLine
 10
614.4
 20
729.6
 30
0.0
 11
614.4
 21
669.6
 31
0.0
  0
LINE
  5
33C
330
17
100
AcDbEntity
  8
A-FURN
370
25
100
AcDbLine
 10
614.4
 20
669.6
 30
0.0
 11
640.8
 21
669.6
 31
0.0
  0
LINE
  5
33D
330
17
100
AcDbEntity
  8
A-FURN
370
25
100
AcDbLine
 10
640.8
 20
669.6
 30
0.0
 11
640.8
 21
729.6
 31
0.0
  0
LINE
  5
33E
330
17
100
AcDbEntity
  8
A-FURN
370
25
100
AcDbLine
 10
640.8
 20
729.6
 30
0.0
 11
614.4
 21
729.6
 31
0.0
  0
CIRCLE
  5
33F
330
17
100
AcDbEntity
  8
A-FURN
370
15
100
AcDbCircle
 10
604.8
 20
717.6
 30
0.0
 40
5.04
  0
CIRCLE
  5
340
330
17
100
AcDbEntity
  8
A-FURN
370
15
100
AcDbCircle
 10
604.8
 20
699.6
 30
0.0
 40
5.04
  0
CIRCLE
  5
341
330
17
100
AcDbEntity
  8
A-FURN
370
15
100
AcDbCircle
 10
604.8
 20
681.6
 30
0.0
 40
5.04
  0
CIRCLE
  5
342
330
17
100
AcDbEntity
  8
A-FURN
370
15
100
AcDbCircle
 10
650.4
 20
717.6
 30
0.0
 40
5.04
  0
CIRCLE
  5
343
330
17
100
AcDbEntity
  8
A-FURN
370
15
100
AcDbCircle
 10
650.4
 20
699.6
 30
0.0
 40
5.04
  0
CIRCLE
  5
344
330
17
100
AcDbEntity
  8
A-FURN
370
15
100
AcDbCircle
 10
650.4
 20
681.6
 30
0.0
 40
5.04
  0
TEXT
  5
345
330
17
100
AcDbEntity
  8
A-FURN
100
AcDbText
 10
627.6
 20
699.6
 30
0.0
 40
6.0
  1
T5.3
 50
270.0
  7
SIMPLEX
 72
1
 11
627.6
 21
699.6
 31
0.0
100
AcDbText
 73
2
  0
LINE
  5
346
330
17
100
AcDbEntity
  8
A-FURN
370
25
100
AcDbLine
 10
614.4
 20
655.2
 30
0.0
 11
614.4
 21
595.2
 31
0.0
  0
LINE
  5
347
330
17
100
AcDbEntity
  8
A-FURN
370
25
100
AcDbLine
 10
614.4
 20
595.2
 30
0.0
 11
640.8
 21
595.2
 31
0.0
  0
LINE
  5
348
330
17
100
AcDbEntity
  8
A-FURN
370
25
100
AcDbLine
 10
640.8
 20
595.2
 30
0.0
 11
640.8
 21
655.2
 31
0.0
  0
LINE
  5
349
330
17
100
AcDbEntity
  8
A-FURN
370
25
100
AcDbLine
 10
640.8
 20
655.2
 30
0.0
 11
614.4
 21
655.2
 31
0.0
  0
CIRCLE
  5
34A
330
17
100
AcDbEntity
  8
A-FURN
370
15
100
AcDbCircle
 10
604.8
 20
643.2
 30
0.0
 40
5.04
  0
CIRCLE
  5
34B
330
17
100
AcDbEntity
  8
A-FURN
370
15
100
AcDbCircle
 10
604.8
 20
625.2
 30
0.0
 40
5.04
  0
CIRCLE
  5
34C
330
17
100
AcDbEntity
  8
A-FURN
370
15
100
AcDbCircle
 10
604.8
 20
607.2
 30
0.0
 40
5.04
  0
CIRCLE
  5
34D
330
17
100
AcDbEntity
  8
A-FURN
370
15
100
AcDbCircle
 10
650.4
 20
643.2
 30
0.0
 40
5.04
  0
CIRCLE
  5
34E
330
17
100
AcDbEntity
  8
A-FURN
370
15
100
AcDbCircle
 10
650.4
 20
625.2
 30
0.0
 40
5.04
  0
CIRCLE
  5
34F
330
17
100
AcDbEntity
  8
A-FURN
370
15
100
AcDbCircle
 10
650.4
 20
607.2
 30
0.0
 40
5.04
  0
TEXT
  5
350
330
17
100
AcDbEntity
  8
A-FURN
100
AcDbText
 10
627.6
 20
625.2
 30
0.0
 40
6.0
  1
T5.4
 50
270.0
  7
SIMPLEX
 72
1
 11
627.6
 21
625.2
 31
0.0
100
AcDbText
 73
2
  0
LINE
  5
351
330
17
100
AcDbEntity
  8
A-FURN
370
25
100
AcDbLine
 10
698.0
 20
932.0
 30
0.0
 11
698.0
 21
872.0
 31
0.0
  0
LINE
  5
352
330
17
100
AcDbEntity
  8
A-FURN
370
25
100
AcDbLine
 10
698.0
 20
872.0
 30
0.0
 11
724.4
 21
872.0
 31
0.0
  0
LINE
  5
353
330
17
100
AcDbEntity
  8
A-FURN
370
25
100
AcDbLine
 10
724.4
 20
872.0
 30
0.0
 11
724.4
 21
932.0
 31
0.0
  0
LINE
  5
354
330
17
100
AcDbEntity
  8
A-FURN
370
25
100
AcDbLine
 10
724.4
 20
932.0
 30
0.0
 11
698.0
 21
932.0
 31
0.0
  0
CIRCLE
  5
355
330
17
100
AcDbEntity
  8
A-FURN
370
15
100
AcDbCircle
 10
688.4
 20
920.0
 30
0.0
 40
5.04
  0
CIRCLE
  5
356
330
17
100
AcDbEntity
  8
A-FURN
370
15
100
AcDbCircle
 10
688.4
 20
902.0
 30
0.0
 40
5.04
  0
CIRCLE
  5
357
330
17
100
AcDbEntity
  8
A-FURN
370
15
100
AcDbCircle
 10
688.4
 20
884.0
 30
0.0
 40
5.04
  0
CIRCLE
  5
358
330
17
100
AcDbEntity
  8
A-FURN
370
15
100
AcDbCircle
 10
734.0
 20
920.0
 30
0.0
 40
5.04
  0
CIRCLE
  5
359
330
17
100
AcDbEntity
  8
A-FURN
370
15
100
AcDbCircle
 10
734.0
 20
902.0
 30
0.0
 40
5.04
  0
CIRCLE
  5
35A
330
17
100
AcDbEntity
  8
A-FURN
370
15
100
AcDbCircle
 10
734.0
 20
884.0
 30
0.0
 40
5.04
  0
TEXT
  5
35B
330
17
100
AcDbEntity
  8
A-FURN
100
AcDbText
 10
711.2
 20
902.0
 30
0.0
 40
6.0
  1
T6.1
 50
270.0
  7
SIMPLEX
 72
1
 11
711.2
 21
902.0
 31
0.0
100
AcDbText
 73
2
  0
LINE
  5
35C
330
17
100
AcDbEntity
  8
A-FURN
370
25
100
AcDbLine
 10
698.0
 20
857.6
 30
0.0
 11
698.0
 21
797.6
 31
0.0
  0
LINE
  5
35D
330
17
100
AcDbEntity
  8
A-FURN
370
25
100
AcDbLine
 10
698.0
 20
797.6
 30
0.0
 11
724.4
 21
797.6
 31
0.0
  0
LINE
  5
35E
330
17
100
AcDbEntity
  8
A-FURN
370
25
100
AcDbLine
 10
724.4
 20
797.6
 30
0.0
 11
724.4
 21
857.6
 31
0.0
  0
LINE
  5
35F
330
17
100
AcDbEntity
  8
A-FURN
370
25
100
AcDbLine
 10
724.4
 20
857.6
 30
0.0
 11
698.0
 21
857.6
 31
0.0
  0
CIRCLE
  5
360
330
17
100
AcDbEntity
  8
A-FURN
370
15
100
AcDbCircle
 10
688.4
 20
845.6
 30
0.0
 40
5.04
  0
CIRCLE
  5
361
330
17
100
AcDbEntity
  8
A-FURN
370
15
100
AcDbCircle
 10
688.4
 20
827.6
 30
0.0
 40
5.04
  0
CIRCLE
  5
362
330
17
100
AcDbEntity
  8
A-FURN
370
15
100
AcDbCircle
 10
688.4
 20
809.6
 30
0.0
 40
5.04
  0
CIRCLE
  5
363
330
17
100
AcDbEntity
  8
A-FURN
370
15
100
AcDbCircle
 10
734.0
 20
845.6
 30
0.0
 40
5.04
  0
CIRCLE
  5
364
330
17
100
AcDbEntity
  8
A-FURN
370
15
100
AcDbCircle
 10
734.0
 20
827.6
 30
0.0
 40
5.04
  0
CIRCLE
  5
365
330
17
100
AcDbEntity
  8
A-FURN
370
15
100
AcDbCircle
 10
734.0
 20
809.6
 30
0.0
 40
5.04
  0
TEXT
  5
366
330
17
100
AcDbEntity
  8
A-FURN
100
AcDbText
 10
711.2
 20
827.6
 30
0.0
 40
6.0
  1
T6.2
 50
270.0
  7
SIMPLEX
 72
1
 11
711.2
 21
827.6
 31
0.0
100
AcDbText
 73
2
  0
LINE
  5
367
330
17
100
AcDbEntity
  8
A-FURN
370
25
100
AcDbLine
 10
698.0
 20
729.6
 30
0.0
 11
698.0
 21
669.6
 31
0.0
  0
LINE
  5
368
330
17
100
AcDbEntity
  8
A-FURN
370
25
100
AcDbLine
 10
698.0
 20
669.6
 30
0.0
 11
724.4
 21
669.6
 31
0.0
  0
LINE
  5
369
330
17
100
AcDbEntity
  8
A-FURN
370
25
100
AcDbLine
 10
724.4
 20
669.6
 30
0.0
 11
724.4
 21
729.6
 31
0.0
  0
LINE
  5
36A
330
17
100
AcDbEntity
  8
A-FURN
370
25
100
AcDbLine
 10
724.4
 20
729.6
 30
0.0
 11
698.0
 21
729.6
 31
0.0
  0
CIRCLE
  5
36B
330
17
100
AcDbEntity
  8
A-FURN
370
15
100
AcDbCircle
 10
688.4
 20
717.6
 30
0.0
 40
5.04
  0
CIRCLE
  5
36C
330
17
100
AcDbEntity
  8
A-FURN
370
15
100
AcDbCircle
 10
688.4
 20
699.6
 30
0.0
 40
5.04
  0
CIRCLE
  5
36D
330
17
100
AcDbEntity
  8
A-FURN
370
15
100
AcDbCircle
 10
688.4
 20
681.6
 30
0.0
 40
5.04
  0
CIRCLE
  5
36E
330
17
100
AcDbEntity
  8
A-FURN
370
15
100
AcDbCircle
 10
734.0
 20
717.6
 30
0.0
 40
5.04
  0
CIRCLE
  5
36F
330
17
100
AcDbEntity
  8
A-FURN
370
15
100
AcDbCircle
 10
734.0
 20
699.6
 30
0.0
 40
5.04
  0
CIRCLE
  5
370
330
17
100
AcDbEntity
  8
A-FURN
370
15
100
AcDbCircle
 10
734.0
 20
681.6
 30
0.0
 40
5.04
  0
TEXT
  5
371
330
17
100
AcDbEntity
  8
A-FURN
100
AcDbText
 10
711.2
 20
699.6
 30
0.0
 40
6.0
  1
T6.3
 50
270.0
  7
SIMPLEX
 72
1
 11
711.2
 21
699.6
 31
0.0
100
AcDbText
 73
2
  0
LINE
  5
372
330
17
100
AcDbEntity
  8
A-FURN
370
25
100
AcDbLine
 10
698.0
 20
655.2
 30
0.0
 11
698.0
 21
595.2
 31
0.0
  0
LINE
  5
373
330
17
100
AcDbEntity
  8
A-FURN
370
25
100
AcDbLine
 10
698.0
 20
595.2
 30
0.0
 11
724.4
 21
595.2
 31
0.0
  0
LINE
  5
374
330
17
100
AcDbEntity
  8
A-FURN
370
25
100
AcDbLine
 10
724.4
 20
595.2
 30
0.0
 11
724.4
 21
655.2
 31
0.0
  0
LINE
  5
375
330
17
100
AcDbEntity
  8
A-FURN
370
25
100
AcDbLine
 10
724.4
 20
655.2
 30
0.0
 11
698.0
 21
655.2
 31
0.0
  0
CIRCLE
  5
376
330
17
100
AcDbEntity
  8
A-FURN
370
15
100
AcDbCircle
 10
688.4
 20
643.2
 30
0.0
 40
5.04
  0
CIRCLE
  5
377
330
17
100
AcDbEntity
  8
A-FURN
370
15
100
AcDbCircle
 10
688.4
 20
625.2
 30
0.0
 40
5.04
  0
CIRCLE
  5
378
330
17
100
AcDbEntity
  8
A-FURN
370
15
100
AcDbCircle
 10
688.4
 20
607.2
 30
0.0
 40
5.04
  0
CIRCLE
  5
379
330
17
100
AcDbEntity
  8
A-FURN
370
15
100
AcDbCircle
 10
734.0
 20
643.2
 30
0.0
 40
5.04
  0
CIRCLE
  5
37A
330
17
100
AcDbEntity
  8
A-FURN
370
15
100
AcDbCircle
 10
734.0
 20
625.2
 30
0.0
 40
5.04
  0
CIRCLE
  5
37B
330
17
100
AcDbEntity
  8
A-FURN
370
15
100
AcDbCircle
 10
734.0
 20
607.2
 30
0.0
 40
5.04
  0
TEXT
  5
37C
330
17
100
AcDbEntity
  8
A-FURN
100
AcDbText
 10
711.2
 20
625.2
 30
0.0
 40
6.0
  1
T6.4
 50
270.0
  7
SIMPLEX
 72
1
 11
711.2
 21
625.2
 31
0.0
100
AcDbText
 73
2
  0
LINE
  5
37D
330
17
100
AcDbEntity
  8
A-DOOR
370
25
100
AcDbLine
 10
232.0
 20
888.0
 30
0.0
 11
232.0
 21
840.0
 31
0.0
  0
ARC
  5
37E
330
17
100
AcDbEntity
  8
A-DOOR
370
15
100
AcDbCircle
 10
232.0
 20
888.0
 30
0.0
 40
48.0
100
AcDbArc
 50
270.0
 51
0.0
  0
LINE
  5
37F
330
17
100
AcDbEntity
  8
A-DOOR
370
25
100
AcDbLine
 10
232.0
 20
840.0
 30
0.0
 11
232.0
 21
792.0
 31
0.0
  0
ARC
  5
380
330
17
100
AcDbEntity
  8
A-DOOR
370
15
100
AcDbCircle
 10
232.0
 20
840.0
 30
0.0
 40
48.0
100
AcDbArc
 50
180.0
 51
270.0
  0
LINE
  5
381
330
17
100
AcDbEntity
  8
A-DOOR
370
25
100
AcDbLine
 10
232.0
 20
720.0
 30
0.0
 11
232.0
 21
672.0
 31
0.0
  0
ARC
  5
382
330
17
100
AcDbEntity
  8
A-DOOR
370
15
100
AcDbCircle
 10
232.0
 20
720.0
 30
0.0
 40
48.0
100
AcDbArc
 50
270.0
 51
0.0
  0
LINE
  5
383
330
17
100
AcDbEntity
  8
A-DOOR
370
25
100
AcDbLine
 10
232.0
 20
672.0
 30
0.0
 11
232.0
 21
624.0
 31
0.0
  0
ARC
  5
384
330
17
100
AcDbEntity
  8
A-DOOR
370
15
100
AcDbCircle
 10
232.0
 20
672.0
 30
0.0
 40
48.0
100
AcDbArc
 50
180.0
 51
270.0
  0
LINE
  5
385
330
17
100
AcDbEntity
  8
A-DOOR
370
25
100
AcDbLine
 10
618.0
 20
586.0
 30
0.0
 11
618.0
 21
538.0
 31
0.0
  0
ARC
  5
386
330
17
100
AcDbEntity
  8
A-DOOR
370
15
100
AcDbCircle
 10
618.0
 20
586.0
 30
0.0
 40
48.0
100
AcDbArc
 50
270.0
 51
0.0
  0
TEXT
  5
387
330
17
100
AcDbEntity
  8
A-DOOR
100
AcDbText
 10
642.0
 20
652.0
 30
0.0
 40
6.0
  1
EXIT 4'-0"
 50
270.0
  7
SIMPLEX
 72
1
 11
642.0
 21
652.0
 31
0.0
100
AcDbText
 73
2
  0
LINE
  5
388
330
17
100
AcDbEntity
  8
A-WINDOW
370
40
100
AcDbLine
 10
186.0
 20
486.0
 30
0.0
 11
258.0
 21
486.0
 31
0.0
  0
LINE
  5
389
330
17
100
AcDbEntity
  8
A-WINDOW
370
40
100
AcDbLine
 10
186.0
 20
474.0
 30
0.0
 11
258.0
 21
474.0
 31
0.0
  0
LINE
  5
38A
330
17
100
AcDbEntity
  8
A-WINDOW
370
40
100
AcDbLine
 10
186.0
 20
486.0
 30
0.0
 11
186.0
 21
474.0
 31
0.0
  0
LINE
  5
38B
330
17
100
AcDbEntity
  8
A-WINDOW
370
40
100
AcDbLine
 10
258.0
 20
486.0
 30
0.0
 11
258.0
 21
474.0
 31
0.0
  0
LINE
  5
38C
330
17
100
AcDbEntity
  8
A-WINDOW
370
25
100
AcDbLine
 10
186.0
 20
482.03999999999996
 30
0.0
 11
258.0
 21
482.03999999999996
 31
0.0
  0
LINE
  5
38D
330
17
100
AcDbEntity
  8
A-WINDOW
370
25
100
AcDbLine
 10
186.0
 20
477.96000000000004
 30
0.0
 11
258.0
 21
477.96000000000004
 31
0.0
  0
LINE
  5
38E
330
17
100
AcDbEntity
  8
A-WINDOW
370
25
100
AcDbLine
 10
222.0
 20
486.0
 30
0.0
 11
222.0
 21
474.0
 31
0.0
  0
LINE
  5
38F
330
17
100
AcDbEntity
  8
A-WINDOW
370
15
100
AcDbLine
 10
198.0
 20
485.0
 30
0.0
 11
198.0
 21
475.0
 31
0.0
  0
LINE
  5
390
330
17
100
AcDbEntity
  8
A-WINDOW
370
15
100
AcDbLine
 10
210.0
 20
485.0
 30
0.0
 11
210.0
 21
475.0
 31
0.0
  0
LINE
  5
391
330
17
100
AcDbEntity
  8
A-WINDOW
370
15
100
AcDbLine
 10
222.0
 20
485.0
 30
0.0
 11
222.0
 21
475.0
 31
0.0
  0
LINE
  5
392
330
17
100
AcDbEntity
  8
A-WINDOW
370
15
100
AcDbLine
 10
234.0
 20
485.0
 30
0.0
 11
234.0
 21
475.0
 31
0.0
  0
LINE
  5
393
330
17
100
AcDbEntity
  8
A-WINDOW
370
15
100
AcDbLine
 10
246.0
 20
485.0
 30
0.0
 11
246.0
 21
475.0
 31
0.0
  0
TEXT
  5
394
330
17
100
AcDbEntity
  8
A-WINDOW
100
AcDbText
 10
222.0
 20
459.6
 30
0.0
 40
6.0
  1
W 6'-0"
  7
SIMPLEX
 72
1
 11
222.0
 21
459.6
 31
0.0
100
AcDbText
 73
2
  0
LINE
  5
395
330
17
100
AcDbEntity
  8
A-WINDOW
370
40
100
AcDbLine
 10
270.0
 20
486.0
 30
0.0
 11
342.0
 21
486.0
 31
0.0
  0
LINE
  5
396
330
17
100
AcDbEntity
  8
A-WINDOW
370
40
100
AcDbLine
 10
270.0
 20
474.0
 30
0.0
 11
342.0
 21
474.0
 31
0.0
  0
LINE
  5
397
330
17
100
AcDbEntity
  8
A-WINDOW
370
40
100
AcDbLine
 10
270.0
 20
486.0
 30
0.0
 11
270.0
 21
474.0
 31
0.0
  0
LINE
  5
398
330
17
100
AcDbEntity
  8
A-WINDOW
370
40
100
AcDbLine
 10
342.0
 20
486.0
 30
0.0
 11
342.0
 21
474.0
 31
0.0
  0
LINE
  5
399
330
17
100
AcDbEntity
  8
A-WINDOW
370
25
100
AcDbLine
 10
270.0
 20
482.03999999999996
 30
0.0
 11
342.0
 21
482.03999999999996
 31
0.0
  0
LINE
  5
39A
330
17
100
AcDbEntity
  8
A-WINDOW
370
25
100
AcDbLine
 10
270.0
 20
477.96000000000004
 30
0.0
 11
342.0
 21
477.96000000000004
 31
0.0
  0
LINE
  5
39B
330
17
100
AcDbEntity
  8
A-WINDOW
370
25
100
AcDbLine
 10
306.0
 20
486.0
 30
0.0
 11
306.0
 21
474.0
 31
0.0
  0
LINE
  5
39C
330
17
100
AcDbEntity
  8
A-WINDOW
370
15
100
AcDbLine
 10
282.0
 20
485.0
 30
0.0
 11
282.0
 21
475.0
 31
0.0
  0
LINE
  5
39D
330
17
100
AcDbEntity
  8
A-WINDOW
370
15
100
AcDbLine
 10
294.0
 20
485.0
 30
0.0
 11
294.0
 21
475.0
 31
0.0
  0
LINE
  5
39E
330
17
100
AcDbEntity
  8
A-WINDOW
370
15
100
AcDbLine
 10
306.0
 20
485.0
 30
0.0
 11
306.0
 21
475.0
 31
0.0
  0
LINE
  5
39F
330
17
100
AcDbEntity
  8
A-WINDOW
370
15
100
AcDbLine
 10
318.0
 20
485.0
 30
0.0
 11
318.0
 21
475.0
 31
0.0
  0
LINE
  5
3A0
330
17
100
AcDbEntity
  8
A-WINDOW
370
15
100
AcDbLine
 10
330.0
 20
485.0
 30
0.0
 11
330.0
 21
475.0
 31
0.0
  0
TEXT
  5
3A1
330
17
100
AcDbEntity
  8
A-WINDOW
100
AcDbText
 10
306.0
 20
459.6
 30
0.0
 40
6.0
  1
W 6'-0"
  7
SIMPLEX
 72
1
 11
306.0
 21
459.6
 31
0.0
100
AcDbText
 73
2
  0
LINE
  5
3A2
330
17
100
AcDbEntity
  8
A-WINDOW
370
40
100
AcDbLine
 10
366.0
 20
486.0
 30
0.0
 11
438.0
 21
486.0
 31
0.0
  0
LINE
  5
3A3
330
17
100
AcDbEntity
  8
A-WINDOW
370
40
100
AcDbLine
 10
366.0
 20
474.0
 30
0.0
 11
438.0
 21
474.0
 31
0.0
  0
LINE
  5
3A4
330
17
100
AcDbEntity
  8
A-WINDOW
370
40
100
AcDbLine
 10
366.0
 20
486.0
 30
0.0
 11
366.0
 21
474.0
 31
0.0
  0
LINE
  5
3A5
330
17
100
AcDbEntity
  8
A-WINDOW
370
40
100
AcDbLine
 10
438.0
 20
486.0
 30
0.0
 11
438.0
 21
474.0
 31
0.0
  0
LINE
  5
3A6
330
17
100
AcDbEntity
  8
A-WINDOW
370
25
100
AcDbLine
 10
366.0
 20
482.03999999999996
 30
0.0
 11
438.0
 21
482.03999999999996
 31
0.0
  0
LINE
  5
3A7
330
17
100
AcDbEntity
  8
A-WINDOW
370
25
100
AcDbLine
 10
366.0
 20
477.96000000000004
 30
0.0
 11
438.0
 21
477.96000000000004
 31
0.0
  0
LINE
  5
3A8
330
17
100
AcDbEntity
  8
A-WINDOW
370
25
100
AcDbLine
 10
402.0
 20
486.0
 30
0.0
 11
402.0
 21
474.0
 31
0.0
  0
LINE
  5
3A9
330
17
100
AcDbEntity
  8
A-WINDOW
370
15
100
AcDbLine
 10
378.0
 20
485.0
 30
0.0
 11
378.0
 21
475.0
 31
0.0
  0
LINE
  5
3AA
330
17
100
AcDbEntity
  8
A-WINDOW
370
15
100
AcDbLine
 10
390.0
 20
485.0
 30
0.0
 11
390.0
 21
475.0
 31
0.0
  0
LINE
  5
3AB
330
17
100
AcDbEntity
  8
A-WINDOW
370
15
100
AcDbLine
 10
402.0
 20
485.0
 30
0.0
 11
402.0
 21
475.0
 31
0.0
  0
LINE
  5
3AC
330
17
100
AcDbEntity
  8
A-WINDOW
370
15
100
AcDbLine
 10
414.0
 20
485.0
 30
0.0
 11
414.0
 21
475.0
 31
0.0
  0
LINE
  5
3AD
330
17
100
AcDbEntity
  8
A-WINDOW
370
15
100
AcDbLine
 10
426.0
 20
485.0
 30
0.0
 11
426.0
 21
475.0
 31
0.0
  0
TEXT
  5
3AE
330
17
100
AcDbEntity
  8
A-WINDOW
100
AcDbText
 10
402.0
 20
459.6
 30
0.0
 40
6.0
  1
W 6'-0"
  7
SIMPLEX
 72
1
 11
402.0
 21
459.6
 31
0.0
100
AcDbText
 73
2
  0
LINE
  5
3AF
330
17
100
AcDbEntity
  8
A-WINDOW
370
40
100
AcDbLine
 10
462.0
 20
486.0
 30
0.0
 11
534.0
 21
486.0
 31
0.0
  0
LINE
  5
3B0
330
17
100
AcDbEntity
  8
A-WINDOW
370
40
100
AcDbLine
 10
462.0
 20
474.0
 30
0.0
 11
534.0
 21
474.0
 31
0.0
  0
LINE
  5
3B1
330
17
100
AcDbEntity
  8
A-WINDOW
370
40
100
AcDbLine
 10
462.0
 20
486.0
 30
0.0
 11
462.0
 21
474.0
 31
0.0
  0
LINE
  5
3B2
330
17
100
AcDbEntity
  8
A-WINDOW
370
40
100
AcDbLine
 10
534.0
 20
486.0
 30
0.0
 11
534.0
 21
474.0
 31
0.0
  0
LINE
  5
3B3
330
17
100
AcDbEntity
  8
A-WINDOW
370
25
100
AcDbLine
 10
462.0
 20
482.03999999999996
 30
0.0
 11
534.0
 21
482.03999999999996
 31
0.0
  0
LINE
  5
3B4
330
17
100
AcDbEntity
  8
A-WINDOW
370
25
100
AcDbLine
 10
462.0
 20
477.96000000000004
 30
0.0
 11
534.0
 21
477.96000000000004
 31
0.0
  0
LINE
  5
3B5
330
17
100
AcDbEntity
  8
A-WINDOW
370
25
100
AcDbLine
 10
498.0
 20
486.0
 30
0.0
 11
498.0
 21
474.0
 31
0.0
  0
LINE
  5
3B6
330
17
100
AcDbEntity
  8
A-WINDOW
370
15
100
AcDbLine
 10
474.0
 20
485.0
 30
0.0
 11
474.0
 21
475.0
 31
0.0
  0
LINE
  5
3B7
330
17
100
AcDbEntity
  8
A-WINDOW
370
15
100
AcDbLine
 10
486.0
 20
485.0
 30
0.0
 11
486.0
 21
475.0
 31
0.0
  0
LINE
  5
3B8
330
17
100
AcDbEntity
  8
A-WINDOW
370
15
100
AcDbLine
 10
498.0
 20
485.0
 30
0.0
 11
498.0
 21
475.0
 31
0.0
  0
LINE
  5
3B9
330
17
100
AcDbEntity
  8
A-WINDOW
370
15
100
AcDbLine
 10
510.0
 20
485.0
 30
0.0
 11
510.0
 21
475.0
 31
0.0
  0
LINE
  5
3BA
330
17
100
AcDbEntity
  8
A-WINDOW
370
15
100
AcDbLine
 10
522.0
 20
485.0
 30
0.0
 11
522.0
 21
475.0
 31
0.0
  0
TEXT
  5
3BB
330
17
100
AcDbEntity
  8
A-WINDOW
100
AcDbText
 10
498.0
 20
459.6
 30
0.0
 40
6.0
  1
W 6'-0"
  7
SIMPLEX
 72
1
 11
498.0
 21
459.6
 31
0.0
100
AcDbText
 73
2
  0
LINE
  5
3BC
330
17
100
AcDbEntity
  8
A-WINDOW
370
40
100
AcDbLine
 10
558.0
 20
486.0
 30
0.0
 11
630.0
 21
486.0
 31
0.0
  0
LINE
  5
3BD
330
17
100
AcDbEntity
  8
A-WINDOW
370
40
100
AcDbLine
 10
558.0
 20
474.0
 30
0.0
 11
630.0
 21
474.0
 31
0.0
  0
LINE
  5
3BE
330
17
100
AcDbEntity
  8
A-WINDOW
370
40
100
AcDbLine
 10
558.0
 20
486.0
 30
0.0
 11
558.0
 21
474.0
 31
0.0
  0
LINE
  5
3BF
330
17
100
AcDbEntity
  8
A-WINDOW
370
40
100
AcDbLine
 10
630.0
 20
486.0
 30
0.0
 11
630.0
 21
474.0
 31
0.0
  0
LINE
  5
3C0
330
17
100
AcDbEntity
  8
A-WINDOW
370
25
100
AcDbLine
 10
558.0
 20
482.03999999999996
 30
0.0
 11
630.0
 21
482.03999999999996
 31
0.0
  0
LINE
  5
3C1
330
17
100
AcDbEntity
  8
A-WINDOW
370
25
100
AcDbLine
 10
558.0
 20
477.96000000000004
 30
0.0
 11
630.0
 21
477.96000000000004
 31
0.0
  0
LINE
  5
3C2
330
17
100
AcDbEntity
  8
A-WINDOW
370
25
100
AcDbLine
 10
594.0
 20
486.0
 30
0.0
 11
594.0
 21
474.0
 31
0.0
  0
LINE
  5
3C3
330
17
100
AcDbEntity
  8
A-WINDOW
370
15
100
AcDbLine
 10
570.0
 20
485.0
 30
0.0
 11
570.0
 21
475.0
 31
0.0
  0
LINE
  5
3C4
330
17
100
AcDbEntity
  8
A-WINDOW
370
15
100
AcDbLine
 10
582.0
 20
485.0
 30
0.0
 11
582.0
 21
475.0
 31
0.0
  0
LINE
  5
3C5
330
17
100
AcDbEntity
  8
A-WINDOW
370
15
100
AcDbLine
 10
594.0
 20
485.0
 30
0.0
 11
594.0
 21
475.0
 31
0.0
  0
LINE
  5
3C6
330
17
100
AcDbEntity
  8
A-WINDOW
370
15
100
AcDbLine
 10
606.0
 20
485.0
 30
0.0
 11
606.0
 21
475.0
 31
0.0
  0
LINE
  5
3C7
330
17
100
AcDbEntity
  8
A-WINDOW
370
15
100
AcDbLine
 10
618.0
 20
485.0
 30
0.0
 11
618.0
 21
475.0
 31
0.0
  0
TEXT
  5
3C8
330
17
100
AcDbEntity
  8
A-WINDOW
100
AcDbText
 10
594.0
 20
459.6
 30
0.0
 40
6.0
  1
W 6'-0"
  7
SIMPLEX
 72
1
 11
594.0
 21
459.6
 31
0.0
100
AcDbText
 73
2
  0
LINE
  5
3C9
330
17
100
AcDbEntity
  8
A-WINDOW
370
40
100
AcDbLine
 10
654.0
 20
486.0
 30
0.0
 11
726.0
 21
486.0
 31
0.0
  0
LINE
  5
3CA
330
17
100
AcDbEntity
  8
A-WINDOW
370
40
100
AcDbLine
 10
654.0
 20
474.0
 30
0.0
 11
726.0
 21
474.0
 31
0.0
  0
LINE
  5
3CB
330
17
100
AcDbEntity
  8
A-WINDOW
370
40
100
AcDbLine
 10
654.0
 20
486.0
 30
0.0
 11
654.0
 21
474.0
 31
0.0
  0
LINE
  5
3CC
330
17
100
AcDbEntity
  8
A-WINDOW
370
40
100
AcDbLine
 10
726.0
 20
486.0
 30
0.0
 11
726.0
 21
474.0
 31
0.0
  0
LINE
  5
3CD
330
17
100
AcDbEntity
  8
A-WINDOW
370
25
100
AcDbLine
 10
654.0
 20
482.03999999999996
 30
0.0
 11
726.0
 21
482.03999999999996
 31
0.0
  0
LINE
  5
3CE
330
17
100
AcDbEntity
  8
A-WINDOW
370
25
100
AcDbLine
 10
654.0
 20
477.96000000000004
 30
0.0
 11
726.0
 21
477.96000000000004
 31
0.0
  0
LINE
  5
3CF
330
17
100
AcDbEntity
  8
A-WINDOW
370
25
100
AcDbLine
 10
690.0
 20
486.0
 30
0.0
 11
690.0
 21
474.0
 31
0.0
  0
LINE
  5
3D0
330
17
100
AcDbEntity
  8
A-WINDOW
370
15
100
AcDbLine
 10
666.0
 20
485.0
 30
0.0
 11
666.0
 21
475.0
 31
0.0
  0
LINE
  5
3D1
330
17
100
AcDbEntity
  8
A-WINDOW
370
15
100
AcDbLine
 10
678.0
 20
485.0
 30
0.0
 11
678.0
 21
475.0
 31
0.0
  0
LINE
  5
3D2
330
17
100
AcDbEntity
  8
A-WINDOW
370
15
100
AcDbLine
 10
690.0
 20
485.0
 30
0.0
 11
690.0
 21
475.0
 31
0.0
  0
LINE
  5
3D3
330
17
100
AcDbEntity
  8
A-WINDOW
370
15
100
AcDbLine
 10
702.0
 20
485.0
 30
0.0
 11
702.0
 21
475.0
 31
0.0
  0
LINE
  5
3D4
330
17
100
AcDbEntity
  8
A-WINDOW
370
15
100
AcDbLine
 10
714.0
 20
485.0
 30
0.0
 11
714.0
 21
475.0
 31
0.0
  0
TEXT
  5
3D5
330
17
100
AcDbEntity
  8
A-WINDOW
100
AcDbText
 10
690.0
 20
459.6
 30
0.0
 40
6.0
  1
W 6'-0"
  7
SIMPLEX
 72
1
 11
690.0
 21
459.6
 31
0.0
100
AcDbText
 73
2
  0
LINE
  5
3D6
330
17
100
AcDbEntity
  8
A-WINDOW
370
40
100
AcDbLine
 10
750.0
 20
486.0
 30
0.0
 11
822.0
 21
486.0
 31
0.0
  0
LINE
  5
3D7
330
17
100
AcDbEntity
  8
A-WINDOW
370
40
100
AcDbLine
 10
750.0
 20
474.0
 30
0.0
 11
822.0
 21
474.0
 31
0.0
  0
LINE
  5
3D8
330
17
100
AcDbEntity
  8
A-WINDOW
370
40
100
AcDbLine
 10
750.0
 20
486.0
 30
0.0
 11
750.0
 21
474.0
 31
0.0
  0
LINE
  5
3D9
330
17
100
AcDbEntity
  8
A-WINDOW
370
40
100
AcDbLine
 10
822.0
 20
486.0
 30
0.0
 11
822.0
 21
474.0
 31
0.0
  0
LINE
  5
3DA
330
17
100
AcDbEntity
  8
A-WINDOW
370
25
100
AcDbLine
 10
750.0
 20
482.03999999999996
 30
0.0
 11
822.0
 21
482.03999999999996
 31
0.0
  0
LINE
  5
3DB
330
17
100
AcDbEntity
  8
A-WINDOW
370
25
100
AcDbLine
 10
750.0
 20
477.96000000000004
 30
0.0
 11
822.0
 21
477.96000000000004
 31
0.0
  0
LINE
  5
3DC
330
17
100
AcDbEntity
  8
A-WINDOW
370
25
100
AcDbLine
 10
786.0
 20
486.0
 30
0.0
 11
786.0
 21
474.0
 31
0.0
  0
LINE
  5
3DD
330
17
100
AcDbEntity
  8
A-WINDOW
370
15
100
AcDbLine
 10
762.0
 20
485.0
 30
0.0
 11
762.0
 21
475.0
 31
0.0
  0
LINE
  5
3DE
330
17
100
AcDbEntity
  8
A-WINDOW
370
15
100
AcDbLine
 10
774.0
 20
485.0
 30
0.0
 11
774.0
 21
475.0
 31
0.0
  0
LINE
  5
3DF
330
17
100
AcDbEntity
  8
A-WINDOW
370
15
100
AcDbLine
 10
786.0
 20
485.0
 30
0.0
 11
786.0
 21
475.0
 31
0.0
  0
LINE
  5
3E0
330
17
100
AcDbEntity
  8
A-WINDOW
370
15
100
AcDbLine
 10
798.0
 20
485.0
 30
0.0
 11
798.0
 21
475.0
 31
0.0
  0
LINE
  5
3E1
330
17
100
AcDbEntity
  8
A-WINDOW
370
15
100
AcDbLine
 10
810.0
 20
485.0
 30
0.0
 11
810.0
 21
475.0
 31
0.0
  0
TEXT
  5
3E2
330
17
100
AcDbEntity
  8
A-WINDOW
100
AcDbText
 10
786.0
 20
459.6
 30
0.0
 40
6.0
  1
W 6'-0"
  7
SIMPLEX
 72
1
 11
786.0
 21
459.6
 31
0.0
100
AcDbText
 73
2
  0
LINE
  5
3E3
330
17
100
AcDbEntity
  8
A-WINDOW
370
40
100
AcDbLine
 10
870.0
 20
486.0
 30
0.0
 11
942.0
 21
486.0
 31
0.0
  0
LINE
  5
3E4
330
17
100
AcDbEntity
  8
A-WINDOW
370
40
100
AcDbLine
 10
870.0
 20
474.0
 30
0.0
 11
942.0
 21
474.0
 31
0.0
  0
LINE
  5
3E5
330
17
100
AcDbEntity
  8
A-WINDOW
370
40
100
AcDbLine
 10
870.0
 20
486.0
 30
0.0
 11
870.0
 21
474.0
 31
0.0
  0
LINE
  5
3E6
330
17
100
AcDbEntity
  8
A-WINDOW
370
40
100
AcDbLine
 10
942.0
 20
486.0
 30
0.0
 11
942.0
 21
474.0
 31
0.0
  0
LINE
  5
3E7
330
17
100
AcDbEntity
  8
A-WINDOW
370
25
100
AcDbLine
 10
870.0
 20
482.03999999999996
 30
0.0
 11
942.0
 21
482.03999999999996
 31
0.0
  0
LINE
  5
3E8
330
17
100
AcDbEntity
  8
A-WINDOW
370
25
100
AcDbLine
 10
870.0
 20
477.96000000000004
 30
0.0
 11
942.0
 21
477.96000000000004
 31
0.0
  0
LINE
  5
3E9
330
17
100
AcDbEntity
  8
A-WINDOW
370
25
100
AcDbLine
 10
906.0
 20
486.0
 30
0.0
 11
906.0
 21
474.0
 31
0.0
  0
LINE
  5
3EA
330
17
100
AcDbEntity
  8
A-WINDOW
370
15
100
AcDbLine
 10
882.0
 20
485.0
 30
0.0
 11
882.0
 21
475.0
 31
0.0
  0
LINE
  5
3EB
330
17
100
AcDbEntity
  8
A-WINDOW
370
15
100
AcDbLine
 10
894.0
 20
485.0
 30
0.0
 11
894.0
 21
475.0
 31
0.0
  0
LINE
  5
3EC
330
17
100
AcDbEntity
  8
A-WINDOW
370
15
100
AcDbLine
 10
906.0
 20
485.0
 30
0.0
 11
906.0
 21
475.0
 31
0.0
  0
LINE
  5
3ED
330
17
100
AcDbEntity
  8
A-WINDOW
370
15
100
AcDbLine
 10
918.0
 20
485.0
 30
0.0
 11
918.0
 21
475.0
 31
0.0
  0
LINE
  5
3EE
330
17
100
AcDbEntity
  8
A-WINDOW
370
15
100
AcDbLine
 10
930.0
 20
485.0
 30
0.0
 11
930.0
 21
475.0
 31
0.0
  0
TEXT
  5
3EF
330
17
100
AcDbEntity
  8
A-WINDOW
100
AcDbText
 10
906.0
 20
459.6
 30
0.0
 40
6.0
  1
W 6'-0"
  7
SIMPLEX
 72
1
 11
906.0
 21
459.6
 31
0.0
100
AcDbText
 73
2
  0
LINE
  5
3F0
330
17
100
AcDbEntity
  8
A-WINDOW
370
40
100
AcDbLine
 10
966.0
 20
486.0
 30
0.0
 11
1038.0
 21
486.00000000000006
 31
0.0
  0
LINE
  5
3F1
330
17
100
AcDbEntity
  8
A-WINDOW
370
40
100
AcDbLine
 10
966.0
 20
474.0
 30
0.0
 11
1038.0
 21
474.00000000000006
 31
0.0
  0
LINE
  5
3F2
330
17
100
AcDbEntity
  8
A-WINDOW
370
40
100
AcDbLine
 10
966.0
 20
486.0
 30
0.0
 11
966.0
 21
474.0
 31
0.0
  0
LINE
  5
3F3
330
17
100
AcDbEntity
  8
A-WINDOW
370
40
100
AcDbLine
 10
1038.0
 20
486.00000000000006
 30
0.0
 11
1038.0
 21
474.00000000000006
 31
0.0
  0
LINE
  5
3F4
330
17
100
AcDbEntity
  8
A-WINDOW
370
25
100
AcDbLine
 10
966.0
 20
482.03999999999996
 30
0.0
 11
1038.0
 21
482.04
 31
0.0
  0
LINE
  5
3F5
330
17
100
AcDbEntity
  8
A-WINDOW
370
25
100
AcDbLine
 10
966.0
 20
477.96000000000004
 30
0.0
 11
1038.0
 21
477.9600000000001
 31
0.0
  0
LINE
  5
3F6
330
17
100
AcDbEntity
  8
A-WINDOW
370
25
100
AcDbLine
 10
1002.0
 20
486.00000000000006
 30
0.0
 11
1002.0
 21
474.00000000000006
 31
0.0
  0
LINE
  5
3F7
330
17
100
AcDbEntity
  8
A-WINDOW
370
15
100
AcDbLine
 10
978.0
 20
485.00000000000006
 30
0.0
 11
978.0
 21
475.00000000000006
 31
0.0
  0
LINE
  5
3F8
330
17
100
AcDbEntity
  8
A-WINDOW
370
15
100
AcDbLine
 10
990.0
 20
485.00000000000006
 30
0.0
 11
990.0
 21
475.00000000000006
 31
0.0
  0
LINE
  5
3F9
330
17
100
AcDbEntity
  8
A-WINDOW
370
15
100
AcDbLine
 10
1002.0
 20
485.00000000000006
 30
0.0
 11
1002.0
 21
475.00000000000006
 31
0.0
  0
LINE
  5
3FA
330
17
100
AcDbEntity
  8
A-WINDOW
370
15
100
AcDbLine
 10
1014.0
 20
485.00000000000006
 30
0.0
 11
1014.0
 21
475.00000000000006
 31
0.0
  0
LINE
  5
3FB
330
17
100
AcDbEntity
  8
A-WINDOW
370
15
100
AcDbLine
 10
1026.0
 20
485.00000000000006
 30
0.0
 11
1026.0
 21
475.00000000000006
 31
0.0
  0
TEXT
  5
3FC
330
17
100
AcDbEntity
  8
A-WINDOW
100
AcDbText
 10
1002.0
 20
459.6000000000001
 30
0.0
 40
6.0
  1
W 6'-0"
  7
SIMPLEX
 72
1
 11
1002.0
 21
459.6000000000001
 31
0.0
100
AcDbText
 73
2
  0
LINE
  5
3FD
330
17
100
AcDbEntity
  8
A-WINDOW
370
40
100
AcDbLine
 10
1026.0
 20
1110.0
 30
0.0
 11
1026.0
 21
1038.0
 31
0.0
  0
LINE
  5
3FE
330
17
100
AcDbEntity
  8
A-WINDOW
370
40
100
AcDbLine
 10
1038.0
 20
1110.0
 30
0.0
 11
1038.0
 21
1038.0
 31
0.0
  0
LINE
  5
3FF
330
17
100
AcDbEntity
  8
A-WINDOW
370
40
100
AcDbLine
 10
1026.0
 20
1110.0
 30
0.0
 11
1038.0
 21
1110.0
 31
0.0
  0
LINE
  5
400
330
17
100
AcDbEntity
  8
A-WINDOW
370
40
100
AcDbLine
 10
1026.0
 20
1038.0
 30
0.0
 11
1038.0
 21
1038.0
 31
0.0
  0
LINE
  5
401
330
17
100
AcDbEntity
  8
A-WINDOW
370
25
100
AcDbLine
 10
1029.96
 20
1110.0
 30
0.0
 11
1029.96
 21
1038.0
 31
0.0
  0
LINE
  5
402
330
17
100
AcDbEntity
  8
A-WINDOW
370
25
100
AcDbLine
 10
1034.04
 20
1110.0
 30
0.0
 11
1034.04
 21
1038.0
 31
0.0
  0
LINE
  5
403
330
17
100
AcDbEntity
  8
A-WINDOW
370
25
100
AcDbLine
 10
1026.0
 20
1074.0
 30
0.0
 11
1038.0
 21
1074.0
 31
0.0
  0
LINE
  5
404
330
17
100
AcDbEntity
  8
A-WINDOW
370
15
100
AcDbLine
 10
1027.0
 20
1098.0
 30
0.0
 11
1037.0
 21
1098.0
 31
0.0
  0
LINE
  5
405
330
17
100
AcDbEntity
  8
A-WINDOW
370
15
100
AcDbLine
 10
1027.0
 20
1086.0
 30
0.0
 11
1037.0
 21
1086.0
 31
0.0
  0
LINE
  5
406
330
17
100
AcDbEntity
  8
A-WINDOW
370
15
100
AcDbLine
 10
1027.0
 20
1074.0
 30
0.0
 11
1037.0
 21
1074.0
 31
0.0
  0
LINE
  5
407
330
17
100
AcDbEntity
  8
A-WINDOW
370
15
100
AcDbLine
 10
1027.0
 20
1062.0
 30
0.0
 11
1037.0
 21
1062.0
 31
0.0
  0
LINE
  5
408
330
17
100
AcDbEntity
  8
A-WINDOW
370
15
100
AcDbLine
 10
1027.0
 20
1050.0
 30
0.0
 11
1037.0
 21
1050.0
 31
0.0
  0
TEXT
  5
409
330
17
100
AcDbEntity
  8
A-WINDOW
100
AcDbText
 10
1052.4
 20
1074.0
 30
0.0
 40
6.0
  1
W 6'-0"
 50
270.0
  7
SIMPLEX
 72
1
 11
1052.4
 21
1074.0
 31
0.0
100
AcDbText
 73
2
  0
LINE
  5
40A
330
17
100
AcDbEntity
  8
A-WINDOW
370
40
100
AcDbLine
 10
1026.0
 20
1014.0
 30
0.0
 11
1026.0
 21
942.0
 31
0.0
  0
LINE
  5
40B
330
17
100
AcDbEntity
  8
A-WINDOW
370
40
100
AcDbLine
 10
1038.0
 20
1014.0
 30
0.0
 11
1038.0
 21
942.0
 31
0.0
  0
LINE
  5
40C
330
17
100
AcDbEntity
  8
A-WINDOW
370
40
100
AcDbLine
 10
1026.0
 20
1014.0
 30
0.0
 11
1038.0
 21
1014.0
 31
0.0
  0
LINE
  5
40D
330
17
100
AcDbEntity
  8
A-WINDOW
370
40
100
AcDbLine
 10
1026.0
 20
942.0
 30
0.0
 11
1038.0
 21
942.0
 31
0.0
  0
LINE
  5
40E
330
17
100
AcDbEntity
  8
A-WINDOW
370
25
100
AcDbLine
 10
1029.96
 20
1014.0
 30
0.0
 11
1029.96
 21
942.0
 31
0.0
  0
LINE
  5
40F
330
17
100
AcDbEntity
  8
A-WINDOW
370
25
100
AcDbLine
 10
1034.04
 20
1014.0
 30
0.0
 11
1034.04
 21
942.0
 31
0.0
  0
LINE
  5
410
330
17
100
AcDbEntity
  8
A-WINDOW
370
25
100
AcDbLine
 10
1026.0
 20
978.0
 30
0.0
 11
1038.0
 21
978.0
 31
0.0
  0
LINE
  5
411
330
17
100
AcDbEntity
  8
A-WINDOW
370
15
100
AcDbLine
 10
1027.0
 20
1002.0
 30
0.0
 11
1037.0
 21
1002.0
 31
0.0
  0
LINE
  5
412
330
17
100
AcDbEntity
  8
A-WINDOW
370
15
100
AcDbLine
 10
1027.0
 20
990.0
 30
0.0
 11
1037.0
 21
990.0
 31
0.0
  0
LINE
  5
413
330
17
100
AcDbEntity
  8
A-WINDOW
370
15
100
AcDbLine
 10
1027.0
 20
978.0
 30
0.0
 11
1037.0
 21
978.0
 31
0.0
  0
LINE
  5
414
330
17
100
AcDbEntity
  8
A-WINDOW
370
15
100
AcDbLine
 10
1027.0
 20
966.0
 30
0.0
 11
1037.0
 21
966.0
 31
0.0
  0
LINE
  5
415
330
17
100
AcDbEntity
  8
A-WINDOW
370
15
100
AcDbLine
 10
1027.0
 20
954.0
 30
0.0
 11
1037.0
 21
954.0
 31
0.0
  0
TEXT
  5
416
330
17
100
AcDbEntity
  8
A-WINDOW
100
AcDbText
 10
1052.4
 20
978.0
 30
0.0
 40
6.0
  1
W 6'-0"
 50
270.0
  7
SIMPLEX
 72
1
 11
1052.4
 21
978.0
 31
0.0
100
AcDbText
 73
2
  0
LINE
  5
417
330
17
100
AcDbEntity
  8
A-WINDOW
370
40
100
AcDbLine
 10
1026.0
 20
918.0
 30
0.0
 11
1026.0
 21
846.0
 31
0.0
  0
LINE
  5
418
330
17
100
AcDbEntity
  8
A-WINDOW
370
40
100
AcDbLine
 10
1038.0
 20
918.0
 30
0.0
 11
1038.0
 21
846.0
 31
0.0
  0
LINE
  5
419
330
17
100
AcDbEntity
  8
A-WINDOW
370
40
100
AcDbLine
 10
1026.0
 20
918.0
 30
0.0
 11
1038.0
 21
918.0
 31
0.0
  0
LINE
  5
41A
330
17
100
AcDbEntity
  8
A-WINDOW
370
40
100
AcDbLine
 10
1026.0
 20
846.0
 30
0.0
 11
1038.0
 21
846.0
 31
0.0
  0
LINE
  5
41B
330
17
100
AcDbEntity
  8
A-WINDOW
370
25
100
AcDbLine
 10
1029.96
 20
918.0
 30
0.0
 11
1029.96
 21
846.0
 31
0.0
  0
LINE
  5
41C
330
17
100
AcDbEntity
  8
A-WINDOW
370
25
100
AcDbLine
 10
1034.04
 20
918.0
 30
0.0
 11
1034.04
 21
846.0
 31
0.0
  0
LINE
  5
41D
330
17
100
AcDbEntity
  8
A-WINDOW
370
25
100
AcDbLine
 10
1026.0
 20
882.0
 30
0.0
 11
1038.0
 21
882.0
 31
0.0
  0
LINE
  5
41E
330
17
100
AcDbEntity
  8
A-WINDOW
370
15
100
AcDbLine
 10
1027.0
 20
906.0
 30
0.0
 11
1037.0
 21
906.0
 31
0.0
  0
LINE
  5
41F
330
17
100
AcDbEntity
  8
A-WINDOW
370
15
100
AcDbLine
 10
1027.0
 20
894.0
 30
0.0
 11
1037.0
 21
894.0
 31
0.0
  0
LINE
  5
420
330
17
100
AcDbEntity
  8
A-WINDOW
370
15
100
AcDbLine
 10
1027.0
 20
882.0
 30
0.0
 11
1037.0
 21
882.0
 31
0.0
  0
LINE
  5
421
330
17
100
AcDbEntity
  8
A-WINDOW
370
15
100
AcDbLine
 10
1027.0
 20
870.0
 30
0.0
 11
1037.0
 21
870.0
 31
0.0
  0
LINE
  5
422
330
17
100
AcDbEntity
  8
A-WINDOW
370
15
100
AcDbLine
 10
1027.0
 20
858.0
 30
0.0
 11
1037.0
 21
858.0
 31
0.0
  0
TEXT
  5
423
330
17
100
AcDbEntity
  8
A-WINDOW
100
AcDbText
 10
1052.4
 20
882.0
 30
0.0
 40
6.0
  1
W 6'-0"
 50
270.0
  7
SIMPLEX
 72
1
 11
1052.4
 21
882.0
 31
0.0
100
AcDbText
 73
2
  0
LINE
  5
424
330
17
100
AcDbEntity
  8
A-WINDOW
370
40
100
AcDbLine
 10
1026.0
 20
822.0
 30
0.0
 11
1026.0
 21
750.0
 31
0.0
  0
LINE
  5
425
330
17
100
AcDbEntity
  8
A-WINDOW
370
40
100
AcDbLine
 10
1038.0
 20
822.0
 30
0.0
 11
1038.0
 21
750.0
 31
0.0
  0
LINE
  5
426
330
17
100
AcDbEntity
  8
A-WINDOW
370
40
100
AcDbLine
 10
1026.0
 20
822.0
 30
0.0
 11
1038.0
 21
822.0
 31
0.0
  0
LINE
  5
427
330
17
100
AcDbEntity
  8
A-WINDOW
370
40
100
AcDbLine
 10
1026.0
 20
750.0
 30
0.0
 11
1038.0
 21
750.0
 31
0.0
  0
LINE
  5
428
330
17
100
AcDbEntity
  8
A-WINDOW
370
25
100
AcDbLine
 10
1029.96
 20
822.0
 30
0.0
 11
1029.96
 21
750.0
 31
0.0
  0
LINE
  5
429
330
17
100
AcDbEntity
  8
A-WINDOW
370
25
100
AcDbLine
 10
1034.04
 20
822.0
 30
0.0
 11
1034.04
 21
750.0
 31
0.0
  0
LINE
  5
42A
330
17
100
AcDbEntity
  8
A-WINDOW
370
25
100
AcDbLine
 10
1026.0
 20
786.0
 30
0.0
 11
1038.0
 21
786.0
 31
0.0
  0
LINE
  5
42B
330
17
100
AcDbEntity
  8
A-WINDOW
370
15
100
AcDbLine
 10
1027.0
 20
810.0
 30
0.0
 11
1037.0
 21
810.0
 31
0.0
  0
LINE
  5
42C
330
17
100
AcDbEntity
  8
A-WINDOW
370
15
100
AcDbLine
 10
1027.0
 20
798.0
 30
0.0
 11
1037.0
 21
798.0
 31
0.0
  0
LINE
  5
42D
330
17
100
AcDbEntity
  8
A-WINDOW
370
15
100
AcDbLine
 10
1027.0
 20
786.0
 30
0.0
 11
1037.0
 21
786.0
 31
0.0
  0
LINE
  5
42E
330
17
100
AcDbEntity
  8
A-WINDOW
370
15
100
AcDbLine
 10
1027.0
 20
774.0
 30
0.0
 11
1037.0
 21
774.0
 31
0.0
  0
LINE
  5
42F
330
17
100
AcDbEntity
  8
A-WINDOW
370
15
100
AcDbLine
 10
1027.0
 20
762.0
 30
0.0
 11
1037.0
 21
762.0
 31
0.0
  0
TEXT
  5
430
330
17
100
AcDbEntity
  8
A-WINDOW
100
AcDbText
 10
1052.4
 20
786.0
 30
0.0
 40
6.0
  1
W 6'-0"
 50
270.0
  7
SIMPLEX
 72
1
 11
1052.4
 21
786.0
 31
0.0
100
AcDbText
 73
2
  0
LINE
  5
431
330
17
100
AcDbEntity
  8
A-WINDOW
370
40
100
AcDbLine
 10
1026.0
 20
738.0
 30
0.0
 11
1026.0
 21
666.0
 31
0.0
  0
LINE
  5
432
330
17
100
AcDbEntity
  8
A-WINDOW
370
40
100
AcDbLine
 10
1038.0
 20
738.0
 30
0.0
 11
1038.0
 21
666.0
 31
0.0
  0
LINE
  5
433
330
17
100
AcDbEntity
  8
A-WINDOW
370
40
100
AcDbLine
 10
1026.0
 20
738.0
 30
0.0
 11
1038.0
 21
738.0
 31
0.0
  0
LINE
  5
434
330
17
100
AcDbEntity
  8
A-WINDOW
370
40
100
AcDbLine
 10
1026.0
 20
666.0
 30
0.0
 11
1038.0
 21
666.0
 31
0.0
  0
LINE
  5
435
330
17
100
AcDbEntity
  8
A-WINDOW
370
25
100
AcDbLine
 10
1029.96
 20
738.0
 30
0.0
 11
1029.96
 21
666.0
 31
0.0
  0
LINE
  5
436
330
17
100
AcDbEntity
  8
A-WINDOW
370
25
100
AcDbLine
 10
1034.04
 20
738.0
 30
0.0
 11
1034.04
 21
666.0
 31
0.0
  0
LINE
  5
437
330
17
100
AcDbEntity
  8
A-WINDOW
370
25
100
AcDbLine
 10
1026.0
 20
702.0
 30
0.0
 11
1038.0
 21
702.0
 31
0.0
  0
LINE
  5
438
330
17
100
AcDbEntity
  8
A-WINDOW
370
15
100
AcDbLine
 10
1027.0
 20
726.0
 30
0.0
 11
1037.0
 21
726.0
 31
0.0
  0
LINE
  5
439
330
17
100
AcDbEntity
  8
A-WINDOW
370
15
100
AcDbLine
 10
1027.0
 20
714.0
 30
0.0
 11
1037.0
 21
714.0
 31
0.0
  0
LINE
  5
43A
330
17
100
AcDbEntity
  8
A-WINDOW
370
15
100
AcDbLine
 10
1027.0
 20
702.0
 30
0.0
 11
1037.0
 21
702.0
 31
0.0
  0
LINE
  5
43B
330
17
100
AcDbEntity
  8
A-WINDOW
370
15
100
AcDbLine
 10
1027.0
 20
690.0
 30
0.0
 11
1037.0
 21
690.0
 31
0.0
  0
LINE
  5
43C
330
17
100
AcDbEntity
  8
A-WINDOW
370
15
100
AcDbLine
 10
1027.0
 20
678.0
 30
0.0
 11
1037.0
 21
678.0
 31
0.0
  0
TEXT
  5
43D
330
17
100
AcDbEntity
  8
A-WINDOW
100
AcDbText
 10
1052.4
 20
702.0
 30
0.0
 40
6.0
  1
W 6'-0"
 50
270.0
  7
SIMPLEX
 72
1
 11
1052.4
 21
702.0
 31
0.0
100
AcDbText
 73
2
  0
LINE
  5
43E
330
17
100
AcDbEntity
  8
A-WINDOW
370
40
100
AcDbLine
 10
1026.0
 20
654.0
 30
0.0
 11
1026.0
 21
582.0
 31
0.0
  0
LINE
  5
43F
330
17
100
AcDbEntity
  8
A-WINDOW
370
40
100
AcDbLine
 10
1038.0
 20
654.0
 30
0.0
 11
1038.0
 21
582.0
 31
0.0
  0
LINE
  5
440
330
17
100
AcDbEntity
  8
A-WINDOW
370
40
100
AcDbLine
 10
1026.0
 20
654.0
 30
0.0
 11
1038.0
 21
654.0
 31
0.0
  0
LINE
  5
441
330
17
100
AcDbEntity
  8
A-WINDOW
370
40
100
AcDbLine
 10
1026.0
 20
582.0
 30
0.0
 11
1038.0
 21
582.0
 31
0.0
  0
LINE
  5
442
330
17
100
AcDbEntity
  8
A-WINDOW
370
25
100
AcDbLine
 10
1029.96
 20
654.0
 30
0.0
 11
1029.96
 21
582.0
 31
0.0
  0
LINE
  5
443
330
17
100
AcDbEntity
  8
A-WINDOW
370
25
100
AcDbLine
 10
1034.04
 20
654.0
 30
0.0
 11
1034.04
 21
582.0
 31
0.0
  0
LINE
  5
444
330
17
100
AcDbEntity
  8
A-WINDOW
370
25
100
AcDbLine
 10
1026.0
 20
618.0
 30
0.0
 11
1038.0
 21
618.0
 31
0.0
  0
LINE
  5
445
330
17
100
AcDbEntity
  8
A-WINDOW
370
15
100
AcDbLine
 10
1027.0
 20
642.0
 30
0.0
 11
1037.0
 21
642.0
 31
0.0
  0
LINE
  5
446
330
17
100
AcDbEntity
  8
A-WINDOW
370
15
100
AcDbLine
 10
1027.0
 20
630.0
 30
0.0
 11
1037.0
 21
630.0
 31
0.0
  0
LINE
  5
447
330
17
100
AcDbEntity
  8
A-WINDOW
370
15
100
AcDbLine
 10
1027.0
 20
618.0
 30
0.0
 11
1037.0
 21
618.0
 31
0.0
  0
LINE
  5
448
330
17
100
AcDbEntity
  8
A-WINDOW
370
15
100
AcDbLine
 10
1027.0
 20
606.0
 30
0.0
 11
1037.0
 21
606.0
 31
0.0
  0
LINE
  5
449
330
17
100
AcDbEntity
  8
A-WINDOW
370
15
100
AcDbLine
 10
1027.0
 20
594.0
 30
0.0
 11
1037.0
 21
594.0
 31
0.0
  0
TEXT
  5
44A
330
17
100
AcDbEntity
  8
A-WINDOW
100
AcDbText
 10
1052.4
 20
618.0
 30
0.0
 40
6.0
  1
W 6'-0"
 50
270.0
  7
SIMPLEX
 72
1
 11
1052.4
 21
618.0
 31
0.0
100
AcDbText
 73
2
  0
LINE
  5
44B
330
17
100
AcDbEntity
  8
A-WINDOW
370
40
100
AcDbLine
 10
1026.0
 20
582.0
 30
0.0
 11
1026.0
 21
510.00000000000006
 31
0.0
  0
LINE
  5
44C
330
17
100
AcDbEntity
  8
A-WINDOW
370
40
100
AcDbLine
 10
1038.0
 20
582.0
 30
0.0
 11
1038.0
 21
510.00000000000006
 31
0.0
  0
LINE
  5
44D
330
17
100
AcDbEntity
  8
A-WINDOW
370
40
100
AcDbLine
 10
1026.0
 20
582.0
 30
0.0
 11
1038.0
 21
582.0
 31
0.0
  0
LINE
  5
44E
330
17
100
AcDbEntity
  8
A-WINDOW
370
40
100
AcDbLine
 10
1026.0
 20
510.00000000000006
 30
0.0
 11
1038.0
 21
510.00000000000006
 31
0.0
  0
LINE
  5
44F
330
17
100
AcDbEntity
  8
A-WINDOW
370
25
100
AcDbLine
 10
1029.96
 20
582.0
 30
0.0
 11
1029.96
 21
510.00000000000006
 31
0.0
  0
LINE
  5
450
330
17
100
AcDbEntity
  8
A-WINDOW
370
25
100
AcDbLine
 10
1034.04
 20
582.0
 30
0.0
 11
1034.04
 21
510.00000000000006
 31
0.0
  0
LINE
  5
451
330
17
100
AcDbEntity
  8
A-WINDOW
370
25
100
AcDbLine
 10
1026.0
 20
546.0
 30
0.0
 11
1038.0
 21
546.0
 31
0.0
  0
LINE
  5
452
330
17
100
AcDbEntity
  8
A-WINDOW
370
15
100
AcDbLine
 10
1027.0
 20
570.0
 30
0.0
 11
1037.0
 21
570.0
 31
0.0
  0
LINE
  5
453
330
17
100
AcDbEntity
  8
A-WINDOW
370
15
100
AcDbLine
 10
1027.0
 20
558.0
 30
0.0
 11
1037.0
 21
558.0
 31
0.0
  0
LINE
  5
454
330
17
100
AcDbEntity
  8
A-WINDOW
370
15
100
AcDbLine
 10
1027.0
 20
546.0
 30
0.0
 11
1037.0
 21
546.0
 31
0.0
  0
LINE
  5
455
330
17
100
AcDbEntity
  8
A-WINDOW
370
15
100
AcDbLine
 10
1027.0
 20
534.0
 30
0.0
 11
1037.0
 21
534.0
 31
0.0
  0
LINE
  5
456
330
17
100
AcDbEntity
  8
A-WINDOW
370
15
100
AcDbLine
 10
1027.0
 20
522.0
 30
0.0
 11
1037.0
 21
522.0
 31
0.0
  0
TEXT
  5
457
330
17
100
AcDbEntity
  8
A-WINDOW
100
AcDbText
 10
1052.4
 20
546.0
 30
0.0
 40
6.0
  1
W 6'-0"
 50
270.0
  7
SIMPLEX
 72
1
 11
1052.4
 21
546.0
 31
0.0
100
AcDbText
 73
2
  0
LINE
  5
458
330
17
100
AcDbEntity
  8
A-WINDOW
370
40
100
AcDbLine
 10
1026.0
 20
534.0
 30
0.0
 11
1026.0
 21
462.00000000000006
 31
0.0
  0
LINE
  5
459
330
17
100
AcDbEntity
  8
A-WINDOW
370
40
100
AcDbLine
 10
1038.0
 20
534.0
 30
0.0
 11
1038.0
 21
462.00000000000006
 31
0.0
  0
LINE
  5
45A
330
17
100
AcDbEntity
  8
A-WINDOW
370
40
100
AcDbLine
 10
1026.0
 20
534.0
 30
0.0
 11
1038.0
 21
534.0
 31
0.0
  0
LINE
  5
45B
330
17
100
AcDbEntity
  8
A-WINDOW
370
40
100
AcDbLine
 10
1026.0
 20
462.00000000000006
 30
0.0
 11
1038.0
 21
462.00000000000006
 31
0.0
  0
LINE
  5
45C
330
17
100
AcDbEntity
  8
A-WINDOW
370
25
100
AcDbLine
 10
1029.96
 20
534.0
 30
0.0
 11
1029.96
 21
462.00000000000006
 31
0.0
  0
LINE
  5
45D
330
17
100
AcDbEntity
  8
A-WINDOW
370
25
100
AcDbLine
 10
1034.04
 20
534.0
 30
0.0
 11
1034.04
 21
462.00000000000006
 31
0.0
  0
LINE
  5
45E
330
17
100
AcDbEntity
  8
A-WINDOW
370
25
100
AcDbLine
 10
1026.0
 20
498.00000000000006
 30
0.0
 11
1038.0
 21
498.00000000000006
 31
0.0
  0
LINE
  5
45F
330
17
100
AcDbEntity
  8
A-WINDOW
370
15
100
AcDbLine
 10
1027.0
 20
522.0
 30
0.0
 11
1037.0
 21
522.0
 31
0.0
  0
LINE
  5
460
330
17
100
AcDbEntity
  8
A-WINDOW
370
15
100
AcDbLine
 10
1027.0
 20
510.00000000000006
 30
0.0
 11
1037.0
 21
510.00000000000006
 31
0.0
  0
LINE
  5
461
330
17
100
AcDbEntity
  8
A-WINDOW
370
15
100
AcDbLine
 10
1027.0
 20
498.00000000000006
 30
0.0
 11
1037.0
 21
498.00000000000006
 31
0.0
  0
LINE
  5
462
330
17
100
AcDbEntity
  8
A-WINDOW
370
15
100
AcDbLine
 10
1027.0
 20
486.00000000000006
 30
0.0
 11
1037.0
 21
486.00000000000006
 31
0.0
  0
LINE
  5
463
330
17
100
AcDbEntity
  8
A-WINDOW
370
15
100
AcDbLine
 10
1027.0
 20
474.00000000000006
 30
0.0
 11
1037.0
 21
474.00000000000006
 31
0.0
  0
TEXT
  5
464
330
17
100
AcDbEntity
  8
A-WINDOW
100
AcDbText
 10
1052.4
 20
498.00000000000006
 30
0.0
 40
6.0
  1
W 6'-0"
 50
270.0
  7
SIMPLEX
 72
1
 11
1052.4
 21
498.00000000000006
 31
0.0
100
AcDbText
 73
2
  0
LINE
  5
465
330
17
100
AcDbEntity
  8
A-WALL
370
35
100
AcDbLine
 10
826.0
 20
950.0
 30
0.0
 11
826.0
 21
586.0
 31
0.0
  0
LINE
  5
466
330
17
100
AcDbEntity
  8
A-WALL
370
35
100
AcDbLine
 10
826.0
 20
586.0
 30
0.0
 11
938.0
 21
586.0
 31
0.0
  0
LINE
  5
467
330
17
100
AcDbEntity
  8
A-WALL
370
35
100
AcDbLine
 10
938.0
 20
586.0
 30
0.0
 11
938.0
 21
950.0
 31
0.0
  0
LINE
  5
468
330
17
100
AcDbEntity
  8
A-WALL
370
35
100
AcDbLine
 10
938.0
 20
950.0
 30
0.0
 11
826.0
 21
950.0
 31
0.0
  0
TEXT
  5
469
330
17
100
AcDbEntity
  8
A-TEXT-TTL
100
AcDbText
 10
942.0
 20
768.0
 30
0.0
 40
15.0
  1
STACK AREA / BOOK STORAGE
 50
270.0
  7
SIMPLEX
 72
1
 11
942.0
 21
768.0
 31
0.0
100
AcDbText
 73
2
  0
LINE
  5
46A
330
17
100
AcDbEntity
  8
A-LOCKER
370
20
100
AcDbLine
 10
838.0
 20
926.0
 30
0.0
 11
838.0
 21
610.0
 31
0.0
  0
LINE
  5
46B
330
17
100
AcDbEntity
  8
A-LOCKER
370
20
100
AcDbLine
 10
862.0
 20
926.0
 30
0.0
 11
862.0
 21
610.0
 31
0.0
  0
TEXT
  5
46C
330
17
100
AcDbEntity
  8
A-LOCKER
100
AcDbText
 10
850.0
 20
768.0
 30
0.0
 40
6.0
  1
STACK 01
 50
270.0
  7
SIMPLEX
 72
1
 11
850.0
 21
768.0
 31
0.0
100
AcDbText
 73
2
  0
LINE
  5
46D
330
17
100
AcDbEntity
  8
A-LOCKER
370
20
100
AcDbLine
 10
855.5999999999999
 20
926.0
 30
0.0
 11
855.5999999999999
 21
610.0
 31
0.0
  0
LINE
  5
46E
330
17
100
AcDbEntity
  8
A-LOCKER
370
20
100
AcDbLine
 10
879.5999999999999
 20
926.0
 30
0.0
 11
879.5999999999999
 21
610.0
 31
0.0
  0
TEXT
  5
46F
330
17
100
AcDbEntity
  8
A-LOCKER
100
AcDbText
 10
867.5999999999999
 20
768.0
 30
0.0
 40
6.0
  1
STACK 02
 50
270.0
  7
SIMPLEX
 72
1
 11
867.5999999999999
 21
768.0
 31
0.0
100
AcDbText
 73
2
  0
LINE
  5
470
330
17
100
AcDbEntity
  8
A-LOCKER
370
20
100
AcDbLine
 10
873.2
 20
926.0
 30
0.0
 11
873.2
 21
610.0
 31
0.0
  0
LINE
  5
471
330
17
100
AcDbEntity
  8
A-LOCKER
370
20
100
AcDbLine
 10
897.2
 20
926.0
 30
0.0
 11
897.2
 21
610.0
 31
0.0
  0
TEXT
  5
472
330
17
100
AcDbEntity
  8
A-LOCKER
100
AcDbText
 10
885.2
 20
768.0
 30
0.0
 40
6.0
  1
STACK 03
 50
270.0
  7
SIMPLEX
 72
1
 11
885.2
 21
768.0
 31
0.0
100
AcDbText
 73
2
  0
LINE
  5
473
330
17
100
AcDbEntity
  8
A-LOCKER
370
20
100
AcDbLine
 10
890.8
 20
926.0
 30
0.0
 11
890.8
 21
610.0
 31
0.0
  0
LINE
  5
474
330
17
100
AcDbEntity
  8
A-LOCKER
370
20
100
AcDbLine
 10
914.8
 20
926.0
 30
0.0
 11
914.8
 21
610.0
 31
0.0
  0
TEXT
  5
475
330
17
100
AcDbEntity
  8
A-LOCKER
100
AcDbText
 10
902.8
 20
768.0
 30
0.0
 40
6.0
  1
STACK 04
 50
270.0
  7
SIMPLEX
 72
1
 11
902.8
 21
768.0
 31
0.0
100
AcDbText
 73
2
  0
LINE
  5
476
330
17
100
AcDbEntity
  8
A-LOCKER
370
20
100
AcDbLine
 10
908.4000000000001
 20
926.0
 30
0.0
 11
908.4000000000001
 21
610.0
 31
0.0
  0
LINE
  5
477
330
17
100
AcDbEntity
  8
A-LOCKER
370
20
100
AcDbLine
 10
932.4000000000001
 20
926.0
 30
0.0
 11
932.4000000000001
 21
610.0
 31
0.0
  0
TEXT
  5
478
330
17
100
AcDbEntity
  8
A-LOCKER
100
AcDbText
 10
920.4000000000001
 20
768.0
 30
0.0
 40
6.0
  1
STACK 05
 50
270.0
  7
SIMPLEX
 72
1
 11
920.4000000000001
 21
768.0
 31
0.0
100
AcDbText
 73
2
  0
LINE
  5
479
330
17
100
AcDbEntity
  8
A-BAY
370
18
100
AcDbLine
 10
826.0
 20
786.0
 30
0.0
 11
938.0
 21
786.0
 31
0.0
  0
LINE
  5
47A
330
17
100
AcDbEntity
  8
A-BAY
370
18
100
AcDbLine
 10
826.0
 20
750.0
 30
0.0
 11
938.0
 21
750.0
 31
0.0
  0
LINE
  5
47B
330
17
100
AcDbEntity
  8
A-DOOR
370
25
100
AcDbLine
 10
826.0
 20
822.0
 30
0.0
 11
826.0
 21
786.0
 31
0.0
  0
ARC
  5
47C
330
17
100
AcDbEntity
  8
A-DOOR
370
15
100
AcDbCircle
 10
826.0
 20
822.0
 30
0.0
 40
36.0
100
AcDbArc
 50
270.0
 51
0.0
  0
LINE
  5
47D
330
17
100
AcDbEntity
  8
A-DOOR
370
25
100
AcDbLine
 10
826.0
 20
750.0
 30
0.0
 11
826.0
 21
714.0
 31
0.0
  0
ARC
  5
47E
330
17
100
AcDbEntity
  8
A-DOOR
370
15
100
AcDbCircle
 10
826.0
 20
750.0
 30
0.0
 40
36.0
100
AcDbArc
 50
180.0
 51
270.0
  0
LINE
  5
47F
330
17
100
AcDbEntity
  8
A-WALL
370
35
100
AcDbLine
 10
406.0
 20
1122.0
 30
0.0
 11
406.0
 21
958.0
 31
0.0
  0
LINE
  5
480
330
17
100
AcDbEntity
  8
A-WALL
370
35
100
AcDbLine
 10
406.0
 20
958.0
 30
0.0
 11
578.0
 21
958.0
 31
0.0
  0
LINE
  5
481
330
17
100
AcDbEntity
  8
A-WALL
370
35
100
AcDbLine
 10
578.0
 20
958.0
 30
0.0
 11
578.0
 21
1122.0
 31
0.0
  0
LINE
  5
482
330
17
100
AcDbEntity
  8
A-WALL
370
35
100
AcDbLine
 10
578.0
 20
1122.0
 30
0.0
 11
406.0
 21
1122.0
 31
0.0
  0
TEXT
  5
483
330
17
100
AcDbEntity
  8
A-TEXT-TTL
100
AcDbText
 10
492.0
 20
1050.125
 30
0.0
 40
15.0
  1
LIBRARIAN
 50
270.0
  7
SIMPLEX
 72
1
 11
492.0
 21
1050.125
 31
0.0
100
AcDbText
 73
2
  0
TEXT
  5
484
330
17
100
AcDbEntity
  8
A-TEXT-TTL
100
AcDbText
 10
492.0
 20
1029.875
 30
0.0
 40
15.0
  1
15' x 15'
 50
270.0
  7
SIMPLEX
 72
1
 11
492.0
 21
1029.875
 31
0.0
100
AcDbText
 73
2
  0
LINE
  5
485
330
17
100
AcDbEntity
  8
A-FURN
370
20
100
AcDbLine
 10
524.0
 20
1104.0
 30
0.0
 11
524.0
 21
976.0
 31
0.0
  0
LINE
  5
486
330
17
100
AcDbEntity
  8
A-FURN
370
20
100
AcDbLine
 10
524.0
 20
976.0
 30
0.0
 11
560.0
 21
976.0
 31
0.0
  0
LINE
  5
487
330
17
100
AcDbEntity
  8
A-FURN
370
20
100
AcDbLine
 10
560.0
 20
976.0
 30
0.0
 11
560.0
 21
1104.0
 31
0.0
  0
LINE
  5
488
330
17
100
AcDbEntity
  8
A-FURN
370
20
100
AcDbLine
 10
560.0
 20
1104.0
 30
0.0
 11
524.0
 21
1104.0
 31
0.0
  0
CIRCLE
  5
489
330
17
100
AcDbEntity
  8
A-FURN
370
18
100
AcDbCircle
 10
515.6
 20
1040.0
 30
0.0
 40
5.4
  0
LINE
  5
48A
330
17
100
AcDbEntity
  8
A-FURN
370
20
100
AcDbLine
 10
430.0
 20
988.0
 30
0.0
 11
430.0
 21
964.0
 31
0.0
  0
LINE
  5
48B
330
17
100
AcDbEntity
  8
A-FURN
370
20
100
AcDbLine
 10
430.0
 20
964.0
 30
0.0
 11
554.0
 21
964.0
 31
0.0
  0
LINE
  5
48C
330
17
100
AcDbEntity
  8
A-FURN
370
20
100
AcDbLine
 10
554.0
 20
964.0
 30
0.0
 11
554.0
 21
988.0
 31
0.0
  0
LINE
  5
48D
330
17
100
AcDbEntity
  8
A-FURN
370
20
100
AcDbLine
 10
554.0
 20
988.0
 30
0.0
 11
430.0
 21
988.0
 31
0.0
  0
TEXT
  5
48E
330
17
100
AcDbEntity
  8
A-FURN
100
AcDbText
 10
492.0
 20
976.0
 30
0.0
 40
6.0
  1
ISSUE COUNTER
  7
SIMPLEX
 72
1
 11
492.0
 21
976.0
 31
0.0
100
AcDbText
 73
2
  0
LINE
  5
48F
330
17
100
AcDbEntity
  8
A-DOOR
370
25
100
AcDbLine
 10
406.0
 20
997.6
 30
0.0
 11
406.0
 21
961.6
 31
0.0
  0
ARC
  5
490
330
17
100
AcDbEntity
  8
A-DOOR
370
15
100
AcDbCircle
 10
406.0
 20
997.6
 30
0.0
 40
36.0
100
AcDbArc
 50
270.0
 51
0.0
  0
LINE
  5
491
330
17
100
AcDbEntity
  8
A-WALL
370
35
100
AcDbLine
 10
586.0
 20
1122.0
 30
0.0
 11
586.0
 21
958.0
 31
0.0
  0
LINE
  5
492
330
17
100
AcDbEntity
  8
A-WALL
370
35
100
AcDbLine
 10
586.0
 20
958.0
 30
0.0
 11
818.0
 21
958.0
 31
0.0
  0
LINE
  5
493
330
17
100
AcDbEntity
  8
A-WALL
370
35
100
AcDbLine
 10
818.0
 20
958.0
 30
0.0
 11
818.0
 21
1122.0
 31
0.0
  0
LINE
  5
494
330
17
100
AcDbEntity
  8
A-WALL
370
35
100
AcDbLine
 10
818.0
 20
1122.0
 30
0.0
 11
586.0
 21
1122.0
 31
0.0
  0
TEXT
  5
495
330
17
100
AcDbEntity
  8
A-TEXT-TTL
100
AcDbText
 10
702.0
 20
1050.125
 30
0.0
 40
15.0
  1
ADMIN OFFICE
 50
270.0
  7
SIMPLEX
 72
1
 11
702.0
 21
1050.125
 31
0.0
100
AcDbText
 73
2
  0
TEXT
  5
496
330
17
100
AcDbEntity
  8
A-TEXT-TTL
100
AcDbText
 10
702.0
 20
1029.875
 30
0.0
 40
15.0
  1
15' x 20'
 50
270.0
  7
SIMPLEX
 72
1
 11
702.0
 21
1029.875
 31
0.0
100
AcDbText
 73
2
  0
LINE
  5
497
330
17
100
AcDbEntity
  8
A-FURN
370
20
100
AcDbLine
 10
598.0
 20
1110.0
 30
0.0
 11
598.0
 21
970.0
 31
0.0
  0
LINE
  5
498
330
17
100
AcDbEntity
  8
A-FURN
370
20
100
AcDbLine
 10
598.0
 20
970.0
 30
0.0
 11
616.0
 21
970.0
 31
0.0
  0
LINE
  5
499
330
17
100
AcDbEntity
  8
A-FURN
370
20
100
AcDbLine
 10
616.0
 20
970.0
 30
0.0
 11
616.0
 21
1110.0
 31
0.0
  0
LINE
  5
49A
330
17
100
AcDbEntity
  8
A-FURN
370
20
100
AcDbLine
 10
616.0
 20
1110.0
 30
0.0
 11
598.0
 21
1110.0
 31
0.0
  0
TEXT
  5
49B
330
17
100
AcDbEntity
  8
A-FURN
100
AcDbText
 10
607.0
 20
1040.0
 30
0.0
 40
6.0
  1
WORK DESK 13'x1.5'
 50
270.0
  7
SIMPLEX
 72
1
 11
607.0
 21
1040.0
 31
0.0
100
AcDbText
 73
2
  0
LINE
  5
49C
330
17
100
AcDbEntity
  8
A-FURN
370
18
100
AcDbLine
 10
734.0
 20
1098.0
 30
0.0
 11
734.0
 21
1050.0
 31
0.0
  0
LINE
  5
49D
330
17
100
AcDbEntity
  8
A-FURN
370
18
100
AcDbLine
 10
734.0
 20
1050.0
 30
0.0
 11
782.0
 21
1050.0
 31
0.0
  0
LINE
  5
49E
330
17
100
AcDbEntity
  8
A-FURN
370
18
100
AcDbLine
 10
782.0
 20
1050.0
 30
0.0
 11
782.0
 21
1098.0
 31
0.0
  0
LINE
  5
49F
330
17
100
AcDbEntity
  8
A-FURN
370
18
100
AcDbLine
 10
782.0
 20
1098.0
 30
0.0
 11
734.0
 21
1098.0
 31
0.0
  0
CIRCLE
  5
4A0
330
17
100
AcDbEntity
  8
A-FURN
370
15
100
AcDbCircle
 10
722.0
 20
1074.0
 30
0.0
 40
4.800000000000001
  0
LINE
  5
4A1
330
17
100
AcDbEntity
  8
A-FURN
370
18
100
AcDbLine
 10
734.0
 20
982.0
 30
0.0
 11
734.0
 21
934.0
 31
0.0
  0
LINE
  5
4A2
330
17
100
AcDbEntity
  8
A-FURN
370
18
100
AcDbLine
 10
734.0
 20
934.0
 30
0.0
 11
782.0
 21
934.0
 31
0.0
  0
LINE
  5
4A3
330
17
100
AcDbEntity
  8
A-FURN
370
18
100
AcDbLine
 10
782.0
 20
934.0
 30
0.0
 11
782.0
 21
982.0
 31
0.0
  0
LINE
  5
4A4
330
17
100
AcDbEntity
  8
A-FURN
370
18
100
AcDbLine
 10
782.0
 20
982.0
 30
0.0
 11
734.0
 21
982.0
 31
0.0
  0
CIRCLE
  5
4A5
330
17
100
AcDbEntity
  8
A-FURN
370
15
100
AcDbCircle
 10
722.0
 20
958.0
 30
0.0
 40
4.800000000000001
  0
LINE
  5
4A6
330
17
100
AcDbEntity
  8
A-LOCKER
370
18
100
AcDbLine
 10
634.0
 20
1116.0
 30
0.0
 11
634.0
 21
1092.0
 31
0.0
  0
LINE
  5
4A7
330
17
100
AcDbEntity
  8
A-LOCKER
370
18
100
AcDbLine
 10
634.0
 20
1092.0
 30
0.0
 11
754.0
 21
1092.0
 31
0.0
  0
LINE
  5
4A8
330
17
100
AcDbEntity
  8
A-LOCKER
370
18
100
AcDbLine
 10
754.0
 20
1092.0
 30
0.0
 11
754.0
 21
1116.0
 31
0.0
  0
LINE
  5
4A9
330
17
100
AcDbEntity
  8
A-LOCKER
370
18
100
AcDbLine
 10
754.0
 20
1116.0
 30
0.0
 11
634.0
 21
1116.0
 31
0.0
  0
LINE
  5
4AA
330
17
100
AcDbEntity
  8
A-DOOR
370
25
100
AcDbLine
 10
586.0
 20
997.6
 30
0.0
 11
586.0
 21
961.6
 31
0.0
  0
ARC
  5
4AB
330
17
100
AcDbEntity
  8
A-DOOR
370
15
100
AcDbCircle
 10
586.0
 20
997.6
 30
0.0
 40
36.0
100
AcDbArc
 50
270.0
 51
0.0
  0
LINE
  5
4AC
330
17
100
AcDbEntity
  8
A-WALL
370
35
100
AcDbLine
 10
580.0
 20
578.0
 30
0.0
 11
580.0
 21
486.0
 31
0.0
  0
LINE
  5
4AD
330
17
100
AcDbEntity
  8
A-WALL
370
35
100
AcDbLine
 10
580.0
 20
486.0
 30
0.0
 11
758.0
 21
486.0
 31
0.0
  0
LINE
  5
4AE
330
17
100
AcDbEntity
  8
A-WALL
370
35
100
AcDbLine
 10
758.0
 20
486.0
 30
0.0
 11
758.0
 21
578.0
 31
0.0
  0
LINE
  5
4AF
330
17
100
AcDbEntity
  8
A-WALL
370
35
100
AcDbLine
 10
758.0
 20
578.0
 30
0.0
 11
580.0
 21
578.0
 31
0.0
  0
LINE
  5
4B0
330
17
100
AcDbEntity
  8
A-WALL
370
30
100
AcDbLine
 10
580.0
 20
527.4
 30
0.0
 11
758.0
 21
527.4
 31
0.0
  0
TEXT
  5
4B1
330
17
100
AcDbEntity
  8
A-TEXT-TTL
100
AcDbText
 10
748.4000000000001
 20
554.7
 30
0.0
 40
12.0
  1
MALE
 50
270.0
  7
SIMPLEX
 72
1
 11
748.4000000000001
 21
554.7
 31
0.0
100
AcDbText
 73
2
  0
LINE
  5
4B2
330
17
100
AcDbEntity
  8
A-FURN
370
15
100
AcDbLine
 10
731.5999999999999
 20
572.0
 30
0.0
 11
731.5999999999999
 21
558.8
 31
0.0
  0
LINE
  5
4B3
330
17
100
AcDbEntity
  8
A-FURN
370
15
100
AcDbLine
 10
731.5999999999999
 20
558.8
 30
0.0
 11
753.2
 21
558.8
 31
0.0
  0
LINE
  5
4B4
330
17
100
AcDbEntity
  8
A-FURN
370
15
100
AcDbLine
 10
753.2
 20
558.8
 30
0.0
 11
753.2
 21
572.0
 31
0.0
  0
LINE
  5
4B5
330
17
100
AcDbEntity
  8
A-FURN
370
15
100
AcDbLine
 10
753.2
 20
572.0
 30
0.0
 11
731.5999999999999
 21
572.0
 31
0.0
  0
LINE
  5
4B6
330
17
100
AcDbEntity
  8
A-FURN
370
15
100
AcDbLine
 10
731.5999999999999
 20
560.4666666666667
 30
0.0
 11
731.5999999999999
 21
547.2666666666667
 31
0.0
  0
LINE
  5
4B7
330
17
100
AcDbEntity
  8
A-FURN
370
15
100
AcDbLine
 10
731.5999999999999
 20
547.2666666666667
 30
0.0
 11
753.2
 21
547.2666666666667
 31
0.0
  0
LINE
  5
4B8
330
17
100
AcDbEntity
  8
A-FURN
370
15
100
AcDbLine
 10
753.2
 20
547.2666666666667
 30
0.0
 11
753.2
 21
560.4666666666667
 31
0.0
  0
LINE
  5
4B9
330
17
100
AcDbEntity
  8
A-FURN
370
15
100
AcDbLine
 10
753.2
 20
560.4666666666667
 30
0.0
 11
731.5999999999999
 21
560.4666666666667
 31
0.0
  0
LINE
  5
4BA
330
17
100
AcDbEntity
  8
A-FURN
370
15
100
AcDbLine
 10
731.5999999999999
 20
548.9333333333333
 30
0.0
 11
731.5999999999999
 21
535.7333333333332
 31
0.0
  0
LINE
  5
4BB
330
17
100
AcDbEntity
  8
A-FURN
370
15
100
AcDbLine
 10
731.5999999999999
 20
535.7333333333332
 30
0.0
 11
753.2
 21
535.7333333333332
 31
0.0
  0
LINE
  5
4BC
330
17
100
AcDbEntity
  8
A-FURN
370
15
100
AcDbLine
 10
753.2
 20
535.7333333333332
 30
0.0
 11
753.2
 21
548.9333333333333
 31
0.0
  0
LINE
  5
4BD
330
17
100
AcDbEntity
  8
A-FURN
370
15
100
AcDbLine
 10
753.2
 20
548.9333333333333
 30
0.0
 11
731.5999999999999
 21
548.9333333333333
 31
0.0
  0
LINE
  5
4BE
330
17
100
AcDbEntity
  8
A-WALL
370
20
100
AcDbLine
 10
580.0
 20
578.0
 30
0.0
 11
580.0
 21
558.7
 31
0.0
  0
LINE
  5
4BF
330
17
100
AcDbEntity
  8
A-WALL
370
20
100
AcDbLine
 10
580.0
 20
558.7
 30
0.0
 11
634.0
 21
558.7
 31
0.0
  0
LINE
  5
4C0
330
17
100
AcDbEntity
  8
A-WALL
370
20
100
AcDbLine
 10
634.0
 20
558.7
 30
0.0
 11
634.0
 21
578.0
 31
0.0
  0
LINE
  5
4C1
330
17
100
AcDbEntity
  8
A-WALL
370
20
100
AcDbLine
 10
634.0
 20
578.0
 30
0.0
 11
580.0
 21
578.0
 31
0.0
  0
LINE
  5
4C2
330
17
100
AcDbEntity
  8
A-FURN
370
13
100
AcDbLine
 10
587.2
 20
580.3000000000001
 30
0.0
 11
587.2
 21
564.7
 31
0.0
  0
LINE
  5
4C3
330
17
100
AcDbEntity
  8
A-FURN
370
13
100
AcDbLine
 10
587.2
 20
564.7
 30
0.0
 11
601.6
 21
564.7
 31
0.0
  0
LINE
  5
4C4
330
17
100
AcDbEntity
  8
A-FURN
370
13
100
AcDbLine
 10
601.6
 20
564.7
 30
0.0
 11
601.6
 21
580.3000000000001
 31
0.0
  0
LINE
  5
4C5
330
17
100
AcDbEntity
  8
A-FURN
370
13
100
AcDbLine
 10
601.6
 20
580.3000000000001
 30
0.0
 11
587.2
 21
580.3000000000001
 31
0.0
  0
LINE
  5
4C6
330
17
100
AcDbEntity
  8
A-WALL
370
20
100
AcDbLine
 10
580.0
 20
554.7
 30
0.0
 11
580.0
 21
535.4000000000001
 31
0.0
  0
LINE
  5
4C7
330
17
100
AcDbEntity
  8
A-WALL
370
20
100
AcDbLine
 10
580.0
 20
535.4000000000001
 30
0.0
 11
634.0
 21
535.4000000000001
 31
0.0
  0
LINE
  5
4C8
330
17
100
AcDbEntity
  8
A-WALL
370
20
100
AcDbLine
 10
634.0
 20
535.4000000000001
 30
0.0
 11
634.0
 21
554.7
 31
0.0
  0
LINE
  5
4C9
330
17
100
AcDbEntity
  8
A-WALL
370
20
100
AcDbLine
 10
634.0
 20
554.7
 30
0.0
 11
580.0
 21
554.7
 31
0.0
  0
LINE
  5
4CA
330
17
100
AcDbEntity
  8
A-FURN
370
13
100
AcDbLine
 10
587.2
 20
557.0000000000001
 30
0.0
 11
587.2
 21
541.4000000000001
 31
0.0
  0
LINE
  5
4CB
330
17
100
AcDbEntity
  8
A-FURN
370
13
100
AcDbLine
 10
587.2
 20
541.4000000000001
 30
0.0
 11
601.6
 21
541.4000000000001
 31
0.0
  0
LINE
  5
4CC
330
17
100
AcDbEntity
  8
A-FURN
370
13
100
AcDbLine
 10
601.6
 20
541.4000000000001
 30
0.0
 11
601.6
 21
557.0000000000001
 31
0.0
  0
LINE
  5
4CD
330
17
100
AcDbEntity
  8
A-FURN
370
13
100
AcDbLine
 10
601.6
 20
557.0000000000001
 30
0.0
 11
587.2
 21
557.0000000000001
 31
0.0
  0
LINE
  5
4CE
330
17
100
AcDbEntity
  8
A-DOOR
370
25
100
AcDbLine
 10
580.0
 20
564.4
 30
0.0
 11
580.0
 21
531.4
 31
0.0
  0
ARC
  5
4CF
330
17
100
AcDbEntity
  8
A-DOOR
370
15
100
AcDbCircle
 10
580.0
 20
564.4
 30
0.0
 40
33.0
100
AcDbArc
 50
270.0
 51
0.0
  0
TEXT
  5
4D0
330
17
100
AcDbEntity
  8
A-TEXT-TTL
100
AcDbText
 10
748.4000000000001
 20
504.70000000000005
 30
0.0
 40
12.0
  1
FEMALE
 50
270.0
  7
SIMPLEX
 72
1
 11
748.4000000000001
 21
504.70000000000005
 31
0.0
100
AcDbText
 73
2
  0
LINE
  5
4D1
330
17
100
AcDbEntity
  8
A-WALL
370
20
100
AcDbLine
 10
604.0
 20
523.4
 30
0.0
 11
604.0
 21
513.6
 31
0.0
  0
LINE
  5
4D2
330
17
100
AcDbEntity
  8
A-WALL
370
20
100
AcDbLine
 10
604.0
 20
513.6
 30
0.0
 11
728.0
 21
513.6
 31
0.0
  0
LINE
  5
4D3
330
17
100
AcDbEntity
  8
A-WALL
370
20
100
AcDbLine
 10
728.0
 20
513.6
 30
0.0
 11
728.0
 21
523.4
 31
0.0
  0
LINE
  5
4D4
330
17
100
AcDbEntity
  8
A-WALL
370
20
100
AcDbLine
 10
728.0
 20
523.4
 30
0.0
 11
604.0
 21
523.4
 31
0.0
  0
LINE
  5
4D5
330
17
100
AcDbEntity
  8
A-FURN
370
13
100
AcDbLine
 10
707.6
 20
535.2
 30
0.0
 11
707.6
 21
519.6
 31
0.0
  0
LINE
  5
4D6
330
17
100
AcDbEntity
  8
A-FURN
370
13
100
AcDbLine
 10
707.6
 20
519.6
 30
0.0
 11
722.0
 21
519.6
 31
0.0
  0
LINE
  5
4D7
330
17
100
AcDbEntity
  8
A-FURN
370
13
100
AcDbLine
 10
722.0
 20
519.6
 30
0.0
 11
722.0
 21
535.2
 31
0.0
  0
LINE
  5
4D8
330
17
100
AcDbEntity
  8
A-FURN
370
13
100
AcDbLine
 10
722.0
 20
535.2
 30
0.0
 11
707.6
 21
535.2
 31
0.0
  0
LINE
  5
4D9
330
17
100
AcDbEntity
  8
A-DOOR
370
25
100
AcDbLine
 10
604.0
 20
537.6
 30
0.0
 11
604.0
 21
513.6
 31
0.0
  0
ARC
  5
4DA
330
17
100
AcDbEntity
  8
A-DOOR
370
15
100
AcDbCircle
 10
604.0
 20
537.6
 30
0.0
 40
24.0
100
AcDbArc
 50
180.0
 51
270.0
  0
LINE
  5
4DB
330
17
100
AcDbEntity
  8
A-WALL
370
20
100
AcDbLine
 10
604.0
 20
510.9333333333333
 30
0.0
 11
604.0
 21
501.1333333333333
 31
0.0
  0
LINE
  5
4DC
330
17
100
AcDbEntity
  8
A-WALL
370
20
100
AcDbLine
 10
604.0
 20
501.1333333333333
 30
0.0
 11
728.0
 21
501.1333333333333
 31
0.0
  0
LINE
  5
4DD
330
17
100
AcDbEntity
  8
A-WALL
370
20
100
AcDbLine
 10
728.0
 20
501.1333333333333
 30
0.0
 11
728.0
 21
510.9333333333333
 31
0.0
  0
LINE
  5
4DE
330
17
100
AcDbEntity
  8
A-WALL
370
20
100
AcDbLine
 10
728.0
 20
510.9333333333333
 30
0.0
 11
604.0
 21
510.9333333333333
 31
0.0
  0
LINE
  5
4DF
330
17
100
AcDbEntity
  8
A-FURN
370
13
100
AcDbLine
 10
707.6
 20
522.7333333333333
 30
0.0
 11
707.6
 21
507.1333333333333
 31
0.0
  0
LINE
  5
4E0
330
17
100
AcDbEntity
  8
A-FURN
370
13
100
AcDbLine
 10
707.6
 20
507.1333333333333
 30
0.0
 11
722.0
 21
507.1333333333333
 31
0.0
  0
LINE
  5
4E1
330
17
100
AcDbEntity
  8
A-FURN
370
13
100
AcDbLine
 10
722.0
 20
507.1333333333333
 30
0.0
 11
722.0
 21
522.7333333333333
 31
0.0
  0
LINE
  5
4E2
330
17
100
AcDbEntity
  8
A-FURN
370
13
100
AcDbLine
 10
722.0
 20
522.7333333333333
 30
0.0
 11
707.6
 21
522.7333333333333
 31
0.0
  0
LINE
  5
4E3
330
17
100
AcDbEntity
  8
A-DOOR
370
25
100
AcDbLine
 10
604.0
 20
525.1333333333333
 30
0.0
 11
604.0
 21
501.1333333333333
 31
0.0
  0
ARC
  5
4E4
330
17
100
AcDbEntity
  8
A-DOOR
370
15
100
AcDbCircle
 10
604.0
 20
525.1333333333333
 30
0.0
 40
24.0
100
AcDbArc
 50
180.0
 51
270.0
  0
LINE
  5
4E5
330
17
100
AcDbEntity
  8
A-WALL
370
20
100
AcDbLine
 10
604.0
 20
498.4666666666667
 30
0.0
 11
604.0
 21
488.66666666666674
 31
0.0
  0
LINE
  5
4E6
330
17
100
AcDbEntity
  8
A-WALL
370
20
100
AcDbLine
 10
604.0
 20
488.66666666666674
 30
0.0
 11
728.0
 21
488.66666666666674
 31
0.0
  0
LINE
  5
4E7
330
17
100
AcDbEntity
  8
A-WALL
370
20
100
AcDbLine
 10
728.0
 20
488.66666666666674
 30
0.0
 11
728.0
 21
498.4666666666667
 31
0.0
  0
LINE
  5
4E8
330
17
100
AcDbEntity
  8
A-WALL
370
20
100
AcDbLine
 10
728.0
 20
498.4666666666667
 30
0.0
 11
604.0
 21
498.4666666666667
 31
0.0
  0
LINE
  5
4E9
330
17
100
AcDbEntity
  8
A-FURN
370
13
100
AcDbLine
 10
707.6
 20
510.26666666666677
 30
0.0
 11
707.6
 21
494.66666666666674
 31
0.0
  0
LINE
  5
4EA
330
17
100
AcDbEntity
  8
A-FURN
370
13
100
AcDbLine
 10
707.6
 20
494.66666666666674
 30
0.0
 11
722.0
 21
494.66666666666674
 31
0.0
  0
LINE
  5
4EB
330
17
100
AcDbEntity
  8
A-FURN
370
13
100
AcDbLine
 10
722.0
 20
494.66666666666674
 30
0.0
 11
722.0
 21
510.26666666666677
 31
0.0
  0
LINE
  5
4EC
330
17
100
AcDbEntity
  8
A-FURN
370
13
100
AcDbLine
 10
722.0
 20
510.26666666666677
 30
0.0
 11
707.6
 21
510.26666666666677
 31
0.0
  0
LINE
  5
4ED
330
17
100
AcDbEntity
  8
A-DOOR
370
25
100
AcDbLine
 10
604.0
 20
512.6666666666667
 30
0.0
 11
604.0
 21
488.66666666666674
 31
0.0
  0
ARC
  5
4EE
330
17
100
AcDbEntity
  8
A-DOOR
370
15
100
AcDbCircle
 10
604.0
 20
512.6666666666667
 30
0.0
 40
24.0
100
AcDbArc
 50
180.0
 51
270.0
  0
LINE
  5
4EF
330
17
100
AcDbEntity
  8
A-DOOR
370
25
100
AcDbLine
 10
580.0
 20
521.0
 30
0.0
 11
580.0
 21
488.0
 31
0.0
  0
ARC
  5
4F0
330
17
100
AcDbEntity
  8
A-DOOR
370
15
100
AcDbCircle
 10
580.0
 20
521.0
 30
0.0
 40
33.0
100
AcDbArc
 50
180.0
 51
270.0
  0
CIRCLE
  5
4F1
330
17
100
AcDbEntity
  8
A-FURN
370
15
100
AcDbCircle
 10
658.0
 20
554.7
 30
0.0
 40
6.0
  0
CIRCLE
  5
4F2
330
17
100
AcDbEntity
  8
A-FURN
370
15
100
AcDbCircle
 10
592.0
 20
504.70000000000005
 30
0.0
 40
6.0
  0
LINE
  5
4F3
330
17
100
AcDbEntity
  8
A-WINDOW
370
40
100
AcDbLine
 10
630.0
 20
486.0
 30
0.0
 11
702.0
 21
486.0
 31
0.0
  0
LINE
  5
4F4
330
17
100
AcDbEntity
  8
A-WINDOW
370
40
100
AcDbLine
 10
630.0
 20
474.0
 30
0.0
 11
702.0
 21
474.0
 31
0.0
  0
LINE
  5
4F5
330
17
100
AcDbEntity
  8
A-WINDOW
370
40
100
AcDbLine
 10
630.0
 20
486.0
 30
0.0
 11
630.0
 21
474.0
 31
0.0
  0
LINE
  5
4F6
330
17
100
AcDbEntity
  8
A-WINDOW
370
40
100
AcDbLine
 10
702.0
 20
486.0
 30
0.0
 11
702.0
 21
474.0
 31
0.0
  0
LINE
  5
4F7
330
17
100
AcDbEntity
  8
A-WINDOW
370
25
100
AcDbLine
 10
630.0
 20
482.03999999999996
 30
0.0
 11
702.0
 21
482.03999999999996
 31
0.0
  0
LINE
  5
4F8
330
17
100
AcDbEntity
  8
A-WINDOW
370
25
100
AcDbLine
 10
630.0
 20
477.96000000000004
 30
0.0
 11
702.0
 21
477.96000000000004
 31
0.0
  0
LINE
  5
4F9
330
17
100
AcDbEntity
  8
A-WINDOW
370
25
100
AcDbLine
 10
666.0
 20
486.0
 30
0.0
 11
666.0
 21
474.0
 31
0.0
  0
LINE
  5
4FA
330
17
100
AcDbEntity
  8
A-WINDOW
370
15
100
AcDbLine
 10
642.0
 20
485.0
 30
0.0
 11
642.0
 21
475.0
 31
0.0
  0
LINE
  5
4FB
330
17
100
AcDbEntity
  8
A-WINDOW
370
15
100
AcDbLine
 10
654.0
 20
485.0
 30
0.0
 11
654.0
 21
475.0
 31
0.0
  0
LINE
  5
4FC
330
17
100
AcDbEntity
  8
A-WINDOW
370
15
100
AcDbLine
 10
666.0
 20
485.0
 30
0.0
 11
666.0
 21
475.0
 31
0.0
  0
LINE
  5
4FD
330
17
100
AcDbEntity
  8
A-WINDOW
370
15
100
AcDbLine
 10
678.0
 20
485.0
 30
0.0
 11
678.0
 21
475.0
 31
0.0
  0
LINE
  5
4FE
330
17
100
AcDbEntity
  8
A-WINDOW
370
15
100
AcDbLine
 10
690.0
 20
485.0
 30
0.0
 11
690.0
 21
475.0
 31
0.0
  0
TEXT
  5
4FF
330
17
100
AcDbEntity
  8
A-WINDOW
100
AcDbText
 10
666.0
 20
459.6
 30
0.0
 40
6.0
  1
W 6'-0"
  7
SIMPLEX
 72
1
 11
666.0
 21
459.6
 31
0.0
100
AcDbText
 73
2
  0
LINE
  5
500
330
17
100
AcDbEntity
  8
A-WINDOW
370
35
100
AcDbLine
 10
-17.0
 20
1059.0
 30
0.0
 11
-17.0
 21
1029.0
 31
0.0
  0
LINE
  5
501
330
17
100
AcDbEntity
  8
A-WINDOW
370
35
100
AcDbLine
 10
-17.0
 20
1029.0
 30
0.0
 11
-7.0
 21
1029.0
 31
0.0
  0
LINE
  5
502
330
17
100
AcDbEntity
  8
A-WINDOW
370
35
100
AcDbLine
 10
-7.0
 20
1029.0
 30
0.0
 11
-7.0
 21
1059.0
 31
0.0
  0
LINE
  5
503
330
17
100
AcDbEntity
  8
A-WINDOW
370
35
100
AcDbLine
 10
-7.0
 20
1059.0
 30
0.0
 11
-17.0
 21
1059.0
 31
0.0
  0
LINE
  5
504
330
17
100
AcDbEntity
  8
A-WINDOW
370
20
100
AcDbLine
 10
-16.444444444444457
 20
1056.0
 30
0.0
 11
-16.444444444444457
 21
1032.0
 31
0.0
  0
LINE
  5
505
330
17
100
AcDbEntity
  8
A-WINDOW
370
20
100
AcDbLine
 10
-15.333333333333258
 20
1056.0
 30
0.0
 11
-15.333333333333258
 21
1032.0
 31
0.0
  0
LINE
  5
506
330
17
100
AcDbEntity
  8
A-WINDOW
370
20
100
AcDbLine
 10
-14.222222222222172
 20
1056.0
 30
0.0
 11
-14.222222222222172
 21
1032.0
 31
0.0
  0
LINE
  5
507
330
17
100
AcDbEntity
  8
A-WINDOW
370
20
100
AcDbLine
 10
-13.111111111111086
 20
1056.0
 30
0.0
 11
-13.111111111111086
 21
1032.0
 31
0.0
  0
LINE
  5
508
330
17
100
AcDbEntity
  8
A-WINDOW
370
20
100
AcDbLine
 10
-12.0
 20
1056.0
 30
0.0
 11
-12.0
 21
1032.0
 31
0.0
  0
LINE
  5
509
330
17
100
AcDbEntity
  8
A-WINDOW
370
20
100
AcDbLine
 10
-10.888888888888914
 20
1056.0
 30
0.0
 11
-10.888888888888914
 21
1032.0
 31
0.0
  0
LINE
  5
50A
330
17
100
AcDbEntity
  8
A-WINDOW
370
20
100
AcDbLine
 10
-9.777777777777828
 20
1056.0
 30
0.0
 11
-9.777777777777828
 21
1032.0
 31
0.0
  0
LINE
  5
50B
330
17
100
AcDbEntity
  8
A-WINDOW
370
20
100
AcDbLine
 10
-8.666666666666742
 20
1056.0
 30
0.0
 11
-8.666666666666742
 21
1032.0
 31
0.0
  0
LINE
  5
50C
330
17
100
AcDbEntity
  8
A-WINDOW
370
20
100
AcDbLine
 10
-7.555555555555543
 20
1056.0
 30
0.0
 11
-7.555555555555543
 21
1032.0
 31
0.0
  0
TEXT
  5
50D
330
17
100
AcDbEntity
  8
A-WINDOW
100
AcDbText
 10
-31.200000000000045
 20
1044.0
 30
0.0
 40
9.0
  1
FV1
 50
270.0
  7
SIMPLEX
 72
1
 11
-31.200000000000045
 21
1044.0
 31
0.0
100
AcDbText
 73
2
  0
TEXT
  5
50E
330
17
100
AcDbEntity
  8
A-WINDOW
100
AcDbText
 10
4.800000000000011
 20
1044.0
 30
0.0
 40
4.5
  1
VENT
 50
270.0
  7
SIMPLEX
 72
1
 11
4.800000000000011
 21
1044.0
 31
0.0
100
AcDbText
 73
2
  0
LINE
  5
50F
330
17
100
AcDbEntity
  8
A-WINDOW
370
35
100
AcDbLine
 10
-17.0
 20
879.0
 30
0.0
 11
-17.0
 21
849.0
 31
0.0
  0
LINE
  5
510
330
17
100
AcDbEntity
  8
A-WINDOW
370
35
100
AcDbLine
 10
-17.0
 20
849.0
 30
0.0
 11
-7.0
 21
849.0
 31
0.0
  0
LINE
  5
511
330
17
100
AcDbEntity
  8
A-WINDOW
370
35
100
AcDbLine
 10
-7.0
 20
849.0
 30
0.0
 11
-7.0
 21
879.0
 31
0.0
  0
LINE
  5
512
330
17
100
AcDbEntity
  8
A-WINDOW
370
35
100
AcDbLine
 10
-7.0
 20
879.0
 30
0.0
 11
-17.0
 21
879.0
 31
0.0
  0
LINE
  5
513
330
17
100
AcDbEntity
  8
A-WINDOW
370
20
100
AcDbLine
 10
-16.444444444444457
 20
876.0
 30
0.0
 11
-16.444444444444457
 21
852.0
 31
0.0
  0
LINE
  5
514
330
17
100
AcDbEntity
  8
A-WINDOW
370
20
100
AcDbLine
 10
-15.333333333333258
 20
876.0
 30
0.0
 11
-15.333333333333258
 21
852.0
 31
0.0
  0
LINE
  5
515
330
17
100
AcDbEntity
  8
A-WINDOW
370
20
100
AcDbLine
 10
-14.222222222222172
 20
876.0
 30
0.0
 11
-14.222222222222172
 21
852.0
 31
0.0
  0
LINE
  5
516
330
17
100
AcDbEntity
  8
A-WINDOW
370
20
100
AcDbLine
 10
-13.111111111111086
 20
876.0
 30
0.0
 11
-13.111111111111086
 21
852.0
 31
0.0
  0
LINE
  5
517
330
17
100
AcDbEntity
  8
A-WINDOW
370
20
100
AcDbLine
 10
-12.0
 20
876.0
 30
0.0
 11
-12.0
 21
852.0
 31
0.0
  0
LINE
  5
518
330
17
100
AcDbEntity
  8
A-WINDOW
370
20
100
AcDbLine
 10
-10.888888888888914
 20
876.0
 30
0.0
 11
-10.888888888888914
 21
852.0
 31
0.0
  0
LINE
  5
519
330
17
100
AcDbEntity
  8
A-WINDOW
370
20
100
AcDbLine
 10
-9.777777777777828
 20
876.0
 30
0.0
 11
-9.777777777777828
 21
852.0
 31
0.0
  0
LINE
  5
51A
330
17
100
AcDbEntity
  8
A-WINDOW
370
20
100
AcDbLine
 10
-8.666666666666742
 20
876.0
 30
0.0
 11
-8.666666666666742
 21
852.0
 31
0.0
  0
LINE
  5
51B
330
17
100
AcDbEntity
  8
A-WINDOW
370
20
100
AcDbLine
 10
-7.555555555555543
 20
876.0
 30
0.0
 11
-7.555555555555543
 21
852.0
 31
0.0
  0
TEXT
  5
51C
330
17
100
AcDbEntity
  8
A-WINDOW
100
AcDbText
 10
-31.200000000000045
 20
864.0
 30
0.0
 40
9.0
  1
FV2
 50
270.0
  7
SIMPLEX
 72
1
 11
-31.200000000000045
 21
864.0
 31
0.0
100
AcDbText
 73
2
  0
TEXT
  5
51D
330
17
100
AcDbEntity
  8
A-WINDOW
100
AcDbText
 10
4.800000000000011
 20
864.0
 30
0.0
 40
4.5
  1
VENT
 50
270.0
  7
SIMPLEX
 72
1
 11
4.800000000000011
 21
864.0
 31
0.0
100
AcDbText
 73
2
  0
LINE
  5
51E
330
17
100
AcDbEntity
  8
A-WINDOW
370
35
100
AcDbLine
 10
591.0
 20
485.0
 30
0.0
 11
591.0
 21
475.0
 31
0.0
  0
LINE
  5
51F
330
17
100
AcDbEntity
  8
A-WINDOW
370
35
100
AcDbLine
 10
591.0
 20
475.0
 30
0.0
 11
621.0
 21
475.0
 31
0.0
  0
LINE
  5
520
330
17
100
AcDbEntity
  8
A-WINDOW
370
35
100
AcDbLine
 10
621.0
 20
475.0
 30
0.0
 11
621.0
 21
485.0
 31
0.0
  0
LINE
  5
521
330
17
100
AcDbEntity
  8
A-WINDOW
370
35
100
AcDbLine
 10
621.0
 20
485.0
 30
0.0
 11
591.0
 21
485.0
 31
0.0
  0
LINE
  5
522
330
17
100
AcDbEntity
  8
A-WINDOW
370
20
100
AcDbLine
 10
594.0
 20
484.44444444444446
 30
0.0
 11
618.0
 21
484.44444444444446
 31
0.0
  0
LINE
  5
523
330
17
100
AcDbEntity
  8
A-WINDOW
370
20
100
AcDbLine
 10
594.0
 20
483.33333333333337
 30
0.0
 11
618.0
 21
483.33333333333337
 31
0.0
  0
LINE
  5
524
330
17
100
AcDbEntity
  8
A-WINDOW
370
20
100
AcDbLine
 10
594.0
 20
482.2222222222222
 30
0.0
 11
618.0
 21
482.2222222222222
 31
0.0
  0
LINE
  5
525
330
17
100
AcDbEntity
  8
A-WINDOW
370
20
100
AcDbLine
 10
594.0
 20
481.1111111111111
 30
0.0
 11
618.0
 21
481.1111111111111
 31
0.0
  0
LINE
  5
526
330
17
100
AcDbEntity
  8
A-WINDOW
370
20
100
AcDbLine
 10
594.0
 20
480.0
 30
0.0
 11
618.0
 21
480.0
 31
0.0
  0
LINE
  5
527
330
17
100
AcDbEntity
  8
A-WINDOW
370
20
100
AcDbLine
 10
594.0
 20
478.8888888888889
 30
0.0
 11
618.0
 21
478.8888888888889
 31
0.0
  0
LINE
  5
528
330
17
100
AcDbEntity
  8
A-WINDOW
370
20
100
AcDbLine
 10
594.0
 20
477.7777777777778
 30
0.0
 11
618.0
 21
477.7777777777778
 31
0.0
  0
LINE
  5
529
330
17
100
AcDbEntity
  8
A-WINDOW
370
20
100
AcDbLine
 10
594.0
 20
476.66666666666663
 30
0.0
 11
618.0
 21
476.66666666666663
 31
0.0
  0
LINE
  5
52A
330
17
100
AcDbEntity
  8
A-WINDOW
370
20
100
AcDbLine
 10
594.0
 20
475.55555555555554
 30
0.0
 11
618.0
 21
475.55555555555554
 31
0.0
  0
TEXT
  5
52B
330
17
100
AcDbEntity
  8
A-WINDOW
100
AcDbText
 10
606.0
 20
499.20000000000005
 30
0.0
 40
9.0
  1
FV3
  7
SIMPLEX
 72
1
 11
606.0
 21
499.20000000000005
 31
0.0
100
AcDbText
 73
2
  0
TEXT
  5
52C
330
17
100
AcDbEntity
  8
A-WINDOW
100
AcDbText
 10
606.0
 20
463.20000000000005
 30
0.0
 40
4.5
  1
VENT
  7
SIMPLEX
 72
1
 11
606.0
 21
463.20000000000005
 31
0.0
100
AcDbText
 73
2
  0
LINE
  5
52D
330
17
100
AcDbEntity
  8
A-WINDOW
370
35
100
AcDbLine
 10
723.0
 20
485.0
 30
0.0
 11
723.0
 21
475.0
 31
0.0
  0
LINE
  5
52E
330
17
100
AcDbEntity
  8
A-WINDOW
370
35
100
AcDbLine
 10
723.0
 20
475.0
 30
0.0
 11
753.0
 21
475.0
 31
0.0
  0
LINE
  5
52F
330
17
100
AcDbEntity
  8
A-WINDOW
370
35
100
AcDbLine
 10
753.0
 20
475.0
 30
0.0
 11
753.0
 21
485.0
 31
0.0
  0
LINE
  5
530
330
17
100
AcDbEntity
  8
A-WINDOW
370
35
100
AcDbLine
 10
753.0
 20
485.0
 30
0.0
 11
723.0
 21
485.0
 31
0.0
  0
LINE
  5
531
330
17
100
AcDbEntity
  8
A-WINDOW
370
20
100
AcDbLine
 10
726.0
 20
484.44444444444446
 30
0.0
 11
750.0
 21
484.44444444444446
 31
0.0
  0
LINE
  5
532
330
17
100
AcDbEntity
  8
A-WINDOW
370
20
100
AcDbLine
 10
726.0
 20
483.33333333333337
 30
0.0
 11
750.0
 21
483.33333333333337
 31
0.0
  0
LINE
  5
533
330
17
100
AcDbEntity
  8
A-WINDOW
370
20
100
AcDbLine
 10
726.0
 20
482.2222222222222
 30
0.0
 11
750.0
 21
482.2222222222222
 31
0.0
  0
LINE
  5
534
330
17
100
AcDbEntity
  8
A-WINDOW
370
20
100
AcDbLine
 10
726.0
 20
481.1111111111111
 30
0.0
 11
750.0
 21
481.1111111111111
 31
0.0
  0
LINE
  5
535
330
17
100
AcDbEntity
  8
A-WINDOW
370
20
100
AcDbLine
 10
726.0
 20
480.0
 30
0.0
 11
750.0
 21
480.0
 31
0.0
  0
LINE
  5
536
330
17
100
AcDbEntity
  8
A-WINDOW
370
20
100
AcDbLine
 10
726.0
 20
478.8888888888889
 30
0.0
 11
750.0
 21
478.8888888888889
 31
0.0
  0
LINE
  5
537
330
17
100
AcDbEntity
  8
A-WINDOW
370
20
100
AcDbLine
 10
726.0
 20
477.7777777777778
 30
0.0
 11
750.0
 21
477.7777777777778
 31
0.0
  0
LINE
  5
538
330
17
100
AcDbEntity
  8
A-WINDOW
370
20
100
AcDbLine
 10
726.0
 20
476.66666666666663
 30
0.0
 11
750.0
 21
476.66666666666663
 31
0.0
  0
LINE
  5
539
330
17
100
AcDbEntity
  8
A-WINDOW
370
20
100
AcDbLine
 10
726.0
 20
475.55555555555554
 30
0.0
 11
750.0
 21
475.55555555555554
 31
0.0
  0
TEXT
  5
53A
330
17
100
AcDbEntity
  8
A-WINDOW
100
AcDbText
 10
738.0
 20
499.20000000000005
 30
0.0
 40
9.0
  1
FV4
  7
SIMPLEX
 72
1
 11
738.0
 21
499.20000000000005
 31
0.0
100
AcDbText
 73
2
  0
TEXT
  5
53B
330
17
100
AcDbEntity
  8
A-WINDOW
100
AcDbText
 10
738.0
 20
463.20000000000005
 30
0.0
 40
4.5
  1
VENT
  7
SIMPLEX
 72
1
 11
738.0
 21
463.20000000000005
 31
0.0
100
AcDbText
 73
2
  0
LINE
  5
53C
330
17
100
AcDbEntity
  8
A-WINDOW
370
35
100
AcDbLine
 10
1027.0
 20
783.0
 30
0.0
 11
1027.0
 21
753.0
 31
0.0
  0
LINE
  5
53D
330
17
100
AcDbEntity
  8
A-WINDOW
370
35
100
AcDbLine
 10
1027.0
 20
753.0
 30
0.0
 11
1037.0
 21
753.0
 31
0.0
  0
LINE
  5
53E
330
17
100
AcDbEntity
  8
A-WINDOW
370
35
100
AcDbLine
 10
1037.0
 20
753.0
 30
0.0
 11
1037.0
 21
783.0
 31
0.0
  0
LINE
  5
53F
330
17
100
AcDbEntity
  8
A-WINDOW
370
35
100
AcDbLine
 10
1037.0
 20
783.0
 30
0.0
 11
1027.0
 21
783.0
 31
0.0
  0
LINE
  5
540
330
17
100
AcDbEntity
  8
A-WINDOW
370
20
100
AcDbLine
 10
1027.5555555555557
 20
780.0
 30
0.0
 11
1027.5555555555557
 21
756.0
 31
0.0
  0
LINE
  5
541
330
17
100
AcDbEntity
  8
A-WINDOW
370
20
100
AcDbLine
 10
1028.6666666666667
 20
780.0
 30
0.0
 11
1028.6666666666667
 21
756.0
 31
0.0
  0
LINE
  5
542
330
17
100
AcDbEntity
  8
A-WINDOW
370
20
100
AcDbLine
 10
1029.7777777777778
 20
780.0
 30
0.0
 11
1029.7777777777778
 21
756.0
 31
0.0
  0
LINE
  5
543
330
17
100
AcDbEntity
  8
A-WINDOW
370
20
100
AcDbLine
 10
1030.888888888889
 20
780.0
 30
0.0
 11
1030.888888888889
 21
756.0
 31
0.0
  0
LINE
  5
544
330
17
100
AcDbEntity
  8
A-WINDOW
370
20
100
AcDbLine
 10
1032.0
 20
780.0
 30
0.0
 11
1032.0
 21
756.0
 31
0.0
  0
LINE
  5
545
330
17
100
AcDbEntity
  8
A-WINDOW
370
20
100
AcDbLine
 10
1033.111111111111
 20
780.0
 30
0.0
 11
1033.111111111111
 21
756.0
 31
0.0
  0
LINE
  5
546
330
17
100
AcDbEntity
  8
A-WINDOW
370
20
100
AcDbLine
 10
1034.2222222222222
 20
780.0
 30
0.0
 11
1034.2222222222222
 21
756.0
 31
0.0
  0
LINE
  5
547
330
17
100
AcDbEntity
  8
A-WINDOW
370
20
100
AcDbLine
 10
1035.3333333333333
 20
780.0
 30
0.0
 11
1035.3333333333333
 21
756.0
 31
0.0
  0
LINE
  5
548
330
17
100
AcDbEntity
  8
A-WINDOW
370
20
100
AcDbLine
 10
1036.4444444444443
 20
780.0
 30
0.0
 11
1036.4444444444443
 21
756.0
 31
0.0
  0
TEXT
  5
549
330
17
100
AcDbEntity
  8
A-WINDOW
100
AcDbText
 10
1012.8
 20
768.0
 30
0.0
 40
9.0
  1
FV5
 50
270.0
  7
SIMPLEX
 72
1
 11
1012.8
 21
768.0
 31
0.0
100
AcDbText
 73
2
  0
TEXT
  5
54A
330
17
100
AcDbEntity
  8
A-WINDOW
100
AcDbText
 10
1048.8
 20
768.0
 30
0.0
 40
4.5
  1
VENT
 50
270.0
  7
SIMPLEX
 72
1
 11
1048.8
 21
768.0
 31
0.0
100
AcDbText
 73
2
  0
LINE
  5
54B
330
17
100
AcDbEntity
  8
A-WINDOW
370
35
100
AcDbLine
 10
147.0
 20
785.0
 30
0.0
 11
147.0
 21
775.0
 31
0.0
  0
LINE
  5
54C
330
17
100
AcDbEntity
  8
A-WINDOW
370
35
100
AcDbLine
 10
147.0
 20
775.0
 30
0.0
 11
177.0
 21
775.0
 31
0.0
  0
LINE
  5
54D
330
17
100
AcDbEntity
  8
A-WINDOW
370
35
100
AcDbLine
 10
177.0
 20
775.0
 30
0.0
 11
177.0
 21
785.0
 31
0.0
  0
LINE
  5
54E
330
17
100
AcDbEntity
  8
A-WINDOW
370
35
100
AcDbLine
 10
177.0
 20
785.0
 30
0.0
 11
147.0
 21
785.0
 31
0.0
  0
LINE
  5
54F
330
17
100
AcDbEntity
  8
A-WINDOW
370
20
100
AcDbLine
 10
150.0
 20
784.4444444444445
 30
0.0
 11
174.0
 21
784.4444444444445
 31
0.0
  0
LINE
  5
550
330
17
100
AcDbEntity
  8
A-WINDOW
370
20
100
AcDbLine
 10
150.0
 20
783.3333333333334
 30
0.0
 11
174.0
 21
783.3333333333334
 31
0.0
  0
LINE
  5
551
330
17
100
AcDbEntity
  8
A-WINDOW
370
20
100
AcDbLine
 10
150.0
 20
782.2222222222222
 30
0.0
 11
174.0
 21
782.2222222222222
 31
0.0
  0
LINE
  5
552
330
17
100
AcDbEntity
  8
A-WINDOW
370
20
100
AcDbLine
 10
150.0
 20
781.1111111111111
 30
0.0
 11
174.0
 21
781.1111111111111
 31
0.0
  0
LINE
  5
553
330
17
100
AcDbEntity
  8
A-WINDOW
370
20
100
AcDbLine
 10
150.0
 20
780.0
 30
0.0
 11
174.0
 21
780.0
 31
0.0
  0
LINE
  5
554
330
17
100
AcDbEntity
  8
A-WINDOW
370
20
100
AcDbLine
 10
150.0
 20
778.8888888888889
 30
0.0
 11
174.0
 21
778.8888888888889
 31
0.0
  0
LINE
  5
555
330
17
100
AcDbEntity
  8
A-WINDOW
370
20
100
AcDbLine
 10
150.0
 20
777.7777777777778
 30
0.0
 11
174.0
 21
777.7777777777778
 31
0.0
  0
LINE
  5
556
330
17
100
AcDbEntity
  8
A-WINDOW
370
20
100
AcDbLine
 10
150.0
 20
776.6666666666666
 30
0.0
 11
174.0
 21
776.6666666666666
 31
0.0
  0
LINE
  5
557
330
17
100
AcDbEntity
  8
A-WINDOW
370
20
100
AcDbLine
 10
150.0
 20
775.5555555555555
 30
0.0
 11
174.0
 21
775.5555555555555
 31
0.0
  0
TEXT
  5
558
330
17
100
AcDbEntity
  8
A-WINDOW
100
AcDbText
 10
162.0
 20
799.2
 30
0.0
 40
9.0
  1
FV6
  7
SIMPLEX
 72
1
 11
162.0
 21
799.2
 31
0.0
100
AcDbText
 73
2
  0
TEXT
  5
559
330
17
100
AcDbEntity
  8
A-WINDOW
100
AcDbText
 10
162.0
 20
763.2
 30
0.0
 40
4.5
  1
VENT
  7
SIMPLEX
 72
1
 11
162.0
 21
763.2
 31
0.0
100
AcDbText
 73
2
  0
LINE
  5
55A
330
17
100
AcDbEntity
  8
A-DIM
370
18
100
AcDbLine
 10
-92.39999999999998
 20
1134.0
 30
0.0
 11
-92.39999999999998
 21
774.0
 31
0.0
  0
LINE
  5
55B
330
17
100
AcDbEntity
  8
A-DIM
370
13
100
AcDbLine
 10
-81.0
 20
1134.0
 30
0.0
 11
-96.60000000000002
 21
1134.0
 31
0.0
  0
LINE
  5
55C
330
17
100
AcDbEntity
  8
A-DIM
370
13
100
AcDbLine
 10
-81.0
 20
774.0
 30
0.0
 11
-96.60000000000002
 21
774.0
 31
0.0
  0
LINE
  5
55D
330
17
100
AcDbEntity
  8
A-DIM
370
30
100
AcDbLine
 10
-95.39999999999998
 20
1137.0
 30
0.0
 11
-89.39999999999998
 21
1131.0
 31
0.0
  0
LINE
  5
55E
330
17
100
AcDbEntity
  8
A-DIM
370
30
100
AcDbLine
 10
-95.39999999999998
 20
777.0
 30
0.0
 11
-89.39999999999998
 21
771.0
 31
0.0
  0
TEXT
  5
55F
330
17
100
AcDbEntity
  8
A-DIM
100
AcDbText
 10
-99.60000000000002
 20
954.0
 30
0.0
 40
9.0
  1
30'-0"
 50
270.0
  7
SIMPLEX
 72
1
 11
-99.60000000000002
 21
954.0
 31
0.0
100
AcDbText
 73
3
  0
LINE
  5
560
330
17
100
AcDbEntity
  8
A-DIM
370
18
100
AcDbLine
 10
-116.39999999999998
 20
1134.0
 30
0.0
 11
-116.39999999999998
 21
473.99999999999994
 31
0.0
  0
LINE
  5
561
330
17
100
AcDbEntity
  8
A-DIM
370
13
100
AcDbLine
 10
-105.0
 20
1134.0
 30
0.0
 11
-120.60000000000002
 21
1134.0
 31
0.0
  0
LINE
  5
562
330
17
100
AcDbEntity
  8
A-DIM
370
13
100
AcDbLine
 10
-105.0
 20
473.99999999999994
 30
0.0
 11
-120.60000000000002
 21
473.99999999999994
 31
0.0
  0
LINE
  5
563
330
17
100
AcDbEntity
  8
A-DIM
370
30
100
AcDbLine
 10
-119.39999999999998
 20
1137.0
 30
0.0
 11
-113.39999999999998
 21
1131.0
 31
0.0
  0
LINE
  5
564
330
17
100
AcDbEntity
  8
A-DIM
370
30
100
AcDbLine
 10
-119.39999999999998
 20
476.99999999999994
 30
0.0
 11
-113.39999999999998
 21
470.99999999999994
 31
0.0
  0
TEXT
  5
565
330
17
100
AcDbEntity
  8
A-DIM
100
AcDbText
 10
-123.60000000000002
 20
804.0
 30
0.0
 40
9.0
  1
55'-0" OVERALL
 50
270.0
  7
SIMPLEX
 72
1
 11
-123.60000000000002
 21
804.0
 31
0.0
100
AcDbText
 73
3
  0
LINE
  5
566
330
17
100
AcDbEntity
  8
A-DIM
370
18
100
AcDbLine
 10
-92.39999999999998
 20
774.0
 30
0.0
 11
-92.39999999999998
 21
473.99999999999994
 31
0.0
  0
LINE
  5
567
330
17
100
AcDbEntity
  8
A-DIM
370
13
100
AcDbLine
 10
-81.0
 20
774.0
 30
0.0
 11
-96.60000000000002
 21
774.0
 31
0.0
  0
LINE
  5
568
330
17
100
AcDbEntity
  8
A-DIM
370
13
100
AcDbLine
 10
-81.0
 20
473.99999999999994
 30
0.0
 11
-96.60000000000002
 21
473.99999999999994
 31
0.0
  0
LINE
  5
569
330
17
100
AcDbEntity
  8
A-DIM
370
30
100
AcDbLine
 10
-95.39999999999998
 20
777.0
 30
0.0
 11
-89.39999999999998
 21
771.0
 31
0.0
  0
LINE
  5
56A
330
17
100
AcDbEntity
  8
A-DIM
370
30
100
AcDbLine
 10
-95.39999999999998
 20
476.99999999999994
 30
0.0
 11
-89.39999999999998
 21
470.99999999999994
 31
0.0
  0
TEXT
  5
56B
330
17
100
AcDbEntity
  8
A-DIM
100
AcDbText
 10
-99.60000000000002
 20
624.0
 30
0.0
 40
9.0
  1
25'-0"
 50
270.0
  7
SIMPLEX
 72
1
 11
-99.60000000000002
 21
624.0
 31
0.0
100
AcDbText
 73
3
  0
LINE
  5
56C
330
17
100
AcDbEntity
  8
A-DIM
370
18
100
AcDbLine
 10
-18.0
 20
1160.3999999999999
 30
0.0
 11
180.0
 21
1160.4
 31
0.0
  0
LINE
  5
56D
330
17
100
AcDbEntity
  8
A-DIM
370
13
100
AcDbLine
 10
-18.0
 20
1149.0
 30
0.0
 11
-18.0
 21
1164.6
 31
0.0
  0
LINE
  5
56E
330
17
100
AcDbEntity
  8
A-DIM
370
13
100
AcDbLine
 10
180.0
 20
1149.0
 30
0.0
 11
180.0
 21
1164.6
 31
0.0
  0
LINE
  5
56F
330
17
100
AcDbEntity
  8
A-DIM
370
30
100
AcDbLine
 10
-21.0
 20
1163.3999999999999
 30
0.0
 11
-15.0
 21
1157.3999999999999
 31
0.0
  0
LINE
  5
570
330
17
100
AcDbEntity
  8
A-DIM
370
30
100
AcDbLine
 10
177.0
 20
1163.4
 30
0.0
 11
183.0
 21
1157.4
 31
0.0
  0
TEXT
  5
571
330
17
100
AcDbEntity
  8
A-DIM
100
AcDbText
 10
81.0
 20
1165.8
 30
0.0
 40
9.0
  1
16'-6"
  7
SIMPLEX
 72
1
 11
81.0
 21
1165.8
 31
0.0
100
AcDbText
 73
3
  0
LINE
  5
572
330
17
100
AcDbEntity
  8
A-DIM
370
18
100
AcDbLine
 10
-18.0
 20
1184.3999999999999
 30
0.0
 11
1038.0
 21
1184.4
 31
0.0
  0
LINE
  5
573
330
17
100
AcDbEntity
  8
A-DIM
370
13
100
AcDbLine
 10
-18.0
 20
1173.0
 30
0.0
 11
-18.0
 21
1188.6
 31
0.0
  0
LINE
  5
574
330
17
100
AcDbEntity
  8
A-DIM
370
13
100
AcDbLine
 10
1038.0
 20
1173.0
 30
0.0
 11
1038.0
 21
1188.6000000000001
 31
0.0
  0
LINE
  5
575
330
17
100
AcDbEntity
  8
A-DIM
370
30
100
AcDbLine
 10
-21.0
 20
1187.3999999999999
 30
0.0
 11
-15.0
 21
1181.3999999999999
 31
0.0
  0
LINE
  5
576
330
17
100
AcDbEntity
  8
A-DIM
370
30
100
AcDbLine
 10
1035.0
 20
1187.4
 30
0.0
 11
1041.0
 21
1181.4
 31
0.0
  0
TEXT
  5
577
330
17
100
AcDbEntity
  8
A-DIM
100
AcDbText
 10
510.0
 20
1189.8
 30
0.0
 40
9.0
  1
88'-0" OVERALL
  7
SIMPLEX
 72
1
 11
510.0
 21
1189.8
 31
0.0
100
AcDbText
 73
3
  0
LINE
  5
578
330
17
100
AcDbEntity
  8
A-DIM
370
18
100
AcDbLine
 10
180.0
 20
456.0
 30
0.0
 11
1038.0
 21
456.00000000000006
 31
0.0
  0
LINE
  5
579
330
17
100
AcDbEntity
  8
A-DIM
370
13
100
AcDbLine
 10
180.0
 20
465.0
 30
0.0
 11
180.0
 21
451.79999999999995
 31
0.0
  0
LINE
  5
57A
330
17
100
AcDbEntity
  8
A-DIM
370
13
100
AcDbLine
 10
1038.0
 20
465.00000000000006
 30
0.0
 11
1038.0
 21
451.8
 31
0.0
  0
LINE
  5
57B
330
17
100
AcDbEntity
  8
A-DIM
370
30
100
AcDbLine
 10
177.0
 20
459.0
 30
0.0
 11
183.0
 21
453.0
 31
0.0
  0
LINE
  5
57C
330
17
100
AcDbEntity
  8
A-DIM
370
30
100
AcDbLine
 10
1035.0
 20
459.00000000000006
 30
0.0
 11
1041.0
 21
453.00000000000006
 31
0.0
  0
TEXT
  5
57D
330
17
100
AcDbEntity
  8
A-DIM
100
AcDbText
 10
609.0
 20
450.6
 30
0.0
 40
9.0
  1
71'-6"
  7
SIMPLEX
 72
1
 11
609.0
 21
450.6
 31
0.0
100
AcDbText
 73
1
  0
LINE
  5
57E
330
17
100
AcDbEntity
  8
A-TTLB
370
50
100
AcDbLine
 10
0.0
 20
0.0
 30
0.0
 11
1396.926250644662
 21
0.0
 31
0.0
  0
LINE
  5
57F
330
17
100
AcDbEntity
  8
A-TTLB
370
50
100
AcDbLine
 10
1396.926250644662
 20
0.0
 30
0.0
 11
1396.926250644662
 21
1440.0
 31
0.0
  0
LINE
  5
580
330
17
100
AcDbEntity
  8
A-TTLB
370
50
100
AcDbLine
 10
1396.926250644662
 20
1440.0
 30
0.0
 11
0.0
 21
1440.0
 31
0.0
  0
LINE
  5
581
330
17
100
AcDbEntity
  8
A-TTLB
370
50
100
AcDbLine
 10
0.0
 20
1440.0
 30
0.0
 11
0.0
 21
0.0
 31
0.0
  0
LINE
  5
582
330
17
100
AcDbEntity
  8
A-TTLB
370
25
100
AcDbLine
 10
6.0
 20
6.0
 30
0.0
 11
1390.926250644662
 21
6.0
 31
0.0
  0
LINE
  5
583
330
17
100
AcDbEntity
  8
A-TTLB
370
25
100
AcDbLine
 10
1390.926250644662
 20
6.0
 30
0.0
 11
1390.926250644662
 21
1434.0
 31
0.0
  0
LINE
  5
584
330
17
100
AcDbEntity
  8
A-TTLB
370
25
100
AcDbLine
 10
1390.926250644662
 20
1434.0
 30
0.0
 11
6.0
 21
1434.0
 31
0.0
  0
LINE
  5
585
330
17
100
AcDbEntity
  8
A-TTLB
370
25
100
AcDbLine
 10
6.0
 20
1434.0
 30
0.0
 11
6.0
 21
6.0
 31
0.0
  0
LINE
  5
586
330
17
100
AcDbEntity
  8
A-TTLB
370
35
100
AcDbLine
 10
6.0
 20
1368.0
 30
0.0
 11
1390.926250644662
 21
1368.0
 31
0.0
  0
LINE
  5
587
330
17
100
AcDbEntity
  8
A-TTLB
370
35
100
AcDbLine
 10
1390.926250644662
 20
1368.0
 30
0.0
 11
1390.926250644662
 21
1434.0
 31
0.0
  0
LINE
  5
588
330
17
100
AcDbEntity
  8
A-TTLB
370
35
100
AcDbLine
 10
1390.926250644662
 20
1434.0
 30
0.0
 11
6.0
 21
1434.0
 31
0.0
  0
LINE
  5
589
330
17
100
AcDbEntity
  8
A-TTLB
370
35
100
AcDbLine
 10
6.0
 20
1434.0
 30
0.0
 11
6.0
 21
1368.0
 31
0.0
  0
TEXT
  5
58A
330
17
100
AcDbEntity
  8
A-TEXT-TTL
100
AcDbText
 10
698.463125322331
 20
1412.4
 30
0.0
 40
9.0
  1
SHEET 02 OF 02  -  FIRST FLOOR PLAN
  7
SIMPLEX
 72
1
 11
698.463125322331
 21
1412.4
 31
0.0
100
AcDbText
 73
2
  0
TEXT
  5
58B
330
17
100
AcDbEntity
  8
A-TEXT-TTL
100
AcDbText
 10
698.463125322331
 20
1384.8
 30
0.0
 40
3.75
  1
BAR ASSOCIATION HALL - BANSWARA  |  BAR ASSOCIATION, BANSWARA  |  SCALE: 1/8" = 1'-0"
  7
SIMPLEX
 72
1
 11
698.463125322331
 21
1384.8
 31
0.0
100
AcDbText
 73
2
  0
LINE
  5
58C
330
17
100
AcDbEntity
  8
A-TTLB
370
35
100
AcDbLine
 10
718.9262506446621
 20
6.0
 30
0.0
 11
1390.926250644662
 21
6.0
 31
0.0
  0
LINE
  5
58D
330
17
100
AcDbEntity
  8
A-TTLB
370
35
100
AcDbLine
 10
1390.926250644662
 20
6.0
 30
0.0
 11
1390.926250644662
 21
109.19999999999999
 31
0.0
  0
LINE
  5
58E
330
17
100
AcDbEntity
  8
A-TTLB
370
35
100
AcDbLine
 10
1390.926250644662
 20
109.19999999999999
 30
0.0
 11
718.9262506446621
 21
109.19999999999999
 31
0.0
  0
LINE
  5
58F
330
17
100
AcDbEntity
  8
A-TTLB
370
35
100
AcDbLine
 10
718.9262506446621
 20
109.19999999999999
 30
0.0
 11
718.9262506446621
 21
6.0
 31
0.0
  0
LINE
  5
590
330
17
100
AcDbEntity
  8
A-TTLB
370
20
100
AcDbLine
 10
718.9262506446621
 20
20.4
 30
0.0
 11
1390.926250644662
 21
20.4
 31
0.0
  0
LINE
  5
591
330
17
100
AcDbEntity
  8
A-TTLB
370
20
100
AcDbLine
 10
718.9262506446621
 20
34.8
 30
0.0
 11
1390.926250644662
 21
34.8
 31
0.0
  0
LINE
  5
592
330
17
100
AcDbEntity
  8
A-TTLB
370
20
100
AcDbLine
 10
718.9262506446621
 20
56.400000000000006
 30
0.0
 11
1390.926250644662
 21
56.400000000000006
 31
0.0
  0
LINE
  5
593
330
17
100
AcDbEntity
  8
A-TTLB
370
20
100
AcDbLine
 10
718.9262506446621
 20
80.4
 30
0.0
 11
1390.926250644662
 21
80.4
 31
0.0
  0
LINE
  5
594
330
17
100
AcDbEntity
  8
A-TTLB
370
20
100
AcDbLine
 10
850.9262506446621
 20
6.0
 30
0.0
 11
850.9262506446621
 21
109.19999999999999
 31
0.0
  0
LINE
  5
595
330
17
100
AcDbEntity
  8
A-TTLB
370
20
100
AcDbLine
 10
1126.926250644662
 20
6.0
 30
0.0
 11
1126.926250644662
 21
56.400000000000006
 31
0.0
  0
LINE
  5
596
330
17
100
AcDbEntity
  8
A-TTLB
370
20
100
AcDbLine
 10
1246.926250644662
 20
6.0
 30
0.0
 11
1246.926250644662
 21
56.400000000000006
 31
0.0
  0
TEXT
  5
597
330
17
100
AcDbEntity
  8
A-TEXT-TTL
100
AcDbText
 10
724.9262506446621
 20
95.99999999999999
 30
0.0
 40
2.25
  1
PROJECT:
  7
SIMPLEX
 11
724.9262506446621
 21
95.99999999999999
 31
0.0
100
AcDbText
  0
TEXT
  5
598
330
17
100
AcDbEntity
  8
A-TEXT-TTL
100
AcDbText
 10
858.1262506446622
 20
95.99999999999999
 30
0.0
 40
3.0
  1
BAR ASSOCIATION HALL - BANSWARA
  7
SIMPLEX
 11
858.1262506446622
 21
95.99999999999999
 31
0.0
100
AcDbText
  0
TEXT
  5
599
330
17
100
AcDbEntity
  8
A-TEXT-TTL
100
AcDbText
 10
724.9262506446621
 20
68.4
 30
0.0
 40
2.25
  1
DRAWING TITLE:
  7
SIMPLEX
 11
724.9262506446621
 21
68.4
 31
0.0
100
AcDbText
  0
TEXT
  5
59A
330
17
100
AcDbEntity
  8
A-TEXT-TTL
100
AcDbText
 10
858.1262506446622
 20
68.4
 30
0.0
 40
3.0
  1
FIRST FLOOR PLAN
  7
SIMPLEX
 11
858.1262506446622
 21
68.4
 31
0.0
100
AcDbText
  0
TEXT
  5
59B
330
17
100
AcDbEntity
  8
A-TEXT-TTL
100
AcDbText
 10
724.9262506446621
 20
45.599999999999994
 30
0.0
 40
2.25
  1
CLIENT:
  7
SIMPLEX
 11
724.9262506446621
 21
45.599999999999994
 31
0.0
100
AcDbText
  0
TEXT
  5
59C
330
17
100
AcDbEntity
  8
A-TEXT
100
AcDbText
 10
858.1262506446622
 20
45.599999999999994
 30
0.0
 40
2.25
  1
BAR ASSOCIATION, BANSWARA
  7
SIMPLEX
 11
858.1262506446622
 21
45.599999999999994
 31
0.0
100
AcDbText
  0
TEXT
  5
59D
330
17
100
AcDbEntity
  8
A-TEXT-TTL
100
AcDbText
 10
1132.926250644662
 20
45.599999999999994
 30
0.0
 40
2.25
  1
SHEET NO:
  7
SIMPLEX
 11
1132.926250644662
 21
45.599999999999994
 31
0.0
100
AcDbText
  0
TEXT
  5
59E
330
17
100
AcDbEntity
  8
A-TEXT-TTL
100
AcDbText
 10
1252.926250644662
 20
45.599999999999994
 30
0.0
 40
3.0
  1
SHEET 02 OF 02
  7
SIMPLEX
 11
1252.926250644662
 21
45.599999999999994
 31
0.0
100
AcDbText
  0
TEXT
  5
59F
330
17
100
AcDbEntity
  8
A-TEXT-TTL
100
AcDbText
 10
724.9262506446621
 20
27.6
 30
0.0
 40
2.25
  1
SCALE:
  7
SIMPLEX
 11
724.9262506446621
 21
27.6
 31
0.0
100
AcDbText
  0
TEXT
  5
5A0
330
17
100
AcDbEntity
  8
A-TEXT
100
AcDbText
 10
858.1262506446622
 20
27.6
 30
0.0
 40
2.25
  1
1/8" = 1'-0"
  7
SIMPLEX
 11
858.1262506446622
 21
27.6
 31
0.0
100
AcDbText
  0
TEXT
  5
5A1
330
17
100
AcDbEntity
  8
A-TEXT-TTL
100
AcDbText
 10
1132.926250644662
 20
27.6
 30
0.0
 40
2.25
  1
DATE:
  7
SIMPLEX
 11
1132.926250644662
 21
27.6
 31
0.0
100
AcDbText
  0
TEXT
  5
5A2
330
17
100
AcDbEntity
  8
A-TEXT
100
AcDbText
 10
1252.926250644662
 20
27.6
 30
0.0
 40
2.25
  1
18 SEPT 2026
  7
SIMPLEX
 11
1252.926250644662
 21
27.6
 31
0.0
100
AcDbText
  0
TEXT
  5
5A3
330
17
100
AcDbEntity
  8
A-TEXT-TTL
100
AcDbText
 10
724.9262506446621
 20
13.2
 30
0.0
 40
2.25
  1
CODES / REF:
  7
SIMPLEX
 11
724.9262506446621
 21
13.2
 31
0.0
100
AcDbText
  0
TEXT
  5
5A4
330
17
100
AcDbEntity
  8
A-TEXT
100
AcDbText
 10
858.1262506446622
 20
13.2
 30
0.0
 40
1.5
  1
NBC 2016  |  DOC: BA-Banswara-Revised  |  REV: 0
  7
SIMPLEX
 11
858.1262506446622
 21
13.2
 31
0.0
100
AcDbText
  0
CIRCLE
  5
5A5
330
17
100
AcDbEntity
  8
A-TTLB
370
20
100
AcDbCircle
 10
1336.926250644662
 20
1326.0
 30
0.0
 40
15.600000000000001
  0
HATCH
  5
5A6
330
17
100
AcDbEntity
  8
A-TTLB
 62
7
100
AcDbHatch
 10
0.0
 20
0.0
 30
0.0
210
0.0
220
0.0
230
1.0
  2
SOLID
 70
0
 71
0
 91
1
 92
3
 72
0
 73
1
 93
3
 10
1336.926250644662
 20
1340.04
 10
1329.9062506446621
 20
1318.98
 10
1336.926250644662
 20
1323.66
 97
0
 75
1
 76
1
 52
0.0
 41
1.0
 77
0
 78
1
 53
45.0
 43
0.0
 44
0.0
 45
-0.0034798562
 46
0.0034798562
 79
0
 98
0
  0
LINE
  5
5A7
330
17
100
AcDbEntity
  8
A-TTLB
370
20
100
AcDbLine
 10
1336.926250644662
 20
1340.04
 30
0.0
 11
1343.946250644662
 21
1318.98
 31
0.0
  0
LINE
  5
5A8
330
17
100
AcDbEntity
  8
A-TTLB
370
20
100
AcDbLine
 10
1343.946250644662
 20
1318.98
 30
0.0
 11
1336.926250644662
 21
1323.66
 31
0.0
  0
TEXT
  5
5A9
330
17
100
AcDbEntity
  8
A-TEXT-TTL
100
AcDbText
 10
1336.926250644662
 20
1347.6
 30
0.0
 40
3.0
  1
N
  7
SIMPLEX
 72
1
 11
1336.926250644662
 21
1347.6
 31
0.0
100
AcDbText
 73
2
  0
ENDSEC
  0
SECTION
  2
OBJECTS
  0
DICTIONARY
  5
A
330
0
100
AcDbDictionary
281
1
  3
ACAD_COLOR
350
B
  3
ACAD_GROUP
350
C
  3
ACAD_LAYOUT
350
D
  3
ACAD_MATERIAL
350
E
  3
ACAD_MLEADERSTYLE
350
F
  3
ACAD_MLINESTYLE
350
10
  3
ACAD_PLOTSETTINGS
350
11
  3
ACAD_PLOTSTYLENAME
350
12
  3
ACAD_SCALELIST
350
14
  3
ACAD_TABLESTYLE
350
15
  3
ACAD_VISUALSTYLE
350
16
  3
EZDXF_META
350
2D
  0
DICTIONARY
  5
B
330
A
100
AcDbDictionary
281
1
  0
DICTIONARY
  5
C
330
A
100
AcDbDictionary
281
1
  0
DICTIONARY
  5
D
330
A
100
AcDbDictionary
281
1
  3
Model
350
1A
  3
Layout1
350
1E
  0
DICTIONARY
  5
E
330
A
100
AcDbDictionary
281
1
  3
ByBlock
350
1F
  3
ByLayer
350
20
  3
Global
350
21
  0
DICTIONARY
  5
F
330
A
100
AcDbDictionary
281
1
  3
Standard
350
2C
  0
DICTIONARY
  5
10
330
A
100
AcDbDictionary
281
1
  3
Standard
350
22
  0
DICTIONARY
  5
11
330
A
100
AcDbDictionary
281
1
  0
ACDBDICTIONARYWDFLT
  5
12
330
A
100
AcDbDictionary
281
1
  3
Normal
350
13
100
AcDbDictionaryWithDefault
340
13
  0
ACDBPLACEHOLDER
  5
13
330
12
  0
DICTIONARY
  5
14
330
A
100
AcDbDictionary
281
1
  0
DICTIONARY
  5
15
330
A
100
AcDbDictionary
281
1
  0
DICTIONARY
  5
16
330
A
100
AcDbDictionary
281
1
  3
2dWireframe
350
5A
  3
Basic
350
5B
  3
Brighten
350
5C
  3
ColorChange
350
5D
  3
Conceptual
350
5E
  3
Dim
350
5F
  3
EdgeColorOff
350
60
  3
Facepattern
350
61
  3
Flat
350
62
  3
FlatWithEdges
350
63
  3
Gouraud
350
64
  3
GouraudWithEdges
350
65
  3
Hidden
350
66
  3
JitterOff
350
67
  3
Linepattern
350
68
  3
Modeling
350
69
  3
OverhangOff
350
6A
  3
Realistic
350
6B
  3
Shaded
350
6C
  3
Shaded with edges
350
6D
  3
Shades of Gray
350
6E
  3
Sketchy
350
6F
  3
Thicken
350
70
  3
Wireframe
350
71
  3
X-Ray
350
72
  0
LAYOUT
  5
1A
330
D
100
AcDbPlotSettings
  1

  4
A3
  6

 40
7.5
 41
20.0
 42
7.5
 43
20.0
 44
420.0
 45
297.0
 46
0.0
 47
0.0
 48
0.0
 49
0.0
140
0.0
141
0.0
142
1.0
143
1.0
 70
1024
 72
1
 73
0
 74
5
  7

 75
16
 76
0
 77
2
 78
300
147
1.0
148
0.0
149
0.0
100
AcDbLayout
  1
Model
 70
1
 71
0
 10
0.0
 20
0.0
 11
420.0
 21
297.0
 12
0.0
 22
0.0
 32
0.0
 14
1e+20
 24
1e+20
 34
1e+20
 15
-1e+20
 25
-1e+20
 35
-1e+20
146
0.0
 13
0.0
 23
0.0
 33
0.0
 16
1.0
 26
0.0
 36
0.0
 17
0.0
 27
1.0
 37
0.0
 76
1
330
17
  0
LAYOUT
  5
1E
330
D
100
AcDbPlotSettings
  1

  4
A3
  6

 40
7.5
 41
20.0
 42
7.5
 43
20.0
 44
420.0
 45
297.0
 46
0.0
 47
0.0
 48
0.0
 49
0.0
140
0.0
141
0.0
142
1.0
143
1.0
 70
0
 72
1
 73
0
 74
5
  7

 75
16
 76
0
 77
2
 78
300
147
1.0
148
0.0
149
0.0
100
AcDbLayout
  1
Layout1
 70
1
 71
1
 10
0.0
 20
0.0
 11
420.0
 21
297.0
 12
0.0
 22
0.0
 32
0.0
 14
1e+20
 24
1e+20
 34
1e+20
 15
-1e+20
 25
-1e+20
 35
-1e+20
146
0.0
 13
0.0
 23
0.0
 33
0.0
 16
1.0
 26
0.0
 36
0.0
 17
0.0
 27
1.0
 37
0.0
 76
1
330
1B
  0
MATERIAL
  5
1F
102
{ACAD_REACTORS
330
E
102
}
330
E
100
AcDbMaterial
  1
ByBlock
  2

 70
0
 40
1.0
 71
1
 41
1.0
 91
-1023410177
 42
1.0
 72
1
  3

 73
1
 74
1
 75
1
 44
0.5
 73
0
 45
1.0
 46
1.0
 77
1
  4

 78
1
 79
1
170
1
 48
1.0
171
1
  6

172
1
173
1
174
1
140
1.0
141
1.0
175
1
  7

176
1
177
1
178
1
143
1.0
179
1
  8

270
1
271
1
272
1
145
1.0
146
1.0
273
1
  9

274
1
275
1
276
1
 42
1.0
 72
1
  3

 73
1
 74
1
 75
1
 94
63
  0
MATERIAL
  5
20
102
{ACAD_REACTORS
330
E
102
}
330
E
100
AcDbMaterial
  1
ByLayer
  2

 70
0
 40
1.0
 71
1
 41
1.0
 91
-1023410177
 42
1.0
 72
1
  3

 73
1
 74
1
 75
1
 44
0.5
 73
0
 45
1.0
 46
1.0
 77
1
  4

 78
1
 79
1
170
1
 48
1.0
171
1
  6

172
1
173
1
174
1
140
1.0
141
1.0
175
1
  7

176
1
177
1
178
1
143
1.0
179
1
  8

270
1
271
1
272
1
145
1.0
146
1.0
273
1
  9

274
1
275
1
276
1
 42
1.0
 72
1
  3

 73
1
 74
1
 75
1
 94
63
  0
MATERIAL
  5
21
102
{ACAD_REACTORS
330
E
102
}
330
E
100
AcDbMaterial
  1
Global
  2

 70
0
 40
1.0
 71
1
 41
1.0
 91
-1023410177
 42
1.0
 72
1
  3

 73
1
 74
1
 75
1
 44
0.5
 73
0
 45
1.0
 46
1.0
 77
1
  4

 78
1
 79
1
170
1
 48
1.0
171
1
  6

172
1
173
1
174
1
140
1.0
141
1.0
175
1
  7

176
1
177
1
178
1
143
1.0
179
1
  8

270
1
271
1
272
1
145
1.0
146
1.0
273
1
  9

274
1
275
1
276
1
 42
1.0
 72
1
  3

 73
1
 74
1
 75
1
 94
63
  0
MLINESTYLE
  5
22
102
{ACAD_REACTORS
330
10
102
}
330
10
100
AcDbMlineStyle
  2
Standard
 70
0
  3

 62
256
 51
90.0
 52
90.0
 71
2
 49
0.5
 62
256
  6
BYLAYER
 49
-0.5
 62
256
  6
BYLAYER
  0
MLEADERSTYLE
  5
2C
102
{ACAD_REACTORS
330
F
102
}
330
F
100
AcDbMLeaderStyle
179
2
170
2
171
1
172
0
 90
2
 40
0.0
 41
0.0
173
1
 91
-1056964608
 92
-2
290
1
 42
2.0
291
1
 43
8.0
  3
Standard
 44
4.0
300

342
29
174
1
175
1
176
0
178
1
 93
-1056964608
 45
4.0
292
0
297
0
 46
4.0
 94
-1056964608
 47
1.0
 49
1.0
140
1.0
294
1
141
0.0
177
0
142
1.0
295
0
296
0
143
3.75
271
0
272
9
273
9
  0
DICTIONARY
  5
2D
330
A
100
AcDbDictionary
280
1
281
1
  3
CREATED_BY_EZDXF
350
2E
  3
WRITTEN_BY_EZDXF
350
5AC
  0
DICTIONARYVAR
  5
2E
330
2D
100
DictionaryVariables
280
0
  1
1.4.4 @ 2026-09-18T05:33:32.399150+00:00
  0
VISUALSTYLE
  5
5A
102
{ACAD_REACTORS
330
16
102
}
330
16
100
AcDbVisualStyle
  2
2dWireframe
 70
4
177
3
291
0
 70
58
 90
2
176
1
 90
2
176
1
 90
0
176
1
 90
0
176
1
 40
0.6
176
1
 40
30.0
176
1
 62
7
420
16777215
176
1
 90
1
176
1
 90
4
176
1
 62
7
176
1
 62
257
176
1
 90
1
176
1
 90
1
176
1
 40
1.0
176
1
 90
8
176
1
 62
7
176
1
 40
1.0
176
1
 90
1
176
1
 90
6
176
1
 90
2
176
1
 62
7
176
1
 90
5
176
1
 90
0
176
1
 90
0
176
1
290
0
176
1
 90
1
176
1
 40
0.0
176
1
 90
0
176
1
290
1
176
1
290
1
176
1
290
0
176
1
290
0
176
1
290
0
176
1
290
0
176
1
290
0
176
1
290
0
176
1
290
0
176
1
 90
50
176
1
 40
0.0
176
1
 40
1.0
176
1
 90
0
176
1
 62
18
420
0
176
1
 90
50
176
1
 90
3
176
1
 62
5
420
255
176
1
290
0
176
1
 90
50
176
1
 90
50
176
1
 90
50
176
1
290
0
176
1
 90
50
176
1
 62
256
176
0
 40
1.0
176
0
 90
2
176
1
  1
strokes_ogs.tif
176
1
290
0
176
1
 40
1.0
176
1
 40
1.0
176
1
  0
VISUALSTYLE
  5
5B
102
{ACAD_REACTORS
330
16
102
}
330
16
100
AcDbVisualStyle
  2
Basic
 70
7
177
3
291
1
 70
58
 90
2
176
1
 90
2
176
1
 90
0
176
1
 90
1
176
1
 40
0.6
176
1
 40
30.0
176
1
 62
7
420
16777215
176
1
 90
1
176
1
 90
4
176
1
 62
7
176
1
 62
257
176
1
 90
1
176
1
 90
1
176
1
 40
1.0
176
1
 90
8
176
1
 62
7
176
1
 40
1.0
176
1
 90
1
176
1
 90
6
176
1
 90
2
176
1
 62
7
176
1
 90
5
176
1
 90
0
176
1
 90
0
176
1
290
0
176
1
 90
1
176
1
 40
0.0
176
1
 90
0
176
1
290
0
176
1
290
1
176
1
290
1
176
1
290
0
176
1
290
0
176
1
290
0
176
1
290
0
176
1
290
0
176
1
290
0
176
1
 90
50
176
1
 40
0.0
176
1
 40
1.0
176
1
 90
0
176
1
 62
18
420
0
176
1
 90
50
176
1
 90
3
176
1
 62
5
420
255
176
1
290
0
176
1
 90
50
176
1
 90
50
176
1
 90
50
176
1
290
0
176
1
 90
50
176
1
 62
256
176
0
 40
1.0
176
0
 90
2
176
1
  1
strokes_ogs.tif
176
1
290
0
176
1
 40
1.0
176
1
 40
1.0
176
1
  0
VISUALSTYLE
  5
5C
102
{ACAD_REACTORS
330
16
102
}
330
16
100
AcDbVisualStyle
  2
Brighten
 70
12
177
3
291
1
 70
58
 90
2
176
1
 90
2
176
1
 90
0
176
1
 90
2
176
1
 40
0.6
176
1
 40
30.0
176
1
 62
7
420
16777215
176
1
 90
1
176
1
 90
4
176
1
 62
7
176
1
 62
257
176
1
 90
1
176
1
 90
1
176
1
 40
1.0
176
1
 90
8
176
1
 62
7
176
1
 40
1.0
176
1
 90
1
176
1
 90
6
176
1
 90
2
176
1
 62
7
176
1
 90
5
176
1
 90
0
176
1
 90
0
176
1
290
0
176
1
 90
1
176
1
 40
0.0
176
1
 90
0
176
1
290
0
176
1
290
1
176
1
290
1
176
1
290
0
176
1
290
0
176
1
290
0
176
1
290
0
176
1
290
0
176
1
290
0
176
1
 90
50
176
1
 40
0.0
176
1
 40
1.0
176
1
 90
0
176
1
 62
18
420
0
176
1
 90
50
176
1
 90
3
176
1
 62
5
420
255
176
1
290
0
176
1
 90
50
176
1
 90
50
176
1
 90
50
176
1
290
0
176
1
 90
50
176
1
 62
256
176
0
 40
1.0
176
0
 90
2
176
1
  1
strokes_ogs.tif
176
1
290
0
176
1
 40
1.0
176
1
 40
1.0
176
1
  0
VISUALSTYLE
  5
5D
102
{ACAD_REACTORS
330
16
102
}
330
16
100
AcDbVisualStyle
  2
ColorChange
 70
16
177
3
291
1
 70
58
 90
2
176
1
 90
2
176
1
 90
0
176
1
 90
2
176
1
 40
0.6
176
1
 40
30.0
176
1
 62
7
420
16777215
176
1
 90
1
176
1
 90
4
176
1
 62
7
176
1
 62
257
176
1
 90
1
176
1
 90
1
176
1
 40
1.0
176
1
 90
8
176
1
 62
7
176
1
 40
1.0
176
1
 90
1
176
1
 90
6
176
1
 90
2
176
1
 62
7
176
1
 90
5
176
1
 90
0
176
1
 90
0
176
1
290
0
176
1
 90
1
176
1
 40
0.0
176
1
 90
0
176
1
290
0
176
1
290
1
176
1
290
1
176
1
290
0
176
1
290
0
176
1
290
0
176
1
290
0
176
1
290
0
176
1
290
0
176
1
 90
50
176
1
 40
0.0
176
1
 40
1.0
176
1
 90
0
176
1
 62
18
420
0
176
1
 90
50
176
1
 90
3
176
1
 62
5
420
255
176
1
290
0
176
1
 90
50
176
1
 90
50
176
1
 90
50
176
1
290
0
176
1
 90
50
176
1
 62
256
176
0
 40
1.0
176
0
 90
2
176
1
  1
strokes_ogs.tif
176
1
290
0
176
1
 40
1.0
176
1
 40
1.0
176
1
  0
VISUALSTYLE
  5
5E
102
{ACAD_REACTORS
330
16
102
}
330
16
100
AcDbVisualStyle
  2
Conceptual
 70
9
177
3
291
0
 70
58
 90
2
176
1
 90
2
176
1
 90
0
176
1
 90
3
176
1
 40
0.6
176
1
 40
30.0
176
1
 62
7
420
16777215
176
1
 90
1
176
1
 90
4
176
1
 62
7
176
1
 62
257
176
1
 90
1
176
1
 90
1
176
1
 40
1.0
176
1
 90
8
176
1
 62
7
176
1
 40
1.0
176
1
 90
1
176
1
 90
6
176
1
 90
2
176
1
 62
7
176
1
 90
5
176
1
 90
0
176
1
 90
0
176
1
290
0
176
1
 90
1
176
1
 40
0.0
176
1
 90
0
176
1
290
0
176
1
290
1
176
1
290
1
176
1
290
0
176
1
290
0
176
1
290
0
176
1
290
0
176
1
290
0
176
1
290
0
176
1
 90
50
176
1
 40
0.0
176
1
 40
1.0
176
1
 90
0
176
1
 62
18
420
0
176
1
 90
50
176
1
 90
3
176
1
 62
5
420
255
176
1
290
0
176
1
 90
50
176
1
 90
50
176
1
 90
50
176
1
290
0
176
1
 90
50
176
1
 62
256
176
0
 40
1.0
176
0
 90
2
176
1
  1
strokes_ogs.tif
176
1
290
0
176
1
 40
1.0
176
1
 40
1.0
176
1
  0
VISUALSTYLE
  5
5F
102
{ACAD_REACTORS
330
16
102
}
330
16
100
AcDbVisualStyle
  2
Dim
 70
11
177
3
291
1
 70
58
 90
2
176
1
 90
2
176
1
 90
0
176
1
 90
2
176
1
 40
0.6
176
1
 40
30.0
176
1
 62
7
420
16777215
176
1
 90
1
176
1
 90
4
176
1
 62
7
176
1
 62
257
176
1
 90
1
176
1
 90
1
176
1
 40
1.0
176
1
 90
8
176
1
 62
7
176
1
 40
1.0
176
1
 90
1
176
1
 90
6
176
1
 90
2
176
1
 62
7
176
1
 90
5
176
1
 90
0
176
1
 90
0
176
1
290
0
176
1
 90
1
176
1
 40
0.0
176
1
 90
0
176
1
290
0
176
1
290
1
176
1
290
1
176
1
290
0
176
1
290
0
176
1
290
0
176
1
290
0
176
1
290
0
176
1
290
0
176
1
 90
50
176
1
 40
0.0
176
1
 40
1.0
176
1
 90
0
176
1
 62
18
420
0
176
1
 90
50
176
1
 90
3
176
1
 62
5
420
255
176
1
290
0
176
1
 90
50
176
1
 90
50
176
1
 90
50
176
1
290
0
176
1
 90
50
176
1
 62
256
176
0
 40
1.0
176
0
 90
2
176
1
  1
strokes_ogs.tif
176
1
290
0
176
1
 40
1.0
176
1
 40
1.0
176
1
  0
VISUALSTYLE
  5
60
102
{ACAD_REACTORS
330
16
102
}
330
16
100
AcDbVisualStyle
  2
EdgeColorOff
 70
22
177
3
291
1
 70
58
 90
2
176
1
 90
2
176
1
 90
0
176
1
 90
2
176
1
 40
0.6
176
1
 40
30.0
176
1
 62
7
420
16777215
176
1
 90
1
176
1
 90
4
176
1
 62
7
176
1
 62
257
176
1
 90
1
176
1
 90
1
176
1
 40
1.0
176
1
 90
8
176
1
 62
7
176
1
 40
1.0
176
1
 90
1
176
1
 90
6
176
1
 90
2
176
1
 62
7
176
1
 90
5
176
1
 90
0
176
1
 90
0
176
1
290
0
176
1
 90
1
176
1
 40
0.0
176
1
 90
0
176
1
290
0
176
1
290
1
176
1
290
1
176
1
290
0
176
1
290
0
176
1
290
0
176
1
290
0
176
1
290
0
176
1
290
0
176
1
 90
50
176
1
 40
0.0
176
1
 40
1.0
176
1
 90
0
176
1
 62
18
420
0
176
1
 90
50
176
1
 90
3
176
1
 62
5
420
255
176
1
290
0
176
1
 90
50
176
1
 90
50
176
1
 90
50
176
1
290
0
176
1
 90
50
176
1
 62
256
176
0
 40
1.0
176
0
 90
2
176
1
  1
strokes_ogs.tif
176
1
290
0
176
1
 40
1.0
176
1
 40
1.0
176
1
  0
VISUALSTYLE
  5
61
102
{ACAD_REACTORS
330
16
102
}
330
16
100
AcDbVisualStyle
  2
Facepattern
 70
15
177
3
291
1
 70
58
 90
2
176
1
 90
2
176
1
 90
0
176
1
 90
2
176
1
 40
0.6
176
1
 40
30.0
176
1
 62
7
420
16777215
176
1
 90
1
176
1
 90
4
176
1
 62
7
176
1
 62
257
176
1
 90
1
176
1
 90
1
176
1
 40
1.0
176
1
 90
8
176
1
 62
7
176
1
 40
1.0
176
1
 90
1
176
1
 90
6
176
1
 90
2
176
1
 62
7
176
1
 90
5
176
1
 90
0
176
1
 90
0
176
1
290
0
176
1
 90
1
176
1
 40
0.0
176
1
 90
0
176
1
290
0
176
1
290
1
176
1
290
1
176
1
290
0
176
1
290
0
176
1
290
0
176
1
290
0
176
1
290
0
176
1
290
0
176
1
 90
50
176
1
 40
0.0
176
1
 40
1.0
176
1
 90
0
176
1
 62
18
420
0
176
1
 90
50
176
1
 90
3
176
1
 62
5
420
255
176
1
290
0
176
1
 90
50
176
1
 90
50
176
1
 90
50
176
1
290
0
176
1
 90
50
176
1
 62
256
176
0
 40
1.0
176
0
 90
2
176
1
  1
strokes_ogs.tif
176
1
290
0
176
1
 40
1.0
176
1
 40
1.0
176
1
  0
VISUALSTYLE
  5
62
102
{ACAD_REACTORS
330
16
102
}
330
16
100
AcDbVisualStyle
  2
Flat
 70
0
177
3
291
1
 70
58
 90
2
176
1
 90
2
176
1
 90
0
176
1
 90
2
176
1
 40
0.6
176
1
 40
30.0
176
1
 62
7
420
16777215
176
1
 90
1
176
1
 90
4
176
1
 62
7
176
1
 62
257
176
1
 90
1
176
1
 90
1
176
1
 40
1.0
176
1
 90
8
176
1
 62
7
176
1
 40
1.0
176
1
 90
1
176
1
 90
6
176
1
 90
2
176
1
 62
7
176
1
 90
5
176
1
 90
0
176
1
 90
0
176
1
290
0
176
1
 90
1
176
1
 40
0.0
176
1
 90
0
176
1
290
0
176
1
290
1
176
1
290
1
176
1
290
0
176
1
290
0
176
1
290
0
176
1
290
0
176
1
290
0
176
1
290
0
176
1
 90
50
176
1
 40
0.0
176
1
 40
1.0
176
1
 90
0
176
1
 62
18
420
0
176
1
 90
50
176
1
 90
3
176
1
 62
5
420
255
176
1
290
0
176
1
 90
50
176
1
 90
50
176
1
 90
50
176
1
290
0
176
1
 90
50
176
1
 62
256
176
0
 40
1.0
176
0
 90
2
176
1
  1
strokes_ogs.tif
176
1
290
0
176
1
 40
1.0
176
1
 40
1.0
176
1
  0
VISUALSTYLE
  5
63
102
{ACAD_REACTORS
330
16
102
}
330
16
100
AcDbVisualStyle
  2
FlatWithEdges
 70
1
177
3
291
1
 70
58
 90
2
176
1
 90
2
176
1
 90
0
176
1
 90
2
176
1
 40
0.6
176
1
 40
30.0
176
1
 62
7
420
16777215
176
1
 90
1
176
1
 90
4
176
1
 62
7
176
1
 62
257
176
1
 90
1
176
1
 90
1
176
1
 40
1.0
176
1
 90
8
176
1
 62
7
176
1
 40
1.0
176
1
 90
1
176
1
 90
6
176
1
 90
2
176
1
 62
7
176
1
 90
5
176
1
 90
0
176
1
 90
0
176
1
290
0
176
1
 90
1
176
1
 40
0.0
176
1
 90
0
176
1
290
0
176
1
290
1
176
1
290
1
176
1
290
0
176
1
290
0
176
1
290
0
176
1
290
0
176
1
290
0
176
1
290
0
176
1
 90
50
176
1
 40
0.0
176
1
 40
1.0
176
1
 90
0
176
1
 62
18
420
0
176
1
 90
50
176
1
 90
3
176
1
 62
5
420
255
176
1
290
0
176
1
 90
50
176
1
 90
50
176
1
 90
50
176
1
290
0
176
1
 90
50
176
1
 62
256
176
0
 40
1.0
176
0
 90
2
176
1
  1
strokes_ogs.tif
176
1
290
0
176
1
 40
1.0
176
1
 40
1.0
176
1
  0
VISUALSTYLE
  5
64
102
{ACAD_REACTORS
330
16
102
}
330
16
100
AcDbVisualStyle
  2
Gouraud
 70
2
177
3
291
1
 70
58
 90
2
176
1
 90
2
176
1
 90
0
176
1
 90
2
176
1
 40
0.6
176
1
 40
30.0
176
1
 62
7
420
16777215
176
1
 90
1
176
1
 90
4
176
1
 62
7
176
1
 62
257
176
1
 90
1
176
1
 90
1
176
1
 40
1.0
176
1
 90
8
176
1
 62
7
176
1
 40
1.0
176
1
 90
1
176
1
 90
6
176
1
 90
2
176
1
 62
7
176
1
 90
5
176
1
 90
0
176
1
 90
0
176
1
290
0
176
1
 90
1
176
1
 40
0.0
176
1
 90
0
176
1
290
0
176
1
290
1
176
1
290
1
176
1
290
0
176
1
290
0
176
1
290
0
176
1
290
0
176
1
290
0
176
1
290
0
176
1
 90
50
176
1
 40
0.0
176
1
 40
1.0
176
1
 90
0
176
1
 62
18
420
0
176
1
 90
50
176
1
 90
3
176
1
 62
5
420
255
176
1
290
0
176
1
 90
50
176
1
 90
50
176
1
 90
50
176
1
290
0
176
1
 90
50
176
1
 62
256
176
0
 40
1.0
176
0
 90
2
176
1
  1
strokes_ogs.tif
176
1
290
0
176
1
 40
1.0
176
1
 40
1.0
176
1
  0
VISUALSTYLE
  5
65
102
{ACAD_REACTORS
330
16
102
}
330
16
100
AcDbVisualStyle
  2
GouraudWithEdges
 70
3
177
3
291
1
 70
58
 90
2
176
1
 90
2
176
1
 90
0
176
1
 90
2
176
1
 40
0.6
176
1
 40
30.0
176
1
 62
7
420
16777215
176
1
 90
1
176
1
 90
4
176
1
 62
7
176
1
 62
257
176
1
 90
1
176
1
 90
1
176
1
 40
1.0
176
1
 90
8
176
1
 62
7
176
1
 40
1.0
176
1
 90
1
176
1
 90
6
176
1
 90
2
176
1
 62
7
176
1
 90
5
176
1
 90
0
176
1
 90
0
176
1
290
0
176
1
 90
1
176
1
 40
0.0
176
1
 90
0
176
1
290
0
176
1
290
1
176
1
290
1
176
1
290
0
176
1
290
0
176
1
290
0
176
1
290
0
176
1
290
0
176
1
290
0
176
1
 90
50
176
1
 40
0.0
176
1
 40
1.0
176
1
 90
0
176
1
 62
18
420
0
176
1
 90
50
176
1
 90
3
176
1
 62
5
420
255
176
1
290
0
176
1
 90
50
176
1
 90
50
176
1
 90
50
176
1
290
0
176
1
 90
50
176
1
 62
256
176
0
 40
1.0
176
0
 90
2
176
1
  1
strokes_ogs.tif
176
1
290
0
176
1
 40
1.0
176
1
 40
1.0
176
1
  0
VISUALSTYLE
  5
66
102
{ACAD_REACTORS
330
16
102
}
330
16
100
AcDbVisualStyle
  2
Hidden
 70
6
177
3
291
0
 70
58
 90
2
176
1
 90
2
176
1
 90
0
176
1
 90
1
176
1
 40
0.6
176
1
 40
30.0
176
1
 62
7
420
16777215
176
1
 90
1
176
1
 90
4
176
1
 62
7
176
1
 62
257
176
1
 90
1
176
1
 90
1
176
1
 40
1.0
176
1
 90
8
176
1
 62
7
176
1
 40
1.0
176
1
 90
1
176
1
 90
6
176
1
 90
2
176
1
 62
7
176
1
 90
5
176
1
 90
0
176
1
 90
0
176
1
290
0
176
1
 90
1
176
1
 40
0.0
176
1
 90
0
176
1
290
0
176
1
290
1
176
1
290
1
176
1
290
0
176
1
290
0
176
1
290
0
176
1
290
0
176
1
290
0
176
1
290
0
176
1
 90
50
176
1
 40
0.0
176
1
 40
1.0
176
1
 90
0
176
1
 62
18
420
0
176
1
 90
50
176
1
 90
3
176
1
 62
5
420
255
176
1
290
0
176
1
 90
50
176
1
 90
50
176
1
 90
50
176
1
290
0
176
1
 90
50
176
1
 62
256
176
0
 40
1.0
176
0
 90
2
176
1
  1
strokes_ogs.tif
176
1
290
0
176
1
 40
1.0
176
1
 40
1.0
176
1
  0
VISUALSTYLE
  5
67
102
{ACAD_REACTORS
330
16
102
}
330
16
100
AcDbVisualStyle
  2
JitterOff
 70
20
177
3
291
1
 70
58
 90
2
176
1
 90
2
176
1
 90
0
176
1
 90
2
176
1
 40
0.6
176
1
 40
30.0
176
1
 62
7
420
16777215
176
1
 90
1
176
1
 90
4
176
1
 62
7
176
1
 62
257
176
1
 90
1
176
1
 90
1
176
1
 40
1.0
176
1
 90
8
176
1
 62
7
176
1
 40
1.0
176
1
 90
1
176
1
 90
6
176
1
 90
2
176
1
 62
7
176
1
 90
5
176
1
 90
0
176
1
 90
0
176
1
290
0
176
1
 90
1
176
1
 40
0.0
176
1
 90
0
176
1
290
0
176
1
290
1
176
1
290
1
176
1
290
0
176
1
290
0
176
1
290
0
176
1
290
0
176
1
290
0
176
1
290
0
176
1
 90
50
176
1
 40
0.0
176
1
 40
1.0
176
1
 90
0
176
1
 62
18
420
0
176
1
 90
50
176
1
 90
3
176
1
 62
5
420
255
176
1
290
0
176
1
 90
50
176
1
 90
50
176
1
 90
50
176
1
290
0
176
1
 90
50
176
1
 62
256
176
0
 40
1.0
176
0
 90
2
176
1
  1
strokes_ogs.tif
176
1
290
0
176
1
 40
1.0
176
1
 40
1.0
176
1
  0
VISUALSTYLE
  5
68
102
{ACAD_REACTORS
330
16
102
}
330
16
100
AcDbVisualStyle
  2
Linepattern
 70
14
177
3
291
1
 70
58
 90
2
176
1
 90
2
176
1
 90
0
176
1
 90
2
176
1
 40
0.6
176
1
 40
30.0
176
1
 62
7
420
16777215
176
1
 90
1
176
1
 90
4
176
1
 62
7
176
1
 62
257
176
1
 90
1
176
1
 90
1
176
1
 40
1.0
176
1
 90
8
176
1
 62
7
176
1
 40
1.0
176
1
 90
1
176
1
 90
6
176
1
 90
2
176
1
 62
7
176
1
 90
5
176
1
 90
0
176
1
 90
0
176
1
290
0
176
1
 90
1
176
1
 40
0.0
176
1
 90
0
176
1
290
0
176
1
290
1
176
1
290
1
176
1
290
0
176
1
290
0
176
1
290
0
176
1
290
0
176
1
290
0
176
1
290
0
176
1
 90
50
176
1
 40
0.0
176
1
 40
1.0
176
1
 90
0
176
1
 62
18
420
0
176
1
 90
50
176
1
 90
3
176
1
 62
5
420
255
176
1
290
0
176
1
 90
50
176
1
 90
50
176
1
 90
50
176
1
290
0
176
1
 90
50
176
1
 62
256
176
0
 40
1.0
176
0
 90
2
176
1
  1
strokes_ogs.tif
176
1
290
0
176
1
 40
1.0
176
1
 40
1.0
176
1
  0
VISUALSTYLE
  5
69
102
{ACAD_REACTORS
330
16
102
}
330
16
100
AcDbVisualStyle
  2
Modeling
 70
10
177
3
291
0
 70
58
 90
2
176
1
 90
2
176
1
 90
0
176
1
 90
2
176
1
 40
0.6
176
1
 40
30.0
176
1
 62
7
420
16777215
176
1
 90
1
176
1
 90
4
176
1
 62
7
176
1
 62
257
176
1
 90
1
176
1
 90
1
176
1
 40
1.0
176
1
 90
8
176
1
 62
7
176
1
 40
1.0
176
1
 90
1
176
1
 90
6
176
1
 90
2
176
1
 62
7
176
1
 90
5
176
1
 90
0
176
1
 90
0
176
1
290
0
176
1
 90
1
176
1
 40
0.0
176
1
 90
0
176
1
290
0
176
1
290
1
176
1
290
1
176
1
290
0
176
1
290
0
176
1
290
0
176
1
290
0
176
1
290
0
176
1
290
0
176
1
 90
50
176
1
 40
0.0
176
1
 40
1.0
176
1
 90
0
176
1
 62
18
420
0
176
1
 90
50
176
1
 90
3
176
1
 62
5
420
255
176
1
290
0
176
1
 90
50
176
1
 90
50
176
1
 90
50
176
1
290
0
176
1
 90
50
176
1
 62
256
176
0
 40
1.0
176
0
 90
2
176
1
  1
strokes_ogs.tif
176
1
290
0
176
1
 40
1.0
176
1
 40
1.0
176
1
  0
VISUALSTYLE
  5
6A
102
{ACAD_REACTORS
330
16
102
}
330
16
100
AcDbVisualStyle
  2
OverhangOff
 70
21
177
3
291
1
 70
58
 90
2
176
1
 90
2
176
1
 90
0
176
1
 90
2
176
1
 40
0.6
176
1
 40
30.0
176
1
 62
7
420
16777215
176
1
 90
1
176
1
 90
4
176
1
 62
7
176
1
 62
257
176
1
 90
1
176
1
 90
1
176
1
 40
1.0
176
1
 90
8
176
1
 62
7
176
1
 40
1.0
176
1
 90
1
176
1
 90
6
176
1
 90
2
176
1
 62
7
176
1
 90
5
176
1
 90
0
176
1
 90
0
176
1
290
0
176
1
 90
1
176
1
 40
0.0
176
1
 90
0
176
1
290
0
176
1
290
1
176
1
290
1
176
1
290
0
176
1
290
0
176
1
290
0
176
1
290
0
176
1
290
0
176
1
290
0
176
1
 90
50
176
1
 40
0.0
176
1
 40
1.0
176
1
 90
0
176
1
 62
18
420
0
176
1
 90
50
176
1
 90
3
176
1
 62
5
420
255
176
1
290
0
176
1
 90
50
176
1
 90
50
176
1
 90
50
176
1
290
0
176
1
 90
50
176
1
 62
256
176
0
 40
1.0
176
0
 90
2
176
1
  1
strokes_ogs.tif
176
1
290
0
176
1
 40
1.0
176
1
 40
1.0
176
1
  0
VISUALSTYLE
  5
6B
102
{ACAD_REACTORS
330
16
102
}
330
16
100
AcDbVisualStyle
  2
Realistic
 70
8
177
3
291
0
 70
58
 90
2
176
1
 90
2
176
1
 90
0
176
1
 90
2
176
1
 40
0.6
176
1
 40
30.0
176
1
 62
7
420
16777215
176
1
 90
1
176
1
 90
4
176
1
 62
7
176
1
 62
257
176
1
 90
1
176
1
 90
1
176
1
 40
1.0
176
1
 90
8
176
1
 62
7
176
1
 40
1.0
176
1
 90
1
176
1
 90
6
176
1
 90
2
176
1
 62
7
176
1
 90
5
176
1
 90
0
176
1
 90
0
176
1
290
0
176
1
 90
1
176
1
 40
0.0
176
1
 90
0
176
1
290
0
176
1
290
1
176
1
290
1
176
1
290
0
176
1
290
0
176
1
290
0
176
1
290
0
176
1
290
0
176
1
290
0
176
1
 90
50
176
1
 40
0.0
176
1
 40
1.0
176
1
 90
0
176
1
 62
18
420
0
176
1
 90
50
176
1
 90
3
176
1
 62
5
420
255
176
1
290
0
176
1
 90
50
176
1
 90
50
176
1
 90
50
176
1
290
0
176
1
 90
50
176
1
 62
256
176
0
 40
1.0
176
0
 90
2
176
1
  1
strokes_ogs.tif
176
1
290
0
176
1
 40
1.0
176
1
 40
1.0
176
1
  0
VISUALSTYLE
  5
6C
102
{ACAD_REACTORS
330
16
102
}
330
16
100
AcDbVisualStyle
  2
Shaded
 70
27
177
3
291
0
 70
58
 90
2
176
1
 90
2
176
1
 90
0
176
1
 90
2
176
1
 40
0.6
176
1
 40
30.0
176
1
 62
7
420
16777215
176
1
 90
1
176
1
 90
4
176
1
 62
7
176
1
 62
257
176
1
 90
1
176
1
 90
1
176
1
 40
1.0
176
1
 90
8
176
1
 62
7
176
1
 40
1.0
176
1
 90
1
176
1
 90
6
176
1
 90
2
176
1
 62
7
176
1
 90
5
176
1
 90
0
176
1
 90
0
176
1
290
0
176
1
 90
1
176
1
 40
0.0
176
1
 90
0
176
1
290
0
176
1
290
1
176
1
290
1
176
1
290
0
176
1
290
0
176
1
290
0
176
1
290
0
176
1
290
0
176
1
290
0
176
1
 90
50
176
1
 40
0.0
176
1
 40
1.0
176
1
 90
0
176
1
 62
18
420
0
176
1
 90
50
176
1
 90
3
176
1
 62
5
420
255
176
1
290
0
176
1
 90
50
176
1
 90
50
176
1
 90
50
176
1
290
0
176
1
 90
50
176
1
 62
256
176
0
 40
1.0
176
0
 90
2
176
1
  1
strokes_ogs.tif
176
1
290
0
176
1
 40
1.0
176
1
 40
1.0
176
1
  0
VISUALSTYLE
  5
6D
102
{ACAD_REACTORS
330
16
102
}
330
16
100
AcDbVisualStyle
  2
Shaded with edges
 70
26
177
3
291
0
 70
58
 90
2
176
1
 90
2
176
1
 90
0
176
1
 90
2
176
1
 40
0.6
176
1
 40
30.0
176
1
 62
7
420
16777215
176
1
 90
1
176
1
 90
4
176
1
 62
7
176
1
 62
257
176
1
 90
1
176
1
 90
1
176
1
 40
1.0
176
1
 90
8
176
1
 62
7
176
1
 40
1.0
176
1
 90
1
176
1
 90
6
176
1
 90
2
176
1
 62
7
176
1
 90
5
176
1
 90
0
176
1
 90
0
176
1
290
0
176
1
 90
1
176
1
 40
0.0
176
1
 90
0
176
1
290
0
176
1
290
1
176
1
290
1
176
1
290
0
176
1
290
0
176
1
290
0
176
1
290
0
176
1
290
0
176
1
290
0
176
1
 90
50
176
1
 40
0.0
176
1
 40
1.0
176
1
 90
0
176
1
 62
18
420
0
176
1
 90
50
176
1
 90
3
176
1
 62
5
420
255
176
1
290
0
176
1
 90
50
176
1
 90
50
176
1
 90
50
176
1
290
0
176
1
 90
50
176
1
 62
256
176
0
 40
1.0
176
0
 90
2
176
1
  1
strokes_ogs.tif
176
1
290
0
176
1
 40
1.0
176
1
 40
1.0
176
1
  0
VISUALSTYLE
  5
6E
102
{ACAD_REACTORS
330
16
102
}
330
16
100
AcDbVisualStyle
  2
Shades of Gray
 70
23
177
3
291
0
 70
58
 90
2
176
1
 90
2
176
1
 90
0
176
1
 90
2
176
1
 40
0.6
176
1
 40
30.0
176
1
 62
7
420
16777215
176
1
 90
1
176
1
 90
4
176
1
 62
7
176
1
 62
257
176
1
 90
1
176
1
 90
1
176
1
 40
1.0
176
1
 90
8
176
1
 62
7
176
1
 40
1.0
176
1
 90
1
176
1
 90
6
176
1
 90
2
176
1
 62
7
176
1
 90
5
176
1
 90
0
176
1
 90
0
176
1
290
0
176
1
 90
1
176
1
 40
0.0
176
1
 90
0
176
1
290
0
176
1
290
1
176
1
290
1
176
1
290
0
176
1
290
0
176
1
290
0
176
1
290
0
176
1
290
0
176
1
290
0
176
1
 90
50
176
1
 40
0.0
176
1
 40
1.0
176
1
 90
0
176
1
 62
18
420
0
176
1
 90
50
176
1
 90
3
176
1
 62
5
420
255
176
1
290
0
176
1
 90
50
176
1
 90
50
176
1
 90
50
176
1
290
0
176
1
 90
50
176
1
 62
256
176
0
 40
1.0
176
0
 90
2
176
1
  1
strokes_ogs.tif
176
1
290
0
176
1
 40
1.0
176
1
 40
1.0
176
1
  0
VISUALSTYLE
  5
6F
102
{ACAD_REACTORS
330
16
102
}
330
16
100
AcDbVisualStyle
  2
Sketchy
 70
24
177
3
291
0
 70
58
 90
2
176
1
 90
2
176
1
 90
0
176
1
 90
1
176
1
 40
0.6
176
1
 40
30.0
176
1
 62
7
420
16777215
176
1
 90
1
176
1
 90
4
176
1
 62
7
176
1
 62
257
176
1
 90
1
176
1
 90
1
176
1
 40
1.0
176
1
 90
8
176
1
 62
7
176
1
 40
1.0
176
1
 90
1
176
1
 90
6
176
1
 90
2
176
1
 62
7
176
1
 90
5
176
1
 90
0
176
1
 90
0
176
1
290
0
176
1
 90
1
176
1
 40
0.0
176
1
 90
0
176
1
290
0
176
1
290
1
176
1
290
1
176
1
290
0
176
1
290
0
176
1
290
0
176
1
290
0
176
1
290
0
176
1
290
0
176
1
 90
50
176
1
 40
0.0
176
1
 40
1.0
176
1
 90
0
176
1
 62
18
420
0
176
1
 90
50
176
1
 90
3
176
1
 62
5
420
255
176
1
290
0
176
1
 90
50
176
1
 90
50
176
1
 90
50
176
1
290
0
176
1
 90
50
176
1
 62
256
176
0
 40
1.0
176
0
 90
2
176
1
  1
strokes_ogs.tif
176
1
290
0
176
1
 40
1.0
176
1
 40
1.0
176
1
  0
VISUALSTYLE
  5
70
102
{ACAD_REACTORS
330
16
102
}
330
16
100
AcDbVisualStyle
  2
Thicken
 70
13
177
3
291
1
 70
58
 90
2
176
1
 90
2
176
1
 90
0
176
1
 90
2
176
1
 40
0.6
176
1
 40
30.0
176
1
 62
7
420
16777215
176
1
 90
1
176
1
 90
4
176
1
 62
7
176
1
 62
257
176
1
 90
1
176
1
 90
1
176
1
 40
1.0
176
1
 90
8
176
1
 62
7
176
1
 40
1.0
176
1
 90
1
176
1
 90
6
176
1
 90
2
176
1
 62
7
176
1
 90
5
176
1
 90
0
176
1
 90
0
176
1
290
0
176
1
 90
1
176
1
 40
0.0
176
1
 90
0
176
1
290
0
176
1
290
1
176
1
290
1
176
1
290
0
176
1
290
0
176
1
290
0
176
1
290
0
176
1
290
0
176
1
290
0
176
1
 90
50
176
1
 40
0.0
176
1
 40
1.0
176
1
 90
0
176
1
 62
18
420
0
176
1
 90
50
176
1
 90
3
176
1
 62
5
420
255
176
1
290
0
176
1
 90
50
176
1
 90
50
176
1
 90
50
176
1
290
0
176
1
 90
50
176
1
 62
256
176
0
 40
1.0
176
0
 90
2
176
1
  1
strokes_ogs.tif
176
1
290
0
176
1
 40
1.0
176
1
 40
1.0
176
1
  0
VISUALSTYLE
  5
71
102
{ACAD_REACTORS
330
16
102
}
330
16
100
AcDbVisualStyle
  2
Wireframe
 70
5
177
3
291
0
 70
58
 90
2
176
1
 90
2
176
1
 90
0
176
1
 90
0
176
1
 40
0.6
176
1
 40
30.0
176
1
 62
7
420
16777215
176
1
 90
1
176
1
 90
4
176
1
 62
7
176
1
 62
257
176
1
 90
1
176
1
 90
1
176
1
 40
1.0
176
1
 90
8
176
1
 62
7
176
1
 40
1.0
176
1
 90
1
176
1
 90
6
176
1
 90
2
176
1
 62
7
176
1
 90
5
176
1
 90
0
176
1
 90
0
176
1
290
0
176
1
 90
1
176
1
 40
0.0
176
1
 90
0
176
1
290
0
176
1
290
1
176
1
290
1
176
1
290
0
176
1
290
0
176
1
290
0
176
1
290
0
176
1
290
0
176
1
290
0
176
1
 90
50
176
1
 40
0.0
176
1
 40
1.0
176
1
 90
0
176
1
 62
18
420
0
176
1
 90
50
176
1
 90
3
176
1
 62
5
420
255
176
1
290
0
176
1
 90
50
176
1
 90
50
176
1
 90
50
176
1
290
0
176
1
 90
50
176
1
 62
256
176
0
 40
1.0
176
0
 90
2
176
1
  1
strokes_ogs.tif
176
1
290
0
176
1
 40
1.0
176
1
 40
1.0
176
1
  0
VISUALSTYLE
  5
72
102
{ACAD_REACTORS
330
16
102
}
330
16
100
AcDbVisualStyle
  2
X-Ray
 70
25
177
3
291
0
 70
58
 90
2
176
1
 90
2
176
1
 90
0
176
1
 90
2
176
1
 40
0.5
176
1
 40
30.0
176
1
 62
7
420
16777215
176
1
 90
1
176
1
 90
4
176
1
 62
7
176
1
 62
257
176
1
 90
1
176
1
 90
1
176
1
 40
1.0
176
1
 90
8
176
1
 62
7
176
1
 40
1.0
176
1
 90
1
176
1
 90
6
176
1
 90
2
176
1
 62
7
176
1
 90
5
176
1
 90
0
176
1
 90
0
176
1
290
0
176
1
 90
1
176
1
 40
0.0
176
1
 90
0
176
1
290
0
176
1
290
1
176
1
290
1
176
1
290
0
176
1
290
0
176
1
290
0
176
1
290
0
176
1
290
0
176
1
290
0
176
1
 90
50
176
1
 40
0.0
176
1
 40
1.0
176
1
 90
0
176
1
 62
18
420
0
176
1
 90
50
176
1
 90
3
176
1
 62
5
420
255
176
1
290
0
176
1
 90
50
176
1
 90
50
176
1
 90
50
176
1
290
0
176
1
 90
50
176
1
 62
256
176
0
 40
1.0
176
0
 90
2
176
1
  1
strokes_ogs.tif
176
1
290
0
176
1
 40
1.0
176
1
 40
1.0
176
1
  0
DICTIONARYVAR
  5
5AC
330
2D
100
DictionaryVariables
280
0
  1
1.4.4 @ 2026-09-18T05:33:32.768917+00:00
  0
ENDSEC
  0
EOF
